2025-04-03 23:35:20,592 - app - INFO - 上传目录已存在: E:\Code\jisheeeg\uploads
2025-04-03 23:35:20,594 - app - INFO - 服务启动在 http://127.0.0.1:5001
2025-04-03 23:35:20,594 - app - INFO - 上传目录: E:\Code\jisheeeg\uploads
2025-04-03 23:36:15,194 - app - INFO - 收到分析请求
2025-04-03 23:36:15,194 - app - INFO - 获得URL地址: http://st2f6c92m.hb-bkt.clouddn.com/89c50d52-b818-4394-b644-c36018c7c719.edf, 正在下载文件
2025-04-03 23:36:15,195 - app - INFO - 生成时间戳: 1743694575
2025-04-03 23:36:15,195 - app - INFO - 开始下载文件
2025-04-03 23:36:15,394 - app - INFO - HTTP请求成功
2025-04-03 23:36:15,394 - app - INFO - 从URL提取的原始文件名: 89c50d52-b818-4394-b644-c36018c7c719.edf
2025-04-03 23:36:15,394 - app - INFO - 设置保存路径: E:\Code\jisheeeg\uploads\1743694575_89c50d52-b818-4394-b644-c36018c7c719.edf
2025-04-03 23:36:15,394 - app - INFO - 开始保存文件
2025-04-03 23:36:32,300 - app - INFO - 文件已下载到: E:\Code\jisheeeg\uploads\1743694575_89c50d52-b818-4394-b644-c36018c7c719.edf
2025-04-03 23:36:32,300 - app - INFO - 开始调用testdemo函数进行发作检测
2025-04-03 23:37:29,844 - app - INFO - 检测结果: start_time=2997.0, end_time=3039.0
2025-04-03 23:37:29,846 - app - INFO - 检测到发作，开始计算风险等级
2025-04-03 23:37:29,846 - app - INFO - 调用风险评估算法
2025-04-03 23:37:29,847 - app - INFO - 开始风险等级计算
2025-04-03 23:37:29,847 - app - INFO - 发作持续时间: 42.0秒
2025-04-03 23:37:29,847 - app - INFO - 长时发作，基础风险分数: 85
2025-04-03 23:37:29,848 - app - INFO - 发作强度因子: 4.2
2025-04-03 23:37:29,848 - app - INFO - 最终风险评分: 89.2
2025-04-03 23:37:29,848 - app - INFO - 风险等级>=80，严重异常
2025-04-03 23:37:29,849 - app - INFO - 异常放电次数: 23, 节律类型: 严重不规则, 频率类型: 以δ波为主，伴有尖慢波复合
2025-04-03 23:37:29,849 - app - INFO - 准备返回结果，风险等级: 89
2025-04-03 23:37:29,850 - app - INFO - 分析请求处理完成
2025-04-03 23:39:17,533 - app - INFO - 上传目录已存在: E:\Code\jisheeeg\uploads
2025-04-03 23:39:17,535 - app - INFO - 服务启动在 http://127.0.0.1:5001
2025-04-03 23:39:17,535 - app - INFO - 上传目录: E:\Code\jisheeeg\uploads
2025-04-04 00:28:42,753 - app - INFO - 收到特征提取请求
2025-04-04 00:28:42,767 - app - INFO - 设置matplotlib后端为Agg
2025-04-04 00:28:42,767 - app - INFO - 获得URL地址: http://st2f6c92m.hb-bkt.clouddn.com/7e5a321c-682d-48ce-a6f5-062e210969ad.edf
2025-04-04 00:28:42,768 - app - INFO - 生成时间戳: 1743697722
2025-04-04 00:28:42,768 - app - INFO - 开始下载文件
2025-04-04 00:28:43,061 - app - INFO - HTTP请求成功
2025-04-04 00:28:43,062 - app - INFO - 从URL提取的原始文件名: 7e5a321c-682d-48ce-a6f5-062e210969ad.edf
2025-04-04 00:28:43,062 - app - INFO - 设置保存路径: E:\Code\jisheeeg\uploads\1743697722_7e5a321c-682d-48ce-a6f5-062e210969ad.edf
2025-04-04 00:28:43,062 - app - INFO - 开始保存文件
2025-04-04 00:29:00,057 - app - INFO - 文件已下载到: E:\Code\jisheeeg\uploads\1743697722_7e5a321c-682d-48ce-a6f5-062e210969ad.edf
2025-04-04 00:29:00,057 - app - INFO - 开始特征提取过程
2025-04-04 00:29:00,057 - app - INFO - 依次运行各个特征提取
2025-04-04 00:29:00,058 - app - INFO - 开始零交叉特征提取
2025-04-04 00:29:08,805 - app - INFO - 零交叉特征提取完成，获得6个结果
2025-04-04 00:29:08,806 - app - INFO - 开始STFT特征提取
2025-04-04 00:29:25,600 - app - INFO - STFT特征提取完成，获得6个结果
2025-04-04 00:29:25,601 - app - INFO - 开始DWT特征提取
2025-04-04 00:29:49,242 - app - INFO - DWT特征提取完成，获得6个结果
2025-04-04 00:29:49,256 - app - INFO - 所有特征提取完成
2025-04-04 00:29:49,256 - app - INFO - 准备返回特征提取结果
2025-04-04 00:29:49,257 - app - INFO - 特征提取请求处理完成，清理临时文件
2025-04-04 00:29:49,263 - app - INFO - 临时文件已删除: E:\Code\jisheeeg\uploads\1743697722_7e5a321c-682d-48ce-a6f5-062e210969ad.edf
2025-04-04 01:27:36,149 - app - INFO - 上传目录已存在: E:\Code\jisheeeg\uploads
2025-04-04 01:27:36,153 - app - INFO - 服务启动在 http://127.0.0.1:5001
2025-04-04 01:27:36,155 - app - INFO - 上传目录: E:\Code\jisheeeg\uploads
2025-04-04 01:27:41,736 - app - INFO - 上传目录已存在: E:\Code\jisheeeg\uploads
2025-04-04 01:27:41,738 - app - INFO - 服务启动在 http://127.0.0.1:5001
2025-04-04 01:27:41,738 - app - INFO - 上传目录: E:\Code\jisheeeg\uploads
2025-04-04 02:21:52,142 - app - INFO - 上传目录已存在: E:\Code\jisheeeg\uploads
2025-04-04 02:21:52,145 - app - INFO - 服务启动在 http://127.0.0.1:5001
2025-04-04 02:21:52,145 - app - INFO - 上传目录: E:\Code\jisheeeg\uploads
2025-04-04 02:21:56,734 - app - INFO - 上传目录已存在: E:\Code\jisheeeg\uploads
2025-04-04 02:21:56,736 - app - INFO - 服务启动在 http://127.0.0.1:5001
2025-04-04 02:21:56,736 - app - INFO - 上传目录: E:\Code\jisheeeg\uploads
2025-04-04 02:38:52,834 - app - INFO - 收到特征提取请求
2025-04-04 02:38:52,839 - app - INFO - 设置matplotlib后端为Agg
2025-04-04 02:38:52,839 - app - INFO - 获得URL地址: http://st2f6c92m.hb-bkt.clouddn.com/813641f0-f3c9-4408-acf3-08fedabcafab.edf
2025-04-04 02:38:52,839 - app - INFO - 生成时间戳: 1743705532
2025-04-04 02:38:52,839 - app - INFO - 开始下载文件
2025-04-04 02:38:53,043 - app - INFO - HTTP请求成功
2025-04-04 02:38:53,043 - app - INFO - 从URL提取的原始文件名: 813641f0-f3c9-4408-acf3-08fedabcafab.edf
2025-04-04 02:38:53,044 - app - INFO - 设置保存路径: E:\Code\jisheeeg\uploads\1743705532_813641f0-f3c9-4408-acf3-08fedabcafab.edf
2025-04-04 02:38:53,044 - app - INFO - 开始保存文件
2025-04-04 02:39:10,058 - app - INFO - 文件已下载到: E:\Code\jisheeeg\uploads\1743705532_813641f0-f3c9-4408-acf3-08fedabcafab.edf
2025-04-04 02:39:10,058 - app - INFO - 开始特征提取过程
2025-04-04 02:39:10,059 - app - INFO - 依次运行各个特征提取
2025-04-04 02:39:10,059 - app - INFO - 开始零交叉特征提取
2025-04-04 02:39:18,839 - app - INFO - 零交叉特征提取完成，获得6个结果
2025-04-04 02:39:18,840 - app - INFO - 开始STFT特征提取
2025-04-04 02:39:36,296 - app - INFO - STFT特征提取完成，获得6个结果
2025-04-04 02:39:36,296 - app - INFO - 开始DWT特征提取
2025-04-04 02:39:58,953 - app - INFO - DWT特征提取完成，获得6个结果
2025-04-04 02:39:58,968 - app - INFO - 所有特征提取完成
2025-04-04 02:39:58,968 - app - INFO - 准备返回特征提取结果
2025-04-04 02:39:58,969 - app - INFO - 特征提取请求处理完成，清理临时文件
2025-04-04 02:39:58,973 - app - INFO - 临时文件已删除: E:\Code\jisheeeg\uploads\1743705532_813641f0-f3c9-4408-acf3-08fedabcafab.edf
2025-04-04 02:44:43,688 - app - INFO - 收到特征提取请求
2025-04-04 02:44:43,688 - app - INFO - 设置matplotlib后端为Agg
2025-04-04 02:44:43,689 - app - INFO - 获得URL地址: http://st2f6c92m.hb-bkt.clouddn.com/3a4244b6-4848-49dd-bd3f-3921ffcb7738.edf
2025-04-04 02:44:43,689 - app - INFO - 生成时间戳: 1743705883
2025-04-04 02:44:43,690 - app - INFO - 开始下载文件
2025-04-04 02:44:43,862 - app - INFO - HTTP请求成功
2025-04-04 02:44:43,862 - app - INFO - 从URL提取的原始文件名: 3a4244b6-4848-49dd-bd3f-3921ffcb7738.edf
2025-04-04 02:44:43,862 - app - INFO - 设置保存路径: E:\Code\jisheeeg\uploads\1743705883_3a4244b6-4848-49dd-bd3f-3921ffcb7738.edf
2025-04-04 02:44:43,862 - app - INFO - 开始保存文件
2025-04-04 02:45:00,799 - app - INFO - 文件已下载到: E:\Code\jisheeeg\uploads\1743705883_3a4244b6-4848-49dd-bd3f-3921ffcb7738.edf
2025-04-04 02:45:00,799 - app - INFO - 开始特征提取过程
2025-04-04 02:45:00,799 - app - INFO - 依次运行各个特征提取
2025-04-04 02:45:00,799 - app - INFO - 开始零交叉特征提取
2025-04-04 02:45:05,569 - app - INFO - 零交叉特征提取完成，获得6个结果
2025-04-04 02:45:05,570 - app - INFO - 开始STFT特征提取
2025-04-04 02:45:23,160 - app - INFO - STFT特征提取完成，获得6个结果
2025-04-04 02:45:23,160 - app - INFO - 开始DWT特征提取
2025-04-04 02:45:47,413 - app - INFO - DWT特征提取完成，获得6个结果
2025-04-04 02:45:47,426 - app - INFO - 所有特征提取完成
2025-04-04 02:45:47,427 - app - INFO - 准备返回特征提取结果
2025-04-04 02:45:47,427 - app - INFO - 特征提取请求处理完成，清理临时文件
2025-04-04 02:45:47,434 - app - INFO - 临时文件已删除: E:\Code\jisheeeg\uploads\1743705883_3a4244b6-4848-49dd-bd3f-3921ffcb7738.edf
2025-04-04 10:47:46,667 - app - INFO - 上传目录已存在: E:\Code\jisheeeg\uploads
2025-04-04 10:47:46,669 - app - INFO - 服务启动在 http://127.0.0.1:5001
2025-04-04 10:47:46,670 - app - INFO - 上传目录: E:\Code\jisheeeg\uploads
2025-04-04 10:47:51,817 - app - INFO - 上传目录已存在: E:\Code\jisheeeg\uploads
2025-04-04 10:47:51,818 - app - INFO - 服务启动在 http://127.0.0.1:5001
2025-04-04 10:47:51,818 - app - INFO - 上传目录: E:\Code\jisheeeg\uploads
2025-04-04 11:45:23,046 - app - INFO - 上传目录已存在: E:\Code\jisheeeg\uploads
2025-04-04 11:45:23,048 - app - INFO - 服务启动在 http://127.0.0.1:5001
2025-04-04 11:45:23,048 - app - INFO - 上传目录: E:\Code\jisheeeg\uploads
2025-04-04 11:45:27,256 - app - INFO - 上传目录已存在: E:\Code\jisheeeg\uploads
2025-04-04 11:45:27,258 - app - INFO - 服务启动在 http://127.0.0.1:5001
2025-04-04 11:45:27,258 - app - INFO - 上传目录: E:\Code\jisheeeg\uploads
2025-04-04 11:59:25,555 - app - INFO - 上传目录已存在: E:\Code\jisheeeg\uploads
2025-04-04 11:59:25,559 - app - INFO - 服务启动在 http://127.0.0.1:5001
2025-04-04 11:59:25,559 - app - INFO - 上传目录: E:\Code\jisheeeg\uploads
2025-04-04 11:59:29,152 - app - INFO - 上传目录已存在: E:\Code\jisheeeg\uploads
2025-04-04 11:59:29,153 - app - INFO - 服务启动在 http://127.0.0.1:5001
2025-04-04 11:59:29,154 - app - INFO - 上传目录: E:\Code\jisheeeg\uploads
2025-04-04 12:54:35,221 - app - INFO - 收到特征提取请求
2025-04-04 12:54:35,230 - app - INFO - 设置matplotlib后端为Agg
2025-04-04 12:54:35,230 - app - INFO - 获得URL地址: http://st2f6c92m.hb-bkt.clouddn.com/513502ff-abd2-4032-928d-8abcfaf75bdb.edf
2025-04-04 12:54:35,230 - app - INFO - 生成时间戳: 1743742475
2025-04-04 12:54:35,231 - app - INFO - 开始下载文件
2025-04-04 12:54:35,499 - app - INFO - HTTP请求成功
2025-04-04 12:54:35,500 - app - INFO - 从URL提取的原始文件名: 513502ff-abd2-4032-928d-8abcfaf75bdb.edf
2025-04-04 12:54:35,500 - app - INFO - 设置保存路径: E:\Code\jisheeeg\uploads\1743742475_513502ff-abd2-4032-928d-8abcfaf75bdb.edf
2025-04-04 12:54:35,500 - app - INFO - 开始保存文件
2025-04-04 12:54:52,510 - app - INFO - 文件已下载到: E:\Code\jisheeeg\uploads\1743742475_513502ff-abd2-4032-928d-8abcfaf75bdb.edf
2025-04-04 12:54:52,510 - app - INFO - 开始特征提取过程
2025-04-04 12:54:52,510 - app - INFO - 依次运行各个特征提取
2025-04-04 12:54:52,510 - app - INFO - 开始零交叉特征提取
2025-04-04 12:54:57,308 - app - ERROR - 零交叉特征提取失败: [Errno 22] Invalid argument
Traceback (most recent call last):
  File "E:\Code\jisheeeg\func\uploadFile.py", line 34, in upload_file
    print(file_url)
OSError: [Errno 22] Invalid argument

During handling of the above exception, another exception occurred:

Traceback (most recent call last):
  File "E:\Code\jisheeeg\app.py", line 300, in run_zero_crossing
    _, _, result = process_and_visualize_eeg(
  File "E:\Code\jisheeeg\func\zero_crossings_featureextraction.py", line 104, in process_and_visualize_eeg
    url = upload_file(img_path)
  File "E:\Code\jisheeeg\func\uploadFile.py", line 39, in upload_file
    print(f"上传出错: {str(e)}")
OSError: [Errno 22] Invalid argument
2025-04-04 12:54:57,312 - app - ERROR - 特征提取过程出错: [Errno 22] Invalid argument
Traceback (most recent call last):
  File "E:\Code\jisheeeg\func\uploadFile.py", line 34, in upload_file
    print(file_url)
OSError: [Errno 22] Invalid argument

During handling of the above exception, another exception occurred:

Traceback (most recent call last):
  File "E:\Code\jisheeeg\app.py", line 344, in extract_features
    run_zero_crossing()
  File "E:\Code\jisheeeg\app.py", line 300, in run_zero_crossing
    _, _, result = process_and_visualize_eeg(
  File "E:\Code\jisheeeg\func\zero_crossings_featureextraction.py", line 104, in process_and_visualize_eeg
    url = upload_file(img_path)
  File "E:\Code\jisheeeg\func\uploadFile.py", line 39, in upload_file
    print(f"上传出错: {str(e)}")
OSError: [Errno 22] Invalid argument

2025-04-04 12:54:57,312 - app - ERROR - 发生未知错误: [Errno 22] Invalid argument
Traceback (most recent call last):
  File "E:\Code\jisheeeg\func\uploadFile.py", line 34, in upload_file
    print(file_url)
OSError: [Errno 22] Invalid argument

During handling of the above exception, another exception occurred:

Traceback (most recent call last):
  File "E:\Code\jisheeeg\app.py", line 344, in extract_features
    run_zero_crossing()
  File "E:\Code\jisheeeg\app.py", line 300, in run_zero_crossing
    _, _, result = process_and_visualize_eeg(
  File "E:\Code\jisheeeg\func\zero_crossings_featureextraction.py", line 104, in process_and_visualize_eeg
    url = upload_file(img_path)
  File "E:\Code\jisheeeg\func\uploadFile.py", line 39, in upload_file
    print(f"上传出错: {str(e)}")
OSError: [Errno 22] Invalid argument

During handling of the above exception, another exception occurred:

Traceback (most recent call last):
  File "E:\Code\jisheeeg\app.py", line 389, in extract_features
    print(f"特征提取错误: {str(e)}\n{traceback_str}")
OSError: [Errno 22] Invalid argument
2025-04-04 12:54:57,335 - app - INFO - 特征提取请求处理完成，清理临时文件
2025-04-04 12:54:57,342 - app - INFO - 临时文件已删除: E:\Code\jisheeeg\uploads\1743742475_513502ff-abd2-4032-928d-8abcfaf75bdb.edf
2025-04-04 12:55:40,935 - app - INFO - 收到特征提取请求
2025-04-04 12:55:40,935 - app - INFO - 设置matplotlib后端为Agg
2025-04-04 12:55:40,935 - app - INFO - 获得URL地址: http://st2f6c92m.hb-bkt.clouddn.com/513502ff-abd2-4032-928d-8abcfaf75bdb.edf
2025-04-04 12:55:40,935 - app - INFO - 生成时间戳: 1743742540
2025-04-04 12:55:40,935 - app - INFO - 开始下载文件
2025-04-04 12:55:41,060 - app - INFO - HTTP请求成功
2025-04-04 12:55:41,060 - app - INFO - 从URL提取的原始文件名: 513502ff-abd2-4032-928d-8abcfaf75bdb.edf
2025-04-04 12:55:41,060 - app - INFO - 设置保存路径: E:\Code\jisheeeg\uploads\1743742540_513502ff-abd2-4032-928d-8abcfaf75bdb.edf
2025-04-04 12:55:41,060 - app - INFO - 开始保存文件
2025-04-04 12:55:57,915 - app - INFO - 文件已下载到: E:\Code\jisheeeg\uploads\1743742540_513502ff-abd2-4032-928d-8abcfaf75bdb.edf
2025-04-04 12:55:57,915 - app - INFO - 开始特征提取过程
2025-04-04 12:55:57,917 - app - INFO - 依次运行各个特征提取
2025-04-04 12:55:57,917 - app - INFO - 开始零交叉特征提取
2025-04-04 12:55:58,683 - app - ERROR - 零交叉特征提取失败: [Errno 22] Invalid argument
Traceback (most recent call last):
  File "E:\Code\jisheeeg\func\uploadFile.py", line 34, in upload_file
    print(file_url)
OSError: [Errno 22] Invalid argument

During handling of the above exception, another exception occurred:

Traceback (most recent call last):
  File "E:\Code\jisheeeg\app.py", line 300, in run_zero_crossing
    _, _, result = process_and_visualize_eeg(
  File "E:\Code\jisheeeg\func\zero_crossings_featureextraction.py", line 104, in process_and_visualize_eeg
    url = upload_file(img_path)
  File "E:\Code\jisheeeg\func\uploadFile.py", line 39, in upload_file
    print(f"上传出错: {str(e)}")
OSError: [Errno 22] Invalid argument
2025-04-04 12:55:58,685 - app - ERROR - 特征提取过程出错: [Errno 22] Invalid argument
Traceback (most recent call last):
  File "E:\Code\jisheeeg\func\uploadFile.py", line 34, in upload_file
    print(file_url)
OSError: [Errno 22] Invalid argument

During handling of the above exception, another exception occurred:

Traceback (most recent call last):
  File "E:\Code\jisheeeg\app.py", line 344, in extract_features
    run_zero_crossing()
  File "E:\Code\jisheeeg\app.py", line 300, in run_zero_crossing
    _, _, result = process_and_visualize_eeg(
  File "E:\Code\jisheeeg\func\zero_crossings_featureextraction.py", line 104, in process_and_visualize_eeg
    url = upload_file(img_path)
  File "E:\Code\jisheeeg\func\uploadFile.py", line 39, in upload_file
    print(f"上传出错: {str(e)}")
OSError: [Errno 22] Invalid argument

2025-04-04 12:55:58,686 - app - ERROR - 发生未知错误: [Errno 22] Invalid argument
Traceback (most recent call last):
  File "E:\Code\jisheeeg\func\uploadFile.py", line 34, in upload_file
    print(file_url)
OSError: [Errno 22] Invalid argument

During handling of the above exception, another exception occurred:

Traceback (most recent call last):
  File "E:\Code\jisheeeg\app.py", line 344, in extract_features
    run_zero_crossing()
  File "E:\Code\jisheeeg\app.py", line 300, in run_zero_crossing
    _, _, result = process_and_visualize_eeg(
  File "E:\Code\jisheeeg\func\zero_crossings_featureextraction.py", line 104, in process_and_visualize_eeg
    url = upload_file(img_path)
  File "E:\Code\jisheeeg\func\uploadFile.py", line 39, in upload_file
    print(f"上传出错: {str(e)}")
OSError: [Errno 22] Invalid argument

During handling of the above exception, another exception occurred:

Traceback (most recent call last):
  File "E:\Code\jisheeeg\app.py", line 389, in extract_features
    print(f"特征提取错误: {str(e)}\n{traceback_str}")
OSError: [Errno 22] Invalid argument
2025-04-04 12:55:58,698 - app - INFO - 特征提取请求处理完成，清理临时文件
2025-04-04 12:55:58,705 - app - INFO - 临时文件已删除: E:\Code\jisheeeg\uploads\1743742540_513502ff-abd2-4032-928d-8abcfaf75bdb.edf
2025-04-04 12:56:31,515 - app - INFO - 收到特征提取请求
2025-04-04 12:56:31,517 - app - INFO - 设置matplotlib后端为Agg
2025-04-04 12:56:31,517 - app - INFO - 获得URL地址: http://st2f6c92m.hb-bkt.clouddn.com/513502ff-abd2-4032-928d-8abcfaf75bdb.edf
2025-04-04 12:56:31,517 - app - INFO - 生成时间戳: 1743742591
2025-04-04 12:56:31,517 - app - INFO - 开始下载文件
2025-04-04 12:56:31,601 - app - INFO - HTTP请求成功
2025-04-04 12:56:31,601 - app - INFO - 从URL提取的原始文件名: 513502ff-abd2-4032-928d-8abcfaf75bdb.edf
2025-04-04 12:56:31,601 - app - INFO - 设置保存路径: E:\Code\jisheeeg\uploads\1743742591_513502ff-abd2-4032-928d-8abcfaf75bdb.edf
2025-04-04 12:56:31,601 - app - INFO - 开始保存文件
2025-04-04 12:56:48,461 - app - INFO - 文件已下载到: E:\Code\jisheeeg\uploads\1743742591_513502ff-abd2-4032-928d-8abcfaf75bdb.edf
2025-04-04 12:56:48,461 - app - INFO - 开始特征提取过程
2025-04-04 12:56:48,461 - app - INFO - 依次运行各个特征提取
2025-04-04 12:56:48,461 - app - INFO - 开始零交叉特征提取
2025-04-04 12:56:49,215 - app - ERROR - 零交叉特征提取失败: [Errno 22] Invalid argument
Traceback (most recent call last):
  File "E:\Code\jisheeeg\func\uploadFile.py", line 34, in upload_file
    print(file_url)
OSError: [Errno 22] Invalid argument

During handling of the above exception, another exception occurred:

Traceback (most recent call last):
  File "E:\Code\jisheeeg\app.py", line 300, in run_zero_crossing
    _, _, result = process_and_visualize_eeg(
  File "E:\Code\jisheeeg\func\zero_crossings_featureextraction.py", line 104, in process_and_visualize_eeg
    url = upload_file(img_path)
  File "E:\Code\jisheeeg\func\uploadFile.py", line 39, in upload_file
    print(f"上传出错: {str(e)}")
OSError: [Errno 22] Invalid argument
2025-04-04 12:56:49,217 - app - ERROR - 特征提取过程出错: [Errno 22] Invalid argument
Traceback (most recent call last):
  File "E:\Code\jisheeeg\func\uploadFile.py", line 34, in upload_file
    print(file_url)
OSError: [Errno 22] Invalid argument

During handling of the above exception, another exception occurred:

Traceback (most recent call last):
  File "E:\Code\jisheeeg\app.py", line 344, in extract_features
    run_zero_crossing()
  File "E:\Code\jisheeeg\app.py", line 300, in run_zero_crossing
    _, _, result = process_and_visualize_eeg(
  File "E:\Code\jisheeeg\func\zero_crossings_featureextraction.py", line 104, in process_and_visualize_eeg
    url = upload_file(img_path)
  File "E:\Code\jisheeeg\func\uploadFile.py", line 39, in upload_file
    print(f"上传出错: {str(e)}")
OSError: [Errno 22] Invalid argument

2025-04-04 12:56:49,217 - app - ERROR - 发生未知错误: [Errno 22] Invalid argument
Traceback (most recent call last):
  File "E:\Code\jisheeeg\func\uploadFile.py", line 34, in upload_file
    print(file_url)
OSError: [Errno 22] Invalid argument

During handling of the above exception, another exception occurred:

Traceback (most recent call last):
  File "E:\Code\jisheeeg\app.py", line 344, in extract_features
    run_zero_crossing()
  File "E:\Code\jisheeeg\app.py", line 300, in run_zero_crossing
    _, _, result = process_and_visualize_eeg(
  File "E:\Code\jisheeeg\func\zero_crossings_featureextraction.py", line 104, in process_and_visualize_eeg
    url = upload_file(img_path)
  File "E:\Code\jisheeeg\func\uploadFile.py", line 39, in upload_file
    print(f"上传出错: {str(e)}")
OSError: [Errno 22] Invalid argument

During handling of the above exception, another exception occurred:

Traceback (most recent call last):
  File "E:\Code\jisheeeg\app.py", line 389, in extract_features
    print(f"特征提取错误: {str(e)}\n{traceback_str}")
OSError: [Errno 22] Invalid argument
2025-04-04 12:56:49,229 - app - INFO - 特征提取请求处理完成，清理临时文件
2025-04-04 12:56:49,234 - app - INFO - 临时文件已删除: E:\Code\jisheeeg\uploads\1743742591_513502ff-abd2-4032-928d-8abcfaf75bdb.edf
2025-04-04 12:58:03,038 - app - INFO - 收到特征提取请求
2025-04-04 12:58:03,038 - app - INFO - 设置matplotlib后端为Agg
2025-04-04 12:58:03,038 - app - INFO - 获得URL地址: http://st2f6c92m.hb-bkt.clouddn.com/da189701-7704-45a5-b34b-c1749defaf5e.edf
2025-04-04 12:58:03,038 - app - INFO - 生成时间戳: 1743742683
2025-04-04 12:58:03,039 - app - INFO - 开始下载文件
2025-04-04 12:58:03,236 - app - INFO - HTTP请求成功
2025-04-04 12:58:03,237 - app - INFO - 从URL提取的原始文件名: da189701-7704-45a5-b34b-c1749defaf5e.edf
2025-04-04 12:58:03,237 - app - INFO - 设置保存路径: E:\Code\jisheeeg\uploads\1743742683_da189701-7704-45a5-b34b-c1749defaf5e.edf
2025-04-04 12:58:03,237 - app - INFO - 开始保存文件
2025-04-04 12:58:14,162 - app - INFO - 文件已下载到: E:\Code\jisheeeg\uploads\1743742683_da189701-7704-45a5-b34b-c1749defaf5e.edf
2025-04-04 12:58:14,162 - app - INFO - 开始特征提取过程
2025-04-04 12:58:14,162 - app - INFO - 依次运行各个特征提取
2025-04-04 12:58:14,164 - app - INFO - 开始零交叉特征提取
2025-04-04 12:58:15,173 - app - ERROR - 零交叉特征提取失败: [Errno 22] Invalid argument
Traceback (most recent call last):
  File "E:\Code\jisheeeg\func\uploadFile.py", line 34, in upload_file
    print(file_url)
OSError: [Errno 22] Invalid argument

During handling of the above exception, another exception occurred:

Traceback (most recent call last):
  File "E:\Code\jisheeeg\app.py", line 300, in run_zero_crossing
    _, _, result = process_and_visualize_eeg(
  File "E:\Code\jisheeeg\func\zero_crossings_featureextraction.py", line 104, in process_and_visualize_eeg
    url = upload_file(img_path)
  File "E:\Code\jisheeeg\func\uploadFile.py", line 39, in upload_file
    print(f"上传出错: {str(e)}")
OSError: [Errno 22] Invalid argument
2025-04-04 12:58:15,175 - app - ERROR - 特征提取过程出错: [Errno 22] Invalid argument
Traceback (most recent call last):
  File "E:\Code\jisheeeg\func\uploadFile.py", line 34, in upload_file
    print(file_url)
OSError: [Errno 22] Invalid argument

During handling of the above exception, another exception occurred:

Traceback (most recent call last):
  File "E:\Code\jisheeeg\app.py", line 344, in extract_features
    run_zero_crossing()
  File "E:\Code\jisheeeg\app.py", line 300, in run_zero_crossing
    _, _, result = process_and_visualize_eeg(
  File "E:\Code\jisheeeg\func\zero_crossings_featureextraction.py", line 104, in process_and_visualize_eeg
    url = upload_file(img_path)
  File "E:\Code\jisheeeg\func\uploadFile.py", line 39, in upload_file
    print(f"上传出错: {str(e)}")
OSError: [Errno 22] Invalid argument

2025-04-04 12:58:15,175 - app - ERROR - 发生未知错误: [Errno 22] Invalid argument
Traceback (most recent call last):
  File "E:\Code\jisheeeg\func\uploadFile.py", line 34, in upload_file
    print(file_url)
OSError: [Errno 22] Invalid argument

During handling of the above exception, another exception occurred:

Traceback (most recent call last):
  File "E:\Code\jisheeeg\app.py", line 344, in extract_features
    run_zero_crossing()
  File "E:\Code\jisheeeg\app.py", line 300, in run_zero_crossing
    _, _, result = process_and_visualize_eeg(
  File "E:\Code\jisheeeg\func\zero_crossings_featureextraction.py", line 104, in process_and_visualize_eeg
    url = upload_file(img_path)
  File "E:\Code\jisheeeg\func\uploadFile.py", line 39, in upload_file
    print(f"上传出错: {str(e)}")
OSError: [Errno 22] Invalid argument

During handling of the above exception, another exception occurred:

Traceback (most recent call last):
  File "E:\Code\jisheeeg\app.py", line 389, in extract_features
    print(f"特征提取错误: {str(e)}\n{traceback_str}")
OSError: [Errno 22] Invalid argument
2025-04-04 12:58:15,182 - app - INFO - 特征提取请求处理完成，清理临时文件
2025-04-04 12:58:15,185 - app - INFO - 临时文件已删除: E:\Code\jisheeeg\uploads\1743742683_da189701-7704-45a5-b34b-c1749defaf5e.edf
2025-04-04 12:58:49,315 - app - INFO - 收到特征提取请求
2025-04-04 12:58:49,315 - app - INFO - 设置matplotlib后端为Agg
2025-04-04 12:58:49,317 - app - INFO - 获得URL地址: http://st2f6c92m.hb-bkt.clouddn.com/1081826e-ac37-4ca9-ba58-b51efc8e1bfd.edf
2025-04-04 12:58:49,317 - app - INFO - 生成时间戳: 1743742729
2025-04-04 12:58:49,317 - app - INFO - 开始下载文件
2025-04-04 12:58:49,566 - app - INFO - HTTP请求成功
2025-04-04 12:58:49,568 - app - INFO - 从URL提取的原始文件名: 1081826e-ac37-4ca9-ba58-b51efc8e1bfd.edf
2025-04-04 12:58:49,568 - app - INFO - 设置保存路径: E:\Code\jisheeeg\uploads\1743742729_1081826e-ac37-4ca9-ba58-b51efc8e1bfd.edf
2025-04-04 12:58:49,568 - app - INFO - 开始保存文件
2025-04-04 12:59:06,523 - app - INFO - 文件已下载到: E:\Code\jisheeeg\uploads\1743742729_1081826e-ac37-4ca9-ba58-b51efc8e1bfd.edf
2025-04-04 12:59:06,523 - app - INFO - 开始特征提取过程
2025-04-04 12:59:06,523 - app - INFO - 依次运行各个特征提取
2025-04-04 12:59:06,523 - app - INFO - 开始零交叉特征提取
2025-04-04 12:59:08,223 - app - ERROR - 零交叉特征提取失败: [Errno 22] Invalid argument
Traceback (most recent call last):
  File "E:\Code\jisheeeg\func\uploadFile.py", line 34, in upload_file
    print(file_url)
OSError: [Errno 22] Invalid argument

During handling of the above exception, another exception occurred:

Traceback (most recent call last):
  File "E:\Code\jisheeeg\app.py", line 300, in run_zero_crossing
    _, _, result = process_and_visualize_eeg(
  File "E:\Code\jisheeeg\func\zero_crossings_featureextraction.py", line 104, in process_and_visualize_eeg
    url = upload_file(img_path)
  File "E:\Code\jisheeeg\func\uploadFile.py", line 39, in upload_file
    print(f"上传出错: {str(e)}")
OSError: [Errno 22] Invalid argument
2025-04-04 12:59:08,226 - app - ERROR - 特征提取过程出错: [Errno 22] Invalid argument
Traceback (most recent call last):
  File "E:\Code\jisheeeg\func\uploadFile.py", line 34, in upload_file
    print(file_url)
OSError: [Errno 22] Invalid argument

During handling of the above exception, another exception occurred:

Traceback (most recent call last):
  File "E:\Code\jisheeeg\app.py", line 344, in extract_features
    run_zero_crossing()
  File "E:\Code\jisheeeg\app.py", line 300, in run_zero_crossing
    _, _, result = process_and_visualize_eeg(
  File "E:\Code\jisheeeg\func\zero_crossings_featureextraction.py", line 104, in process_and_visualize_eeg
    url = upload_file(img_path)
  File "E:\Code\jisheeeg\func\uploadFile.py", line 39, in upload_file
    print(f"上传出错: {str(e)}")
OSError: [Errno 22] Invalid argument

2025-04-04 12:59:08,226 - app - ERROR - 发生未知错误: [Errno 22] Invalid argument
Traceback (most recent call last):
  File "E:\Code\jisheeeg\func\uploadFile.py", line 34, in upload_file
    print(file_url)
OSError: [Errno 22] Invalid argument

During handling of the above exception, another exception occurred:

Traceback (most recent call last):
  File "E:\Code\jisheeeg\app.py", line 344, in extract_features
    run_zero_crossing()
  File "E:\Code\jisheeeg\app.py", line 300, in run_zero_crossing
    _, _, result = process_and_visualize_eeg(
  File "E:\Code\jisheeeg\func\zero_crossings_featureextraction.py", line 104, in process_and_visualize_eeg
    url = upload_file(img_path)
  File "E:\Code\jisheeeg\func\uploadFile.py", line 39, in upload_file
    print(f"上传出错: {str(e)}")
OSError: [Errno 22] Invalid argument

During handling of the above exception, another exception occurred:

Traceback (most recent call last):
  File "E:\Code\jisheeeg\app.py", line 389, in extract_features
    print(f"特征提取错误: {str(e)}\n{traceback_str}")
OSError: [Errno 22] Invalid argument
2025-04-04 12:59:08,242 - app - INFO - 特征提取请求处理完成，清理临时文件
2025-04-04 12:59:08,248 - app - INFO - 临时文件已删除: E:\Code\jisheeeg\uploads\1743742729_1081826e-ac37-4ca9-ba58-b51efc8e1bfd.edf
2025-04-04 12:59:27,215 - app - INFO - 上传目录已存在: E:\Code\jisheeeg\uploads
2025-04-04 12:59:27,216 - app - INFO - 服务启动在 http://127.0.0.1:5001
2025-04-04 12:59:27,216 - app - INFO - 上传目录: E:\Code\jisheeeg\uploads
2025-04-04 12:59:31,172 - app - INFO - 上传目录已存在: E:\Code\jisheeeg\uploads
2025-04-04 12:59:31,173 - app - INFO - 服务启动在 http://127.0.0.1:5001
2025-04-04 12:59:31,173 - app - INFO - 上传目录: E:\Code\jisheeeg\uploads
2025-04-04 12:59:42,381 - app - INFO - 收到特征提取请求
2025-04-04 12:59:42,382 - app - INFO - 设置matplotlib后端为Agg
2025-04-04 12:59:42,382 - app - INFO - 获得URL地址: http://st2f6c92m.hb-bkt.clouddn.com/1081826e-ac37-4ca9-ba58-b51efc8e1bfd.edf
2025-04-04 12:59:42,382 - app - INFO - 生成时间戳: 1743742782
2025-04-04 12:59:42,382 - app - INFO - 开始下载文件
2025-04-04 12:59:42,490 - app - INFO - HTTP请求成功
2025-04-04 12:59:42,490 - app - INFO - 从URL提取的原始文件名: 1081826e-ac37-4ca9-ba58-b51efc8e1bfd.edf
2025-04-04 12:59:42,490 - app - INFO - 设置保存路径: E:\Code\jisheeeg\uploads\1743742782_1081826e-ac37-4ca9-ba58-b51efc8e1bfd.edf
2025-04-04 12:59:42,490 - app - INFO - 开始保存文件
2025-04-04 12:59:59,418 - app - INFO - 文件已下载到: E:\Code\jisheeeg\uploads\1743742782_1081826e-ac37-4ca9-ba58-b51efc8e1bfd.edf
2025-04-04 12:59:59,418 - app - INFO - 开始特征提取过程
2025-04-04 12:59:59,418 - app - INFO - 依次运行各个特征提取
2025-04-04 12:59:59,419 - app - INFO - 开始零交叉特征提取
2025-04-04 13:00:02,750 - app - ERROR - 零交叉特征提取失败: [Errno 22] Invalid argument
Traceback (most recent call last):
  File "E:\Code\jisheeeg\func\uploadFile.py", line 34, in upload_file
    print(file_url)
OSError: [Errno 22] Invalid argument

During handling of the above exception, another exception occurred:

Traceback (most recent call last):
  File "E:\Code\jisheeeg\app.py", line 300, in run_zero_crossing
    _, _, result = process_and_visualize_eeg(
  File "E:\Code\jisheeeg\func\zero_crossings_featureextraction.py", line 104, in process_and_visualize_eeg
    url = upload_file(img_path)
  File "E:\Code\jisheeeg\func\uploadFile.py", line 39, in upload_file
    print(f"上传出错: {str(e)}")
OSError: [Errno 22] Invalid argument
2025-04-04 13:00:02,753 - app - ERROR - 特征提取过程出错: [Errno 22] Invalid argument
Traceback (most recent call last):
  File "E:\Code\jisheeeg\func\uploadFile.py", line 34, in upload_file
    print(file_url)
OSError: [Errno 22] Invalid argument

During handling of the above exception, another exception occurred:

Traceback (most recent call last):
  File "E:\Code\jisheeeg\app.py", line 344, in extract_features
    run_zero_crossing()
  File "E:\Code\jisheeeg\app.py", line 300, in run_zero_crossing
    _, _, result = process_and_visualize_eeg(
  File "E:\Code\jisheeeg\func\zero_crossings_featureextraction.py", line 104, in process_and_visualize_eeg
    url = upload_file(img_path)
  File "E:\Code\jisheeeg\func\uploadFile.py", line 39, in upload_file
    print(f"上传出错: {str(e)}")
OSError: [Errno 22] Invalid argument

2025-04-04 13:00:02,753 - app - ERROR - 发生未知错误: [Errno 22] Invalid argument
Traceback (most recent call last):
  File "E:\Code\jisheeeg\func\uploadFile.py", line 34, in upload_file
    print(file_url)
OSError: [Errno 22] Invalid argument

During handling of the above exception, another exception occurred:

Traceback (most recent call last):
  File "E:\Code\jisheeeg\app.py", line 344, in extract_features
    run_zero_crossing()
  File "E:\Code\jisheeeg\app.py", line 300, in run_zero_crossing
    _, _, result = process_and_visualize_eeg(
  File "E:\Code\jisheeeg\func\zero_crossings_featureextraction.py", line 104, in process_and_visualize_eeg
    url = upload_file(img_path)
  File "E:\Code\jisheeeg\func\uploadFile.py", line 39, in upload_file
    print(f"上传出错: {str(e)}")
OSError: [Errno 22] Invalid argument

During handling of the above exception, another exception occurred:

Traceback (most recent call last):
  File "E:\Code\jisheeeg\app.py", line 389, in extract_features
    print(f"特征提取错误: {str(e)}\n{traceback_str}")
OSError: [Errno 22] Invalid argument
2025-04-04 13:00:02,778 - app - INFO - 特征提取请求处理完成，清理临时文件
2025-04-04 13:00:02,779 - app - INFO - 临时文件已删除: E:\Code\jisheeeg\uploads\1743742782_1081826e-ac37-4ca9-ba58-b51efc8e1bfd.edf
2025-04-04 13:03:13,496 - app - INFO - 上传目录已存在: E:\Code\jisheeeg\uploads
2025-04-04 13:03:13,496 - app - INFO - 服务启动在 http://127.0.0.1:5001
2025-04-04 13:03:13,496 - app - INFO - 上传目录: E:\Code\jisheeeg\uploads
2025-04-04 13:03:15,725 - app - INFO - 上传目录已存在: E:\Code\jisheeeg\uploads
2025-04-04 13:03:15,725 - app - INFO - 服务启动在 http://127.0.0.1:5001
2025-04-04 13:03:15,725 - app - INFO - 上传目录: E:\Code\jisheeeg\uploads
2025-04-04 13:05:19,821 - app - INFO - 收到特征提取请求
2025-04-04 13:05:19,821 - app - INFO - 设置matplotlib后端为Agg
2025-04-04 13:05:19,822 - app - INFO - 获得URL地址: http://st2f6c92m.hb-bkt.clouddn.com/b2ab891f-ebff-41a2-be28-2991153c3245.edf
2025-04-04 13:05:19,822 - app - INFO - 生成时间戳: 1743743119
2025-04-04 13:05:19,822 - app - INFO - 开始下载文件
2025-04-04 13:05:21,872 - app - ERROR - 下载文件失败: HTTPConnectionPool(host='127.0.0.1', port=53026): Max retries exceeded with url: http://st2f6c92m.hb-bkt.clouddn.com/b2ab891f-ebff-41a2-be28-2991153c3245.edf (Caused by ProxyError('Unable to connect to proxy', NewConnectionError('<urllib3.connection.HTTPConnection object at 0x00000181C0171850>: Failed to establish a new connection: [WinError 10061] 由于目标计算机积极拒绝，无法连接。')))
2025-04-04 13:05:21,874 - app - INFO - 特征提取请求处理完成，清理临时文件
2025-04-04 13:05:21,876 - app - WARNING - 删除临时文件失败: local variable 'save_path' referenced before assignment
2025-04-04 13:05:48,709 - app - INFO - 收到特征提取请求
2025-04-04 13:05:48,709 - app - INFO - 设置matplotlib后端为Agg
2025-04-04 13:05:48,709 - app - INFO - 获得URL地址: http://st2f6c92m.hb-bkt.clouddn.com/b2ab891f-ebff-41a2-be28-2991153c3245.edf
2025-04-04 13:05:48,709 - app - INFO - 生成时间戳: 1743743148
2025-04-04 13:05:48,709 - app - INFO - 开始下载文件
2025-04-04 13:05:50,747 - app - ERROR - 下载文件失败: HTTPConnectionPool(host='127.0.0.1', port=53026): Max retries exceeded with url: http://st2f6c92m.hb-bkt.clouddn.com/b2ab891f-ebff-41a2-be28-2991153c3245.edf (Caused by ProxyError('Unable to connect to proxy', NewConnectionError('<urllib3.connection.HTTPConnection object at 0x00000181C01D6A90>: Failed to establish a new connection: [WinError 10061] 由于目标计算机积极拒绝，无法连接。')))
2025-04-04 13:05:50,747 - app - INFO - 特征提取请求处理完成，清理临时文件
2025-04-04 13:05:50,748 - app - WARNING - 删除临时文件失败: local variable 'save_path' referenced before assignment
2025-04-04 13:06:12,956 - app - INFO - 收到特征提取请求
2025-04-04 13:06:12,956 - app - INFO - 设置matplotlib后端为Agg
2025-04-04 13:06:12,956 - app - INFO - 获得URL地址: http://st2f6c92m.hb-bkt.clouddn.com/b2ab891f-ebff-41a2-be28-2991153c3245.edf
2025-04-04 13:06:12,956 - app - INFO - 生成时间戳: 1743743172
2025-04-04 13:06:12,956 - app - INFO - 开始下载文件
2025-04-04 13:06:13,251 - app - INFO - HTTP请求成功
2025-04-04 13:06:13,251 - app - INFO - 从URL提取的原始文件名: b2ab891f-ebff-41a2-be28-2991153c3245.edf
2025-04-04 13:06:13,251 - app - INFO - 设置保存路径: E:\Code\jisheeeg\uploads\1743743172_b2ab891f-ebff-41a2-be28-2991153c3245.edf
2025-04-04 13:06:13,252 - app - INFO - 开始保存文件
2025-04-04 13:06:30,164 - app - INFO - 文件已下载到: E:\Code\jisheeeg\uploads\1743743172_b2ab891f-ebff-41a2-be28-2991153c3245.edf
2025-04-04 13:06:30,165 - app - INFO - 开始特征提取过程
2025-04-04 13:06:30,165 - app - INFO - 依次运行各个特征提取
2025-04-04 13:06:30,165 - app - INFO - 开始零交叉特征提取
2025-04-04 13:06:39,059 - app - INFO - 零交叉特征提取完成，获得6个结果
2025-04-04 13:06:39,060 - app - INFO - 开始STFT特征提取
2025-04-04 13:06:58,551 - app - INFO - STFT特征提取完成，获得6个结果
2025-04-04 13:06:58,552 - app - INFO - 开始DWT特征提取
2025-04-04 13:07:23,781 - app - INFO - DWT特征提取完成，获得6个结果
2025-04-04 13:07:23,795 - app - INFO - 所有特征提取完成
2025-04-04 13:07:23,796 - app - INFO - 准备返回特征提取结果
2025-04-04 13:07:23,798 - app - INFO - 特征提取请求处理完成，清理临时文件
2025-04-04 13:07:23,806 - app - INFO - 临时文件已删除: E:\Code\jisheeeg\uploads\1743743172_b2ab891f-ebff-41a2-be28-2991153c3245.edf
2025-04-04 14:46:07,072 - app - INFO - 上传目录已存在: E:\Code\jisheeeg\uploads
2025-04-04 14:46:07,074 - app - INFO - 服务启动在 http://127.0.0.1:5001
2025-04-04 14:46:07,075 - app - INFO - 上传目录: E:\Code\jisheeeg\uploads
2025-04-04 14:46:10,729 - app - INFO - 上传目录已存在: E:\Code\jisheeeg\uploads
2025-04-04 14:46:10,730 - app - INFO - 服务启动在 http://127.0.0.1:5001
2025-04-04 14:46:10,730 - app - INFO - 上传目录: E:\Code\jisheeeg\uploads
2025-04-04 14:47:02,055 - app - INFO - 收到分析请求
2025-04-04 14:47:02,055 - app - INFO - 获得URL地址: http://st2f6c92m.hb-bkt.clouddn.com/a62a97dd-930d-416f-8a3e-4b4d2db5d353.edf, 正在下载文件
2025-04-04 14:47:02,055 - app - INFO - 生成时间戳: 1743749222
2025-04-04 14:47:02,055 - app - INFO - 开始下载文件
2025-04-04 14:47:02,267 - app - INFO - HTTP请求成功
2025-04-04 14:47:02,267 - app - INFO - 从URL提取的原始文件名: a62a97dd-930d-416f-8a3e-4b4d2db5d353.edf
2025-04-04 14:47:02,268 - app - INFO - 设置保存路径: E:\Code\jisheeeg\uploads\1743749222_a62a97dd-930d-416f-8a3e-4b4d2db5d353.edf
2025-04-04 14:47:02,268 - app - INFO - 开始保存文件
2025-04-04 14:47:19,076 - app - INFO - 文件已下载到: E:\Code\jisheeeg\uploads\1743749222_a62a97dd-930d-416f-8a3e-4b4d2db5d353.edf
2025-04-04 14:47:19,077 - app - INFO - 开始调用EEG分析函数进行发作检测
2025-04-04 14:48:16,490 - app - INFO - 检测结果: start_time=2997.0, end_time=3039.0
2025-04-04 14:48:16,490 - app - INFO - 检测到发作，开始计算风险等级
2025-04-04 14:48:16,491 - app - INFO - 调用风险评估算法
2025-04-04 14:48:16,491 - app - INFO - 开始风险等级计算
2025-04-04 14:48:16,491 - app - INFO - 发作持续时间: 42.0秒
2025-04-04 14:48:16,491 - app - INFO - 长时发作，基础风险分数: 85
2025-04-04 14:48:16,491 - app - INFO - 发作强度因子: 4.2
2025-04-04 14:48:16,492 - app - INFO - 最终风险评分: 89.2
2025-04-04 14:48:16,492 - app - INFO - 风险等级>=80，严重异常
2025-04-04 14:48:16,492 - app - INFO - 异常放电次数: 23, 节律类型: 严重不规则, 频率类型: 以δ波为主，伴有尖慢波复合
2025-04-04 14:48:16,492 - app - INFO - 准备返回结果，风险等级: 89
2025-04-04 14:48:16,493 - app - INFO - 分析请求处理完成
2025-04-04 14:52:10,588 - app - INFO - 上传目录已存在: E:\Code\jisheeeg\uploads
2025-04-04 14:52:10,590 - app - INFO - 服务启动在 http://127.0.0.1:5001
2025-04-04 14:52:10,590 - app - INFO - 上传目录: E:\Code\jisheeeg\uploads
2025-04-04 14:52:14,108 - app - INFO - 上传目录已存在: E:\Code\jisheeeg\uploads
2025-04-04 14:52:14,110 - app - INFO - 服务启动在 http://127.0.0.1:5001
2025-04-04 14:52:14,110 - app - INFO - 上传目录: E:\Code\jisheeeg\uploads
2025-04-04 14:56:02,671 - app - INFO - 收到分析请求
2025-04-04 14:56:02,671 - app - INFO - 获得URL地址: http://st2f6c92m.hb-bkt.clouddn.com/df136557-4e7b-4f5b-bfa9-02b80053cebe.edf, 正在下载文件
2025-04-04 14:56:02,671 - app - INFO - 生成时间戳: 1743749762
2025-04-04 14:56:02,672 - app - INFO - 开始下载文件
2025-04-04 14:56:02,950 - app - INFO - HTTP请求成功
2025-04-04 14:56:02,950 - app - INFO - 从URL提取的原始文件名: df136557-4e7b-4f5b-bfa9-02b80053cebe.edf
2025-04-04 14:56:02,951 - app - INFO - 设置保存路径: E:\Code\jisheeeg\uploads\1743749762_df136557-4e7b-4f5b-bfa9-02b80053cebe.edf
2025-04-04 14:56:02,951 - app - INFO - 开始保存文件
2025-04-04 14:56:19,811 - app - INFO - 文件已下载到: E:\Code\jisheeeg\uploads\1743749762_df136557-4e7b-4f5b-bfa9-02b80053cebe.edf
2025-04-04 14:56:19,812 - app - INFO - 开始调用EEG分析函数进行发作检测
2025-04-04 14:57:13,391 - app - INFO - 检测结果: start_time=2997.0, end_time=3039.0
2025-04-04 14:57:13,391 - app - INFO - 检测到发作，开始计算风险等级
2025-04-04 14:57:13,392 - app - INFO - 调用风险评估算法
2025-04-04 14:57:13,392 - app - INFO - 开始风险等级计算
2025-04-04 14:57:13,392 - app - INFO - 发作持续时间: 42.0秒
2025-04-04 14:57:13,392 - app - INFO - 长时发作，基础风险分数: 85
2025-04-04 14:57:13,392 - app - INFO - 发作强度因子: 4.2
2025-04-04 14:57:13,392 - app - INFO - 最终风险评分: 89.2
2025-04-04 14:57:13,392 - app - INFO - 风险等级>=80，严重异常
2025-04-04 14:57:13,392 - app - INFO - 异常放电次数: 22, 节律类型: 严重不规则, 频率类型: 以δ波为主，伴有尖慢波复合
2025-04-04 14:57:13,392 - app - INFO - 准备返回结果，风险等级: 89
2025-04-04 14:57:13,393 - app - INFO - 分析请求处理完成
2025-04-04 15:07:34,722 - app - INFO - 上传目录已存在: E:\Code\jisheeeg\uploads
2025-04-04 15:07:34,723 - app - INFO - 服务启动在 http://127.0.0.1:5001
2025-04-04 15:07:34,723 - app - INFO - 上传目录: E:\Code\jisheeeg\uploads
2025-04-04 15:07:39,183 - app - INFO - 上传目录已存在: E:\Code\jisheeeg\uploads
2025-04-04 15:07:39,184 - app - INFO - 服务启动在 http://127.0.0.1:5001
2025-04-04 15:07:39,184 - app - INFO - 上传目录: E:\Code\jisheeeg\uploads
2025-04-04 15:08:04,179 - app - INFO - 收到分析请求
2025-04-04 15:08:04,180 - app - INFO - 获得URL地址: http://st2f6c92m.hb-bkt.clouddn.com/aea48b8b-afe0-4b90-8e0e-b1095a9fb1f2.edf, 正在下载文件
2025-04-04 15:08:04,180 - app - INFO - 生成时间戳: 1743750484
2025-04-04 15:08:04,180 - app - INFO - 开始下载文件
2025-04-04 15:08:04,417 - app - INFO - HTTP请求成功
2025-04-04 15:08:04,417 - app - INFO - 从URL提取的原始文件名: aea48b8b-afe0-4b90-8e0e-b1095a9fb1f2.edf
2025-04-04 15:08:04,418 - app - INFO - 设置保存路径: E:\Code\jisheeeg\uploads\1743750484_aea48b8b-afe0-4b90-8e0e-b1095a9fb1f2.edf
2025-04-04 15:08:04,418 - app - INFO - 开始保存文件
2025-04-04 15:08:21,204 - app - INFO - 文件已下载到: E:\Code\jisheeeg\uploads\1743750484_aea48b8b-afe0-4b90-8e0e-b1095a9fb1f2.edf
2025-04-04 15:08:21,205 - app - INFO - 开始调用EEG分析函数进行发作检测
2025-04-04 15:09:20,574 - app - INFO - 检测结果: start_time=2997.0, end_time=3039.0
2025-04-04 15:09:20,574 - app - INFO - 检测到发作，开始计算风险等级
2025-04-04 15:09:20,574 - app - INFO - 调用风险评估算法
2025-04-04 15:09:20,575 - app - INFO - 开始风险等级计算
2025-04-04 15:09:20,575 - app - INFO - 发作持续时间: 42.0秒
2025-04-04 15:09:20,575 - app - INFO - 长时发作，基础风险分数: 85
2025-04-04 15:09:20,575 - app - INFO - 发作强度因子: 4.2
2025-04-04 15:09:20,575 - app - INFO - 最终风险评分: 89.2
2025-04-04 15:09:20,576 - app - INFO - 风险等级>=80，严重异常
2025-04-04 15:09:20,576 - app - INFO - 异常放电次数: 20, 节律类型: 严重不规则, 频率类型: 以δ波为主，伴有尖慢波复合
2025-04-04 15:09:20,576 - app - INFO - 准备返回结果，风险等级: 89
2025-04-04 15:09:20,577 - app - INFO - 分析请求处理完成
2025-04-04 15:12:45,877 - app - INFO - 上传目录已存在: E:\Code\jisheeeg\uploads
2025-04-04 15:12:45,878 - app - INFO - 服务启动在 http://127.0.0.1:5001
2025-04-04 15:12:45,879 - app - INFO - 上传目录: E:\Code\jisheeeg\uploads
2025-04-04 15:12:50,687 - app - INFO - 上传目录已存在: E:\Code\jisheeeg\uploads
2025-04-04 15:12:50,688 - app - INFO - 服务启动在 http://127.0.0.1:5001
2025-04-04 15:12:50,688 - app - INFO - 上传目录: E:\Code\jisheeeg\uploads
2025-04-04 15:13:32,432 - app - INFO - 收到分析请求
2025-04-04 15:13:32,432 - app - INFO - 获得URL地址: http://st2f6c92m.hb-bkt.clouddn.com/b8cfe5fc-722d-4a54-9f27-74222624baa9.edf, 正在下载文件
2025-04-04 15:13:32,432 - app - INFO - 生成时间戳: 1743750812
2025-04-04 15:13:32,432 - app - INFO - 开始下载文件
2025-04-04 15:13:32,655 - app - INFO - HTTP请求成功
2025-04-04 15:13:32,656 - app - INFO - 从URL提取的原始文件名: b8cfe5fc-722d-4a54-9f27-74222624baa9.edf
2025-04-04 15:13:32,656 - app - INFO - 设置保存路径: E:\Code\jisheeeg\uploads\1743750812_b8cfe5fc-722d-4a54-9f27-74222624baa9.edf
2025-04-04 15:13:32,656 - app - INFO - 开始保存文件
2025-04-04 15:13:49,628 - app - INFO - 文件已下载到: E:\Code\jisheeeg\uploads\1743750812_b8cfe5fc-722d-4a54-9f27-74222624baa9.edf
2025-04-04 15:13:49,628 - app - INFO - 开始调用EEG分析函数进行发作检测
2025-04-04 15:14:43,541 - app - INFO - 检测结果: start_time=2997.0, end_time=3039.0
2025-04-04 15:14:43,542 - app - INFO - 检测到发作，开始计算风险等级
2025-04-04 15:14:43,542 - app - INFO - 调用风险评估算法
2025-04-04 15:14:43,542 - app - INFO - 开始风险等级计算
2025-04-04 15:14:43,542 - app - INFO - 发作持续时间: 42.0秒
2025-04-04 15:14:43,542 - app - INFO - 长时发作，基础风险分数: 85
2025-04-04 15:14:43,542 - app - INFO - 发作强度因子: 4.2
2025-04-04 15:14:43,542 - app - INFO - 最终风险评分: 89.2
2025-04-04 15:14:43,542 - app - INFO - 风险等级>=80，严重异常
2025-04-04 15:14:43,543 - app - INFO - 异常放电次数: 26, 节律类型: 严重不规则, 频率类型: 以δ波为主，伴有尖慢波复合
2025-04-04 15:14:43,543 - app - INFO - 准备返回结果，风险等级: 89
2025-04-04 15:14:43,543 - app - INFO - 分析请求处理完成
2025-04-04 15:19:25,165 - app - INFO - 收到分析请求
2025-04-04 15:19:25,165 - app - INFO - 获得URL地址: http://st2f6c92m.hb-bkt.clouddn.com/9547e2ec-320c-45ff-86f0-031c829a6696.edf, 正在下载文件
2025-04-04 15:19:25,165 - app - INFO - 生成时间戳: 1743751165
2025-04-04 15:19:25,165 - app - INFO - 开始下载文件
2025-04-04 15:19:25,547 - app - INFO - HTTP请求成功
2025-04-04 15:19:25,548 - app - INFO - 从URL提取的原始文件名: 9547e2ec-320c-45ff-86f0-031c829a6696.edf
2025-04-04 15:19:25,548 - app - INFO - 设置保存路径: E:\Code\jisheeeg\uploads\1743751165_9547e2ec-320c-45ff-86f0-031c829a6696.edf
2025-04-04 15:19:25,548 - app - INFO - 开始保存文件
2025-04-04 15:19:42,310 - app - INFO - 文件已下载到: E:\Code\jisheeeg\uploads\1743751165_9547e2ec-320c-45ff-86f0-031c829a6696.edf
2025-04-04 15:19:42,310 - app - INFO - 开始调用EEG分析函数进行发作检测
2025-04-04 15:20:38,075 - app - INFO - 检测结果: start_time=2997.0, end_time=3039.0
2025-04-04 15:20:38,076 - app - INFO - 检测到发作，开始计算风险等级
2025-04-04 15:20:38,076 - app - INFO - 调用风险评估算法
2025-04-04 15:20:38,076 - app - INFO - 开始风险等级计算
2025-04-04 15:20:38,076 - app - INFO - 发作持续时间: 42.0秒
2025-04-04 15:20:38,076 - app - INFO - 长时发作，基础风险分数: 85
2025-04-04 15:20:38,076 - app - INFO - 发作强度因子: 4.2
2025-04-04 15:20:38,076 - app - INFO - 最终风险评分: 89.2
2025-04-04 15:20:38,076 - app - INFO - 风险等级>=80，严重异常
2025-04-04 15:20:38,076 - app - INFO - 异常放电次数: 23, 节律类型: 严重不规则, 频率类型: 以δ波为主，伴有尖慢波复合
2025-04-04 15:20:38,076 - app - INFO - 准备返回结果，风险等级: 89
2025-04-04 15:20:38,076 - app - INFO - 分析请求处理完成
2025-04-04 15:23:01,566 - app - INFO - 收到分析请求
2025-04-04 15:23:01,567 - app - INFO - 获得URL地址: http://st2f6c92m.hb-bkt.clouddn.com/9547e2ec-320c-45ff-86f0-031c829a6696.edf, 正在下载文件
2025-04-04 15:23:01,567 - app - INFO - 生成时间戳: 1743751381
2025-04-04 15:23:01,567 - app - INFO - 开始下载文件
2025-04-04 15:23:01,842 - app - INFO - HTTP请求成功
2025-04-04 15:23:01,842 - app - INFO - 从URL提取的原始文件名: 9547e2ec-320c-45ff-86f0-031c829a6696.edf
2025-04-04 15:23:01,842 - app - INFO - 设置保存路径: E:\Code\jisheeeg\uploads\1743751381_9547e2ec-320c-45ff-86f0-031c829a6696.edf
2025-04-04 15:23:01,843 - app - INFO - 开始保存文件
2025-04-04 15:23:18,678 - app - INFO - 文件已下载到: E:\Code\jisheeeg\uploads\1743751381_9547e2ec-320c-45ff-86f0-031c829a6696.edf
2025-04-04 15:23:18,679 - app - INFO - 开始调用EEG分析函数进行发作检测
2025-04-04 15:23:43,601 - app - INFO - 上传目录已存在: E:\Code\jisheeeg\uploads
2025-04-04 15:23:43,603 - app - INFO - 服务启动在 http://127.0.0.1:5001
2025-04-04 15:23:43,603 - app - INFO - 上传目录: E:\Code\jisheeeg\uploads
2025-04-04 15:23:47,587 - app - INFO - 上传目录已存在: E:\Code\jisheeeg\uploads
2025-04-04 15:23:47,589 - app - INFO - 服务启动在 http://127.0.0.1:5001
2025-04-04 15:23:47,589 - app - INFO - 上传目录: E:\Code\jisheeeg\uploads
2025-04-04 15:23:49,357 - app - INFO - 收到分析请求
2025-04-04 15:23:49,357 - app - INFO - 获得URL地址: http://st2f6c92m.hb-bkt.clouddn.com/9547e2ec-320c-45ff-86f0-031c829a6696.edf, 正在下载文件
2025-04-04 15:23:49,357 - app - INFO - 生成时间戳: 1743751429
2025-04-04 15:23:49,357 - app - INFO - 开始下载文件
2025-04-04 15:23:49,516 - app - INFO - HTTP请求成功
2025-04-04 15:23:49,517 - app - INFO - 从URL提取的原始文件名: 9547e2ec-320c-45ff-86f0-031c829a6696.edf
2025-04-04 15:23:49,517 - app - INFO - 设置保存路径: E:\Code\jisheeeg\uploads\1743751429_9547e2ec-320c-45ff-86f0-031c829a6696.edf
2025-04-04 15:23:49,517 - app - INFO - 开始保存文件
2025-04-04 15:24:06,483 - app - INFO - 文件已下载到: E:\Code\jisheeeg\uploads\1743751429_9547e2ec-320c-45ff-86f0-031c829a6696.edf
2025-04-04 15:24:06,483 - app - INFO - 开始调用EEG分析函数进行发作检测
2025-04-04 15:25:03,537 - app - INFO - 检测结果: start_time=2997.0, end_time=3039.0
2025-04-04 15:25:03,537 - app - INFO - 检测到发作，开始计算风险等级
2025-04-04 15:25:03,537 - app - INFO - 调用风险评估算法
2025-04-04 15:25:03,537 - app - INFO - 开始风险等级计算
2025-04-04 15:25:03,537 - app - INFO - 发作持续时间: 42.0秒
2025-04-04 15:25:03,537 - app - INFO - 长时发作，基础风险分数: 85
2025-04-04 15:25:03,537 - app - INFO - 发作强度因子: 4.2
2025-04-04 15:25:03,537 - app - INFO - 最终风险评分: 89.2
2025-04-04 15:25:03,538 - app - INFO - 风险等级>=80，严重异常
2025-04-04 15:25:03,538 - app - INFO - 异常放电次数: 27, 节律类型: 严重不规则, 频率类型: 以δ波为主，伴有尖慢波复合
2025-04-04 15:25:03,538 - app - INFO - 准备返回结果，风险等级: 89
2025-04-04 15:25:03,538 - app - INFO - 分析请求处理完成
2025-04-04 15:34:41,691 - app - INFO - 收到特征提取请求
2025-04-04 15:34:41,691 - app - INFO - 设置matplotlib后端为Agg
2025-04-04 15:34:41,692 - app - INFO - 获得URL地址: http://st2f6c92m.hb-bkt.clouddn.com/49ee36ee-2dfb-4ce9-95c8-90eb44433cba.edf
2025-04-04 15:34:41,692 - app - INFO - 生成时间戳: 1743752081
2025-04-04 15:34:41,692 - app - INFO - 开始下载文件
2025-04-04 15:34:41,816 - app - INFO - HTTP请求成功
2025-04-04 15:34:41,816 - app - INFO - 从URL提取的原始文件名: 49ee36ee-2dfb-4ce9-95c8-90eb44433cba.edf
2025-04-04 15:34:41,816 - app - INFO - 设置保存路径: E:\Code\jisheeeg\uploads\1743752081_49ee36ee-2dfb-4ce9-95c8-90eb44433cba.edf
2025-04-04 15:34:41,816 - app - INFO - 开始保存文件
2025-04-04 15:34:58,640 - app - INFO - 文件已下载到: E:\Code\jisheeeg\uploads\1743752081_49ee36ee-2dfb-4ce9-95c8-90eb44433cba.edf
2025-04-04 15:34:58,640 - app - INFO - 开始特征提取过程
2025-04-04 15:34:58,640 - app - INFO - 依次运行各个特征提取
2025-04-04 15:34:58,640 - app - INFO - 开始零交叉特征提取
2025-04-04 15:35:06,895 - app - INFO - 零交叉特征提取完成，获得6个结果
2025-04-04 15:35:06,895 - app - INFO - 开始STFT特征提取
2025-04-04 15:35:26,240 - app - INFO - STFT特征提取完成，获得6个结果
2025-04-04 15:35:26,240 - app - INFO - 开始DWT特征提取
2025-04-04 15:35:50,117 - app - INFO - DWT特征提取完成，获得6个结果
2025-04-04 15:35:50,129 - app - INFO - 所有特征提取完成
2025-04-04 15:35:50,129 - app - INFO - 准备返回特征提取结果
2025-04-04 15:35:50,130 - app - INFO - 特征提取请求处理完成，清理临时文件
2025-04-04 15:35:50,136 - app - INFO - 临时文件已删除: E:\Code\jisheeeg\uploads\1743752081_49ee36ee-2dfb-4ce9-95c8-90eb44433cba.edf
2025-04-04 15:38:02,250 - app - INFO - 收到特征提取请求
2025-04-04 15:38:02,250 - app - INFO - 设置matplotlib后端为Agg
2025-04-04 15:38:02,250 - app - INFO - 获得URL地址: http://st2f6c92m.hb-bkt.clouddn.com/42e2fff4-e9f6-4efe-bb58-b8fbdff0c9a7.edf
2025-04-04 15:38:02,250 - app - INFO - 生成时间戳: 1743752282
2025-04-04 15:38:02,250 - app - INFO - 开始下载文件
2025-04-04 15:38:02,399 - app - INFO - HTTP请求成功
2025-04-04 15:38:02,400 - app - INFO - 从URL提取的原始文件名: 42e2fff4-e9f6-4efe-bb58-b8fbdff0c9a7.edf
2025-04-04 15:38:02,400 - app - INFO - 设置保存路径: E:\Code\jisheeeg\uploads\1743752282_42e2fff4-e9f6-4efe-bb58-b8fbdff0c9a7.edf
2025-04-04 15:38:02,400 - app - INFO - 开始保存文件
2025-04-04 15:38:19,133 - app - INFO - 文件已下载到: E:\Code\jisheeeg\uploads\1743752282_42e2fff4-e9f6-4efe-bb58-b8fbdff0c9a7.edf
2025-04-04 15:38:19,133 - app - INFO - 开始特征提取过程
2025-04-04 15:38:19,133 - app - INFO - 依次运行各个特征提取
2025-04-04 15:38:19,133 - app - INFO - 开始零交叉特征提取
2025-04-04 15:38:22,507 - app - INFO - 零交叉特征提取完成，获得6个结果
2025-04-04 15:38:22,508 - app - INFO - 开始STFT特征提取
2025-04-04 15:38:39,341 - app - INFO - STFT特征提取完成，获得6个结果
2025-04-04 15:38:39,341 - app - INFO - 开始DWT特征提取
2025-04-04 15:39:01,116 - app - INFO - DWT特征提取完成，获得6个结果
2025-04-04 15:39:01,128 - app - INFO - 所有特征提取完成
2025-04-04 15:39:01,128 - app - INFO - 准备返回特征提取结果
2025-04-04 15:39:01,129 - app - INFO - 特征提取请求处理完成，清理临时文件
2025-04-04 15:39:01,135 - app - INFO - 临时文件已删除: E:\Code\jisheeeg\uploads\1743752282_42e2fff4-e9f6-4efe-bb58-b8fbdff0c9a7.edf
2025-04-04 15:45:55,128 - app - INFO - 收到特征提取请求
2025-04-04 15:45:55,128 - app - INFO - 设置matplotlib后端为Agg
2025-04-04 15:45:55,128 - app - INFO - 获得URL地址: http://st2f6c92m.hb-bkt.clouddn.com/18b8c687-37e8-44fa-a7b2-87f8b7796362.edf
2025-04-04 15:45:55,128 - app - INFO - 生成时间戳: 1743752755
2025-04-04 15:45:55,128 - app - INFO - 开始下载文件
2025-04-04 15:45:55,481 - app - INFO - HTTP请求成功
2025-04-04 15:45:55,482 - app - INFO - 从URL提取的原始文件名: 18b8c687-37e8-44fa-a7b2-87f8b7796362.edf
2025-04-04 15:45:55,482 - app - INFO - 设置保存路径: E:\Code\jisheeeg\uploads\1743752755_18b8c687-37e8-44fa-a7b2-87f8b7796362.edf
2025-04-04 15:45:55,482 - app - INFO - 开始保存文件
2025-04-04 15:46:12,449 - app - INFO - 文件已下载到: E:\Code\jisheeeg\uploads\1743752755_18b8c687-37e8-44fa-a7b2-87f8b7796362.edf
2025-04-04 15:46:12,450 - app - INFO - 开始特征提取过程
2025-04-04 15:46:12,450 - app - INFO - 依次运行各个特征提取
2025-04-04 15:46:12,450 - app - INFO - 开始零交叉特征提取
2025-04-04 15:46:16,581 - app - INFO - 零交叉特征提取完成，获得6个结果
2025-04-04 15:46:16,582 - app - INFO - 开始STFT特征提取
2025-04-04 15:46:36,715 - app - INFO - STFT特征提取完成，获得6个结果
2025-04-04 15:46:36,717 - app - INFO - 开始DWT特征提取
2025-04-04 15:47:08,907 - app - INFO - DWT特征提取完成，获得6个结果
2025-04-04 15:47:08,917 - app - INFO - 所有特征提取完成
2025-04-04 15:47:08,918 - app - INFO - 准备返回特征提取结果
2025-04-04 15:47:08,918 - app - INFO - 特征提取请求处理完成，清理临时文件
2025-04-04 15:47:08,924 - app - INFO - 临时文件已删除: E:\Code\jisheeeg\uploads\1743752755_18b8c687-37e8-44fa-a7b2-87f8b7796362.edf
2025-04-04 15:47:18,939 - app - INFO - 收到特征提取请求
2025-04-04 15:47:18,940 - app - INFO - 设置matplotlib后端为Agg
2025-04-04 15:47:18,940 - app - INFO - 获得URL地址: http://st2f6c92m.hb-bkt.clouddn.com/18b8c687-37e8-44fa-a7b2-87f8b7796362.edf
2025-04-04 15:47:18,940 - app - INFO - 生成时间戳: 1743752838
2025-04-04 15:47:18,940 - app - INFO - 开始下载文件
2025-04-04 15:47:18,992 - app - INFO - HTTP请求成功
2025-04-04 15:47:18,992 - app - INFO - 从URL提取的原始文件名: 18b8c687-37e8-44fa-a7b2-87f8b7796362.edf
2025-04-04 15:47:18,992 - app - INFO - 设置保存路径: E:\Code\jisheeeg\uploads\1743752838_18b8c687-37e8-44fa-a7b2-87f8b7796362.edf
2025-04-04 15:47:18,993 - app - INFO - 开始保存文件
2025-04-04 15:47:35,833 - app - INFO - 文件已下载到: E:\Code\jisheeeg\uploads\1743752838_18b8c687-37e8-44fa-a7b2-87f8b7796362.edf
2025-04-04 15:47:35,833 - app - INFO - 开始特征提取过程
2025-04-04 15:47:35,833 - app - INFO - 依次运行各个特征提取
2025-04-04 15:47:35,833 - app - INFO - 开始零交叉特征提取
2025-04-04 15:47:40,357 - app - INFO - 零交叉特征提取完成，获得6个结果
2025-04-04 15:47:40,358 - app - INFO - 开始STFT特征提取
2025-04-04 15:47:50,639 - app - INFO - 上传目录已存在: E:\Code\jisheeeg\uploads
2025-04-04 15:47:50,640 - app - INFO - 服务启动在 http://127.0.0.1:5001
2025-04-04 15:47:50,640 - app - INFO - 上传目录: E:\Code\jisheeeg\uploads
2025-04-04 15:47:55,244 - app - INFO - 上传目录已存在: E:\Code\jisheeeg\uploads
2025-04-04 15:47:55,245 - app - INFO - 服务启动在 http://127.0.0.1:5001
2025-04-04 15:47:55,246 - app - INFO - 上传目录: E:\Code\jisheeeg\uploads
2025-04-04 15:48:17,875 - app - INFO - 收到特征提取请求
2025-04-04 15:48:17,875 - app - INFO - 设置matplotlib后端为Agg
2025-04-04 15:48:17,876 - app - INFO - 获得URL地址: http://st2f6c92m.hb-bkt.clouddn.com/49ee36ee-2dfb-4ce9-95c8-90eb44433cba.edf
2025-04-04 15:48:17,876 - app - INFO - 生成时间戳: 1743752897
2025-04-04 15:48:17,876 - app - INFO - 开始下载文件
2025-04-04 15:48:18,024 - app - INFO - HTTP请求成功
2025-04-04 15:48:18,025 - app - INFO - 从URL提取的原始文件名: 49ee36ee-2dfb-4ce9-95c8-90eb44433cba.edf
2025-04-04 15:48:18,025 - app - INFO - 设置保存路径: E:\Code\jisheeeg\uploads\1743752897_49ee36ee-2dfb-4ce9-95c8-90eb44433cba.edf
2025-04-04 15:48:18,025 - app - INFO - 开始保存文件
2025-04-04 15:48:34,865 - app - INFO - 文件已下载到: E:\Code\jisheeeg\uploads\1743752897_49ee36ee-2dfb-4ce9-95c8-90eb44433cba.edf
2025-04-04 15:48:34,865 - app - INFO - 开始特征提取过程
2025-04-04 15:48:34,865 - app - INFO - 依次运行各个特征提取
2025-04-04 15:48:34,865 - app - INFO - 开始零交叉特征提取
2025-04-04 15:48:43,820 - app - INFO - 零交叉特征提取完成，获得6个结果
2025-04-04 15:48:43,820 - app - INFO - 开始STFT特征提取
2025-04-04 15:48:52,530 - app - INFO - 上传目录已存在: E:\Code\jisheeeg\uploads
2025-04-04 15:48:52,532 - app - INFO - 服务启动在 http://127.0.0.1:5001
2025-04-04 15:48:52,532 - app - INFO - 上传目录: E:\Code\jisheeeg\uploads
2025-04-04 15:48:56,800 - app - INFO - 上传目录已存在: E:\Code\jisheeeg\uploads
2025-04-04 15:48:56,801 - app - INFO - 服务启动在 http://127.0.0.1:5001
2025-04-04 15:48:56,801 - app - INFO - 上传目录: E:\Code\jisheeeg\uploads
2025-04-04 15:49:41,204 - app - INFO - 收到特征提取请求
2025-04-04 15:49:41,205 - app - INFO - 设置matplotlib后端为Agg
2025-04-04 15:49:41,205 - app - INFO - 获得URL地址: http://st2f6c92m.hb-bkt.clouddn.com/ca2ce5fd-461d-472c-a55c-3d46b6ae5736.edf
2025-04-04 15:49:41,205 - app - INFO - 生成时间戳: 1743752981
2025-04-04 15:49:41,205 - app - INFO - 开始下载文件
2025-04-04 15:49:41,470 - app - INFO - HTTP请求成功
2025-04-04 15:49:41,471 - app - INFO - 从URL提取的原始文件名: ca2ce5fd-461d-472c-a55c-3d46b6ae5736.edf
2025-04-04 15:49:41,471 - app - INFO - 设置保存路径: E:\Code\jisheeeg\uploads\1743752981_ca2ce5fd-461d-472c-a55c-3d46b6ae5736.edf
2025-04-04 15:49:41,471 - app - INFO - 开始保存文件
2025-04-04 15:49:58,273 - app - INFO - 文件已下载到: E:\Code\jisheeeg\uploads\1743752981_ca2ce5fd-461d-472c-a55c-3d46b6ae5736.edf
2025-04-04 15:49:58,273 - app - INFO - 开始特征提取过程
2025-04-04 15:49:58,273 - app - INFO - 依次运行各个特征提取
2025-04-04 15:49:58,273 - app - INFO - 开始零交叉特征提取
2025-04-04 15:50:07,764 - app - INFO - 零交叉特征提取完成，获得6个结果
2025-04-04 15:50:07,764 - app - INFO - 开始STFT特征提取
2025-04-04 15:50:24,727 - app - INFO - STFT特征提取完成，获得6个结果
2025-04-04 15:50:24,727 - app - INFO - 开始DWT特征提取
2025-04-04 15:50:47,370 - app - INFO - DWT特征提取完成，获得6个结果
2025-04-04 15:50:47,381 - app - INFO - 所有特征提取完成
2025-04-04 15:50:47,381 - app - INFO - 准备返回特征提取结果
2025-04-04 15:50:47,382 - app - INFO - 特征提取请求处理完成，清理临时文件
2025-04-04 15:50:47,389 - app - INFO - 临时文件已删除: E:\Code\jisheeeg\uploads\1743752981_ca2ce5fd-461d-472c-a55c-3d46b6ae5736.edf
2025-04-04 16:10:35,925 - app - INFO - 上传目录已存在: E:\Code\jisheeeg\uploads
2025-04-04 16:10:35,928 - app - INFO - 服务启动在 http://127.0.0.1:5001
2025-04-04 16:10:35,929 - app - INFO - 上传目录: E:\Code\jisheeeg\uploads
2025-04-04 16:10:40,659 - app - INFO - 上传目录已存在: E:\Code\jisheeeg\uploads
2025-04-04 16:10:40,661 - app - INFO - 服务启动在 http://127.0.0.1:5001
2025-04-04 16:10:40,661 - app - INFO - 上传目录: E:\Code\jisheeeg\uploads
2025-04-04 16:14:04,384 - app - INFO - 收到特征提取请求
2025-04-04 16:14:04,385 - app - INFO - 设置matplotlib后端为Agg
2025-04-04 16:14:04,385 - app - INFO - 获得URL地址: http://st2f6c92m.hb-bkt.clouddn.com/58ba32e5-395d-48e4-9438-162240f67f54.edf
2025-04-04 16:14:04,385 - app - INFO - 生成时间戳: 1743754444
2025-04-04 16:14:04,385 - app - INFO - 开始下载文件
2025-04-04 16:14:04,575 - app - INFO - HTTP请求成功
2025-04-04 16:14:04,575 - app - INFO - 从URL提取的原始文件名: 58ba32e5-395d-48e4-9438-162240f67f54.edf
2025-04-04 16:14:04,575 - app - INFO - 设置保存路径: E:\Code\jisheeeg\uploads\1743754444_58ba32e5-395d-48e4-9438-162240f67f54.edf
2025-04-04 16:14:04,576 - app - INFO - 开始保存文件
2025-04-04 16:14:21,439 - app - INFO - 文件已下载到: E:\Code\jisheeeg\uploads\1743754444_58ba32e5-395d-48e4-9438-162240f67f54.edf
2025-04-04 16:14:21,440 - app - INFO - 开始特征提取过程
2025-04-04 16:14:21,440 - app - INFO - 依次运行各个特征提取
2025-04-04 16:14:21,440 - app - INFO - 开始零交叉特征提取
2025-04-04 16:14:28,227 - app - INFO - 零交叉特征提取完成，获得6个结果
2025-04-04 16:14:28,229 - app - INFO - 开始STFT特征提取
2025-04-04 16:14:43,435 - app - INFO - STFT特征提取完成，获得6个结果
2025-04-04 16:14:43,435 - app - INFO - 开始DWT特征提取
2025-04-04 16:15:03,502 - app - INFO - DWT特征提取完成，获得6个结果
2025-04-04 16:15:03,513 - app - INFO - 所有特征提取完成
2025-04-04 16:15:03,513 - app - INFO - 准备返回特征提取结果
2025-04-04 16:15:03,514 - app - INFO - 特征提取请求处理完成，清理临时文件
2025-04-04 16:15:03,520 - app - INFO - 临时文件已删除: E:\Code\jisheeeg\uploads\1743754444_58ba32e5-395d-48e4-9438-162240f67f54.edf
2025-04-04 16:17:34,564 - app - INFO - 收到特征提取请求
2025-04-04 16:17:34,565 - app - INFO - 设置matplotlib后端为Agg
2025-04-04 16:17:34,565 - app - INFO - 获得URL地址: http://st2f6c92m.hb-bkt.clouddn.com/e5dfe7ce-b075-410e-bd0b-69de0540eaa7.edf
2025-04-04 16:17:34,565 - app - INFO - 生成时间戳: 1743754654
2025-04-04 16:17:34,565 - app - INFO - 开始下载文件
2025-04-04 16:17:34,771 - app - INFO - HTTP请求成功
2025-04-04 16:17:34,771 - app - INFO - 从URL提取的原始文件名: e5dfe7ce-b075-410e-bd0b-69de0540eaa7.edf
2025-04-04 16:17:34,771 - app - INFO - 设置保存路径: E:\Code\jisheeeg\uploads\1743754654_e5dfe7ce-b075-410e-bd0b-69de0540eaa7.edf
2025-04-04 16:17:34,771 - app - INFO - 开始保存文件
2025-04-04 16:17:51,615 - app - INFO - 文件已下载到: E:\Code\jisheeeg\uploads\1743754654_e5dfe7ce-b075-410e-bd0b-69de0540eaa7.edf
2025-04-04 16:17:51,615 - app - INFO - 开始特征提取过程
2025-04-04 16:17:51,615 - app - INFO - 依次运行各个特征提取
2025-04-04 16:17:51,615 - app - INFO - 开始零交叉特征提取
2025-04-04 16:17:55,075 - app - INFO - 零交叉特征提取完成，获得6个结果
2025-04-04 16:17:55,075 - app - INFO - 开始STFT特征提取
2025-04-04 16:18:11,031 - app - INFO - STFT特征提取完成，获得6个结果
2025-04-04 16:18:11,031 - app - INFO - 开始DWT特征提取
2025-04-04 16:18:32,961 - app - INFO - DWT特征提取完成，获得6个结果
2025-04-04 16:18:32,977 - app - INFO - 所有特征提取完成
2025-04-04 16:18:32,977 - app - INFO - 准备返回特征提取结果
2025-04-04 16:18:32,977 - app - INFO - 特征提取请求处理完成，清理临时文件
2025-04-04 16:18:32,983 - app - INFO - 临时文件已删除: E:\Code\jisheeeg\uploads\1743754654_e5dfe7ce-b075-410e-bd0b-69de0540eaa7.edf
2026-02-06 15:30:23,604 - app - INFO - 上传目录已存在: E:\Seizure_monitoring\Seizure_monitoring_python\uploads
2026-02-06 15:30:23,606 - app - INFO - 服务启动在 http://127.0.0.1:5001
2026-02-06 15:30:23,606 - app - INFO - 上传目录: E:\Seizure_monitoring\Seizure_monitoring_python\uploads
2026-02-06 15:30:27,284 - app - INFO - 上传目录已存在: E:\Seizure_monitoring\Seizure_monitoring_python\uploads
2026-02-06 15:30:27,285 - app - INFO - 服务启动在 http://127.0.0.1:5001
2026-02-06 15:30:27,285 - app - INFO - 上传目录: E:\Seizure_monitoring\Seizure_monitoring_python\uploads
2026-02-06 15:35:29,791 - app - INFO - 上传目录已存在: E:\Seizure_monitoring\Seizure_monitoring_python\uploads
2026-02-06 15:35:29,792 - app - INFO - 服务启动在 http://127.0.0.1:5001
2026-02-06 15:35:29,792 - app - INFO - 上传目录: E:\Seizure_monitoring\Seizure_monitoring_python\uploads
2026-02-06 15:36:49,341 - app - INFO - 上传目录已存在: E:\Seizure_monitoring\Seizure_monitoring_python\uploads
2026-02-06 15:36:49,342 - app - INFO - 服务启动在 http://127.0.0.1:5001
2026-02-06 15:36:49,342 - app - INFO - 上传目录: E:\Seizure_monitoring\Seizure_monitoring_python\uploads
2026-02-06 15:36:52,989 - app - INFO - 上传目录已存在: E:\Seizure_monitoring\Seizure_monitoring_python\uploads
2026-02-06 15:36:52,991 - app - INFO - 服务启动在 http://127.0.0.1:5001
2026-02-06 15:36:52,991 - app - INFO - 上传目录: E:\Seizure_monitoring\Seizure_monitoring_python\uploads
2026-02-06 15:46:42,074 - app - INFO - 上传目录已存在: E:\Seizure_monitoring\Seizure_monitoring_python\uploads
2026-02-06 15:46:42,075 - app - INFO - 服务启动在 http://127.0.0.1:5001
2026-02-06 15:46:42,075 - app - INFO - 上传目录: E:\Seizure_monitoring\Seizure_monitoring_python\uploads
2026-02-06 15:47:14,827 - app - INFO - 上传目录已存在: E:\Seizure_monitoring\Seizure_monitoring_python\uploads
2026-02-06 15:47:14,829 - app - INFO - 服务启动在 http://127.0.0.1:5001
2026-02-06 15:47:14,829 - app - INFO - 上传目录: E:\Seizure_monitoring\Seizure_monitoring_python\uploads
2026-02-06 15:47:18,712 - app - INFO - 上传目录已存在: E:\Seizure_monitoring\Seizure_monitoring_python\uploads
2026-02-06 15:47:18,713 - app - INFO - 服务启动在 http://127.0.0.1:5001
2026-02-06 15:47:18,713 - app - INFO - 上传目录: E:\Seizure_monitoring\Seizure_monitoring_python\uploads
2026-02-06 15:48:59,145 - app - INFO - 登录请求: username=admin
2026-02-06 15:48:59,146 - app - INFO - 登录成功: username=admin, token=cf2a1ba5-7cac-4eb8-b289-e0673b74b12f
2026-02-06 15:50:17,771 - app - INFO - 登录请求: username=admin
2026-02-06 15:50:17,771 - app - INFO - 登录成功: username=admin, token=df780c4c-586a-4248-80bc-8dc417b03ac3
2026-02-06 15:50:21,023 - app - INFO - 获取用户信息请求: token=df780c4c-586a-4248-80bc-8dc417b03ac3
2026-02-06 15:50:21,024 - app - INFO - 获取用户信息成功: username=admin
2026-02-06 15:50:21,202 - app - INFO - 获取用户信息请求: token=df780c4c-586a-4248-80bc-8dc417b03ac3
2026-02-06 15:50:21,202 - app - INFO - 获取用户信息成功: username=admin
2026-02-06 15:51:08,209 - app - INFO - 登录请求: username=admin
2026-02-06 15:51:08,210 - app - INFO - 登录成功: username=admin, token=42356209-a2c1-4b5d-92d0-7fb231bec71e
2026-02-06 15:51:11,385 - app - INFO - 获取用户信息请求: token=42356209-a2c1-4b5d-92d0-7fb231bec71e
2026-02-06 15:51:11,386 - app - INFO - 获取用户信息成功: username=admin
2026-02-06 15:51:11,549 - app - INFO - 获取用户信息请求: token=42356209-a2c1-4b5d-92d0-7fb231bec71e
2026-02-06 15:51:11,549 - app - INFO - 获取用户信息成功: username=admin
2026-02-06 15:51:33,910 - app - INFO - 获取用户信息请求: token=42356209-a2c1-4b5d-92d0-7fb231bec71e
2026-02-06 15:51:33,911 - app - INFO - 获取用户信息成功: username=admin
2026-02-07 13:55:32,026 - app - INFO - 上传目录已存在: E:\Seizure_monitoring\Seizure_monitoring_python\uploads
2026-02-07 13:55:32,029 - app - INFO - 服务启动在 http://127.0.0.1:5001
2026-02-07 13:55:32,029 - app - INFO - 上传目录: E:\Seizure_monitoring\Seizure_monitoring_python\uploads
2026-02-07 13:55:35,945 - app - INFO - 上传目录已存在: E:\Seizure_monitoring\Seizure_monitoring_python\uploads
2026-02-07 13:55:35,948 - app - INFO - 服务启动在 http://127.0.0.1:5001
2026-02-07 13:55:35,948 - app - INFO - 上传目录: E:\Seizure_monitoring\Seizure_monitoring_python\uploads
2026-02-07 13:58:40,892 - app - INFO - 获取用户信息请求: token=df780c4c-586a-4248-80bc-8dc417b03ac3
2026-02-07 13:58:40,894 - app - ERROR - 无效的token
2026-02-07 13:58:40,899 - app - INFO - 获取用户信息请求: token=df780c4c-586a-4248-80bc-8dc417b03ac3
2026-02-07 13:58:40,899 - app - ERROR - 无效的token
2026-02-07 14:05:36,447 - app - INFO - 登录请求: username=admin
2026-02-07 14:05:36,452 - app - INFO - 登录成功: username=admin, token=e9dac394-35c5-41b4-8e86-061c766d9d79
2026-02-07 14:05:39,559 - app - INFO - 获取用户信息请求: token=e9dac394-35c5-41b4-8e86-061c766d9d79
2026-02-07 14:05:39,561 - app - INFO - 获取用户信息成功: username=admin
2026-02-07 14:05:39,868 - app - INFO - 获取用户信息请求: token=e9dac394-35c5-41b4-8e86-061c766d9d79
2026-02-07 14:05:39,869 - app - INFO - 获取用户信息成功: username=admin
2026-02-07 14:12:25,036 - app - INFO - 上传目录已存在: E:\Seizure_monitoring\Seizure_monitoring_python\uploads
2026-02-07 14:12:25,039 - app - INFO - 服务启动在 http://127.0.0.1:5001
2026-02-07 14:12:25,040 - app - INFO - 上传目录: E:\Seizure_monitoring\Seizure_monitoring_python\uploads
2026-02-07 14:12:29,408 - app - INFO - 上传目录已存在: E:\Seizure_monitoring\Seizure_monitoring_python\uploads
2026-02-07 14:12:29,409 - app - INFO - 服务启动在 http://127.0.0.1:5001
2026-02-07 14:12:29,409 - app - INFO - 上传目录: E:\Seizure_monitoring\Seizure_monitoring_python\uploads
2026-02-07 14:13:44,141 - app - INFO - 获取用户信息请求: token=42356209-a2c1-4b5d-92d0-7fb231bec71e
2026-02-07 14:13:44,146 - app - ERROR - 无效的token
2026-02-07 14:13:44,160 - app - INFO - 获取用户信息请求: token=42356209-a2c1-4b5d-92d0-7fb231bec71e
2026-02-07 14:13:44,161 - app - ERROR - 无效的token
2026-02-07 14:13:55,318 - app - INFO - 登录请求: username=admin
2026-02-07 14:13:55,320 - app - INFO - 登录成功: username=admin, token=8b23d08f-d5d1-4fce-b5d1-33d7f368f7b0
2026-02-07 14:13:58,440 - app - INFO - 获取用户信息请求: token=8b23d08f-d5d1-4fce-b5d1-33d7f368f7b0
2026-02-07 14:13:58,443 - app - INFO - 获取用户信息成功: username=admin
2026-02-07 14:13:58,750 - app - INFO - 获取用户信息请求: token=8b23d08f-d5d1-4fce-b5d1-33d7f368f7b0
2026-02-07 14:13:58,750 - app - INFO - 获取用户信息成功: username=admin
2026-02-07 14:16:50,634 - app - INFO - 获取用户信息请求: token=8b23d08f-d5d1-4fce-b5d1-33d7f368f7b0
2026-02-07 14:16:50,644 - app - INFO - 获取用户信息成功: username=admin
2026-02-07 14:16:50,665 - app - INFO - 获取用户信息请求: token=8b23d08f-d5d1-4fce-b5d1-33d7f368f7b0
2026-02-07 14:16:50,665 - app - INFO - 获取用户信息成功: username=admin
2026-02-07 14:18:07,080 - app - INFO - 获取用户信息请求: token=8b23d08f-d5d1-4fce-b5d1-33d7f368f7b0
2026-02-07 14:18:07,083 - app - INFO - 获取用户信息成功: username=admin
2026-02-07 14:18:29,322 - app - INFO - 获取用户信息请求: token=8b23d08f-d5d1-4fce-b5d1-33d7f368f7b0
2026-02-07 14:18:29,323 - app - INFO - 获取用户信息成功: username=admin
2026-02-07 14:20:11,939 - app - INFO - 获取用户信息请求: token=8b23d08f-d5d1-4fce-b5d1-33d7f368f7b0
2026-02-07 14:20:11,942 - app - INFO - 获取用户信息成功: username=admin
2026-02-07 14:20:56,695 - app - INFO - 获取用户信息请求: token=8b23d08f-d5d1-4fce-b5d1-33d7f368f7b0
2026-02-07 14:20:56,696 - app - INFO - 获取用户信息成功: username=admin
2026-02-07 14:20:56,706 - app - INFO - 获取用户信息请求: token=8b23d08f-d5d1-4fce-b5d1-33d7f368f7b0
2026-02-07 14:20:56,706 - app - INFO - 获取用户信息成功: username=admin
2026-02-07 14:23:59,042 - app - INFO - 上传目录已存在: E:\Seizure_monitoring\Seizure_monitoring_python\uploads
2026-02-07 14:23:59,046 - app - INFO - 服务启动在 http://127.0.0.1:5001
2026-02-07 14:23:59,046 - app - INFO - 上传目录: E:\Seizure_monitoring\Seizure_monitoring_python\uploads
2026-02-07 14:24:09,344 - app - INFO - 获取用户信息请求: token=8b23d08f-d5d1-4fce-b5d1-33d7f368f7b0
2026-02-07 14:24:09,345 - app - INFO - 获取待办事项列表请求
2026-02-07 14:24:09,345 - app - INFO - 获取通知列表请求
2026-02-07 14:24:09,346 - app - ERROR - 无效的token
2026-02-07 14:24:09,346 - app - INFO - 返回待办事项列表: 共2条，当前页1，每页5条
2026-02-07 14:24:09,346 - app - INFO - 返回通知列表: 共2条
2026-02-07 14:24:09,376 - app - INFO - 获取用户信息请求: token=8b23d08f-d5d1-4fce-b5d1-33d7f368f7b0
2026-02-07 14:24:09,376 - app - ERROR - 无效的token
2026-02-07 14:24:11,498 - app - INFO - 登录请求: username=admin
2026-02-07 14:24:11,499 - app - INFO - 登录成功: username=admin, token=866df435-3fc3-4636-bac6-849239ce262e
2026-02-07 14:24:14,614 - app - INFO - 获取用户信息请求: token=866df435-3fc3-4636-bac6-849239ce262e
2026-02-07 14:24:14,615 - app - INFO - 获取通知列表请求
2026-02-07 14:24:14,615 - app - INFO - 获取待办事项列表请求
2026-02-07 14:24:14,615 - app - INFO - 获取用户信息成功: username=admin
2026-02-07 14:24:14,615 - app - INFO - 返回通知列表: 共2条
2026-02-07 14:24:14,615 - app - INFO - 返回待办事项列表: 共2条，当前页1，每页5条
2026-02-07 14:24:14,922 - app - INFO - 获取用户信息请求: token=866df435-3fc3-4636-bac6-849239ce262e
2026-02-07 14:24:14,922 - app - INFO - 获取用户信息成功: username=admin
2026-02-07 14:24:27,607 - app - INFO - 获取用户信息请求: token=866df435-3fc3-4636-bac6-849239ce262e
2026-02-07 14:24:27,608 - app - INFO - 获取待办事项列表请求
2026-02-07 14:24:27,608 - app - INFO - 获取通知列表请求
2026-02-07 14:24:27,608 - app - INFO - 获取用户信息成功: username=admin
2026-02-07 14:24:27,609 - app - INFO - 返回待办事项列表: 共2条，当前页1，每页5条
2026-02-07 14:24:27,609 - app - INFO - 返回通知列表: 共2条
2026-02-07 14:25:10,966 - app - INFO - 获取用户信息请求: token=866df435-3fc3-4636-bac6-849239ce262e
2026-02-07 14:25:10,966 - app - INFO - 获取待办事项列表请求
2026-02-07 14:25:10,967 - app - INFO - 获取通知列表请求
2026-02-07 14:25:10,967 - app - INFO - 获取用户信息成功: username=admin
2026-02-07 14:25:10,967 - app - INFO - 返回待办事项列表: 共2条，当前页1，每页5条
2026-02-07 14:25:10,967 - app - INFO - 返回通知列表: 共2条
2026-02-07 14:26:21,268 - app - INFO - 获取用户信息请求: token=866df435-3fc3-4636-bac6-849239ce262e
2026-02-07 14:26:21,269 - app - INFO - 获取用户信息成功: username=admin
2026-02-07 14:27:20,226 - app - INFO - 上传目录已存在: E:\Seizure_monitoring\Seizure_monitoring_python\uploads
2026-02-07 14:27:20,230 - app - INFO - 服务启动在 http://127.0.0.1:5001
2026-02-07 14:27:20,230 - app - INFO - 上传目录: E:\Seizure_monitoring\Seizure_monitoring_python\uploads
2026-02-07 14:35:01,446 - app - INFO - 获取待办事项列表请求
2026-02-07 14:35:01,448 - app - INFO - 获取用户信息请求: token=866df435-3fc3-4636-bac6-849239ce262e
2026-02-07 14:35:01,449 - app - INFO - 返回待办事项列表: 共2条，当前页1，每页5条
2026-02-07 14:35:01,449 - app - ERROR - 无效的token
2026-02-07 14:35:01,449 - app - INFO - 获取通知列表请求
2026-02-07 14:35:01,456 - app - INFO - 返回通知列表: 共2条
2026-02-07 14:35:03,340 - app - INFO - 登录请求: username=admin
2026-02-07 14:35:03,341 - app - INFO - 登录成功: username=admin, token=9f99beb3-077a-406f-bfbf-02a75949fb35
2026-02-07 14:35:06,414 - app - INFO - 获取用户信息请求: token=9f99beb3-077a-406f-bfbf-02a75949fb35
2026-02-07 14:35:06,415 - app - INFO - 获取待办事项列表请求
2026-02-07 14:35:06,415 - app - INFO - 获取用户信息成功: username=admin
2026-02-07 14:35:06,416 - app - INFO - 返回待办事项列表: 共2条，当前页1，每页5条
2026-02-07 14:35:06,715 - app - INFO - 获取通知列表请求
2026-02-07 14:35:06,716 - app - INFO - 返回通知列表: 共2条
2026-02-07 14:35:06,722 - app - INFO - 获取用户信息请求: token=9f99beb3-077a-406f-bfbf-02a75949fb35
2026-02-07 14:35:06,722 - app - INFO - 获取用户信息成功: username=admin
2026-02-07 14:39:56,652 - app - INFO - 分页查询病人请求
2026-02-07 14:39:56,654 - app - INFO - 分页查询病人请求
2026-02-07 14:39:56,654 - app - INFO - 返回患者列表: 共3条，当前页1，每页10条
2026-02-07 14:39:56,654 - app - INFO - 返回患者列表: 共3条，当前页1，每页1000条
2026-02-07 14:40:02,698 - app - INFO - 获取用户信息请求: token=9f99beb3-077a-406f-bfbf-02a75949fb35
2026-02-07 14:40:02,699 - app - INFO - 获取用户信息成功: username=admin
2026-02-07 14:40:02,701 - app - INFO - 获取待办事项列表请求
2026-02-07 14:40:02,701 - app - INFO - 返回待办事项列表: 共2条，当前页1，每页5条
2026-02-07 14:40:02,703 - app - INFO - 获取通知列表请求
2026-02-07 14:40:02,704 - app - INFO - 返回通知列表: 共2条
2026-02-07 14:40:05,565 - app - INFO - 获取用户信息请求: token=9f99beb3-077a-406f-bfbf-02a75949fb35
2026-02-07 14:40:05,565 - app - INFO - 获取用户信息成功: username=admin
2026-02-07 14:40:05,866 - app - INFO - 获取所有病人列表请求
2026-02-07 14:40:05,867 - app - INFO - 返回所有患者列表: 共3条
2026-02-07 14:40:07,678 - app - INFO - 分页查询病人请求
2026-02-07 14:40:07,679 - app - INFO - 分页查询病人请求
2026-02-07 14:40:07,679 - app - INFO - 返回患者列表: 共3条，当前页1，每页10条
2026-02-07 14:40:07,679 - app - INFO - 返回患者列表: 共3条，当前页1，每页1000条
2026-02-07 14:40:09,551 - app - INFO - 获取用户信息请求: token=9f99beb3-077a-406f-bfbf-02a75949fb35
2026-02-07 14:40:09,552 - app - INFO - 获取用户信息成功: username=admin
2026-02-07 14:40:09,552 - app - INFO - 获取待办事项列表请求
2026-02-07 14:40:09,553 - app - INFO - 返回待办事项列表: 共2条，当前页1，每页5条
2026-02-07 14:40:09,852 - app - INFO - 获取通知列表请求
2026-02-07 14:40:09,852 - app - INFO - 返回通知列表: 共2条
2026-02-07 14:40:14,742 - app - INFO - 获取所有病人列表请求
2026-02-07 14:40:14,742 - app - INFO - 返回所有患者列表: 共3条
2026-02-07 14:40:16,984 - app - INFO - 获取用户信息请求: token=9f99beb3-077a-406f-bfbf-02a75949fb35
2026-02-07 14:40:16,985 - app - INFO - 获取待办事项列表请求
2026-02-07 14:40:16,990 - app - INFO - 获取通知列表请求
2026-02-07 14:40:16,990 - app - INFO - 获取用户信息成功: username=admin
2026-02-07 14:40:16,990 - app - INFO - 返回待办事项列表: 共2条，当前页1，每页5条
2026-02-07 14:40:16,990 - app - INFO - 返回通知列表: 共2条
2026-02-07 14:40:16,997 - app - INFO - 获取用户信息请求: token=9f99beb3-077a-406f-bfbf-02a75949fb35
2026-02-07 14:40:16,997 - app - INFO - 获取用户信息成功: username=admin
2026-02-07 14:40:23,422 - app - INFO - 获取用户信息请求: token=9f99beb3-077a-406f-bfbf-02a75949fb35
2026-02-07 14:40:23,423 - app - INFO - 获取用户信息成功: username=admin
2026-02-07 14:40:23,720 - app - INFO - 获取待办事项列表请求
2026-02-07 14:40:23,720 - app - INFO - 返回待办事项列表: 共2条，当前页1，每页5条
2026-02-07 14:40:23,721 - app - INFO - 获取通知列表请求
2026-02-07 14:40:23,722 - app - INFO - 返回通知列表: 共2条
2026-02-07 14:44:12,126 - app - INFO - 上传目录已存在: E:\Seizure_monitoring\Seizure_monitoring_python\uploads
2026-02-07 14:44:12,136 - app - INFO - 服务启动在 http://127.0.0.1:5001
2026-02-07 14:44:12,136 - app - INFO - 上传目录: E:\Seizure_monitoring\Seizure_monitoring_python\uploads
2026-02-07 14:45:37,235 - app - INFO - 获取用户信息请求: token=9f99beb3-077a-406f-bfbf-02a75949fb35
2026-02-07 14:45:37,235 - app - ERROR - 无效的token
2026-02-07 14:45:37,536 - app - INFO - 获取待办事项列表请求
2026-02-07 14:45:37,537 - app - INFO - 返回待办事项列表: 共2条，当前页1，每页5条
2026-02-07 14:45:37,537 - app - INFO - 获取通知列表请求
2026-02-07 14:45:37,537 - app - INFO - 返回通知列表: 共2条
2026-02-07 14:45:37,543 - app - INFO - 获取用户信息请求: token=9f99beb3-077a-406f-bfbf-02a75949fb35
2026-02-07 14:45:37,543 - app - ERROR - 无效的token
2026-02-07 14:45:38,791 - app - INFO - 登录请求: username=admin
2026-02-07 14:45:38,791 - app - INFO - 登录成功: username=admin, token=c3208bc1-61b2-4b79-b533-67a1170ec3ee
2026-02-07 14:45:41,878 - app - INFO - 获取用户信息请求: token=c3208bc1-61b2-4b79-b533-67a1170ec3ee
2026-02-07 14:45:41,878 - app - INFO - 获取用户信息成功: username=admin
2026-02-07 14:45:42,172 - app - INFO - 获取待办事项列表请求
2026-02-07 14:45:42,172 - app - INFO - 返回待办事项列表: 共2条，当前页1，每页5条
2026-02-07 14:45:42,173 - app - INFO - 获取通知列表请求
2026-02-07 14:45:42,173 - app - INFO - 返回通知列表: 共2条
2026-02-07 14:45:42,184 - app - INFO - 获取用户信息请求: token=c3208bc1-61b2-4b79-b533-67a1170ec3ee
2026-02-07 14:45:42,184 - app - INFO - 获取用户信息成功: username=admin
2026-02-07 14:45:43,549 - app - INFO - 分页查询病人请求
2026-02-07 14:45:43,549 - app - INFO - 返回患者列表: 共3条，当前页1，每页10条
2026-02-07 14:45:43,659 - app - INFO - 分页查询病人请求
2026-02-07 14:45:43,660 - app - INFO - 返回患者列表: 共3条，当前页1，每页1000条
2026-02-07 14:45:47,160 - app - INFO - 获取所有病人列表请求
2026-02-07 14:45:47,160 - app - INFO - 获取用户信息请求: token=c3208bc1-61b2-4b79-b533-67a1170ec3ee
2026-02-07 14:45:47,160 - app - INFO - 返回所有患者列表: 共3条
2026-02-07 14:45:47,161 - app - INFO - 分页查询EEG分析记录请求
2026-02-07 14:45:47,161 - app - INFO - 获取用户信息成功: username=admin
2026-02-07 14:45:47,162 - app - INFO - 返回EEG分析记录列表: 共0条，当前页1，每页10条
2026-02-07 14:45:49,770 - app - INFO - 获取所有病人列表请求
2026-02-07 14:45:49,771 - app - INFO - 返回所有患者列表: 共3条
2026-02-07 14:45:50,021 - app - INFO - 获取用户信息请求: token=c3208bc1-61b2-4b79-b533-67a1170ec3ee
2026-02-07 14:45:50,022 - app - INFO - 获取用户信息成功: username=admin
2026-02-07 14:45:53,009 - app - INFO - 获取所有病人列表请求
2026-02-07 14:45:53,009 - app - INFO - 返回所有患者列表: 共3条
2026-02-07 14:45:55,674 - app - INFO - 获取用户信息请求: token=c3208bc1-61b2-4b79-b533-67a1170ec3ee
2026-02-07 14:45:55,675 - app - INFO - 获取待办事项列表请求
2026-02-07 14:45:55,675 - app - INFO - 获取用户信息成功: username=admin
2026-02-07 14:45:55,675 - app - INFO - 返回待办事项列表: 共2条，当前页1，每页5条
2026-02-07 14:45:55,976 - app - INFO - 获取通知列表请求
2026-02-07 14:45:55,977 - app - INFO - 返回通知列表: 共2条
2026-02-07 14:45:55,982 - app - INFO - 获取用户信息请求: token=c3208bc1-61b2-4b79-b533-67a1170ec3ee
2026-02-07 14:45:55,982 - app - INFO - 获取用户信息成功: username=admin
2026-02-07 14:46:08,894 - app - INFO - 添加待办事项请求
2026-02-07 14:46:08,896 - app - INFO - 添加待办事项成功: id=3, title=阿迪斯
2026-02-07 14:46:09,145 - app - INFO - 获取待办事项列表请求
2026-02-07 14:46:09,145 - app - INFO - 返回待办事项列表: 共2条，当前页1，每页5条
2026-02-07 14:46:24,533 - app - INFO - 添加待办事项请求
2026-02-07 14:46:24,534 - app - INFO - 添加待办事项成功: id=4, title=阿达
2026-02-07 14:46:24,862 - app - INFO - 获取待办事项列表请求
2026-02-07 14:46:24,863 - app - INFO - 返回待办事项列表: 共2条，当前页1，每页5条
2026-02-07 14:46:29,911 - app - INFO - 获取用户信息请求: token=c3208bc1-61b2-4b79-b533-67a1170ec3ee
2026-02-07 14:46:29,912 - app - INFO - 获取用户信息成功: username=admin
2026-02-07 14:46:29,912 - app - INFO - 获取待办事项列表请求
2026-02-07 14:46:29,913 - app - INFO - 返回待办事项列表: 共2条，当前页1，每页5条
2026-02-07 14:46:29,972 - app - INFO - 获取通知列表请求
2026-02-07 14:46:29,972 - app - INFO - 返回通知列表: 共2条
2026-02-07 14:46:29,973 - app - INFO - 获取用户信息请求: token=c3208bc1-61b2-4b79-b533-67a1170ec3ee
2026-02-07 14:46:29,974 - app - INFO - 获取用户信息成功: username=admin
2026-02-07 14:46:43,470 - app - INFO - 分页查询病人请求
2026-02-07 14:46:43,470 - app - INFO - 返回患者列表: 共3条，当前页1，每页10条
2026-02-07 14:46:43,471 - app - INFO - 分页查询病人请求
2026-02-07 14:46:43,471 - app - INFO - 返回患者列表: 共3条，当前页1，每页1000条
2026-02-07 14:46:48,472 - app - INFO - 获取所有病人列表请求
2026-02-07 14:46:48,473 - app - INFO - 返回所有患者列表: 共3条
2026-02-07 14:46:48,682 - app - INFO - 获取用户信息请求: token=c3208bc1-61b2-4b79-b533-67a1170ec3ee
2026-02-07 14:46:48,683 - app - INFO - 分页查询EEG分析记录请求
2026-02-07 14:46:48,683 - app - INFO - 获取用户信息成功: username=admin
2026-02-07 14:46:48,683 - app - INFO - 返回EEG分析记录列表: 共0条，当前页1，每页10条
2026-02-07 14:46:50,026 - app - INFO - 获取用户信息请求: token=c3208bc1-61b2-4b79-b533-67a1170ec3ee
2026-02-07 14:46:50,044 - app - INFO - 获取待办事项列表请求
2026-02-07 14:46:50,044 - app - INFO - 获取用户信息成功: username=admin
2026-02-07 14:46:50,044 - app - INFO - 获取通知列表请求
2026-02-07 14:46:50,044 - app - INFO - 返回待办事项列表: 共2条，当前页1，每页5条
2026-02-07 14:46:50,045 - app - INFO - 返回通知列表: 共2条
2026-02-07 14:47:30,632 - app - INFO - 分页查询病人请求
2026-02-07 14:47:30,634 - app - INFO - 返回患者列表: 共3条，当前页1，每页10条
2026-02-07 14:47:30,637 - app - INFO - 分页查询病人请求
2026-02-07 14:47:30,637 - app - INFO - 返回患者列表: 共3条，当前页1，每页1000条
2026-02-07 14:47:44,185 - app - INFO - 分页查询病人请求
2026-02-07 14:47:44,188 - app - INFO - 返回患者列表: 共1条，当前页1，每页10条
2026-02-07 14:47:53,121 - app - INFO - 更新病人信息请求
2026-02-07 14:47:53,125 - app - INFO - 更新病人成功: id=1
2026-02-07 14:47:53,369 - app - INFO - 分页查询病人请求
2026-02-07 14:47:53,369 - app - INFO - 返回患者列表: 共0条，当前页1，每页10条
2026-02-07 14:47:56,795 - app - INFO - 分页查询病人请求
2026-02-07 14:47:56,796 - app - INFO - 返回患者列表: 共1条，当前页1，每页10条
2026-02-07 14:48:42,324 - app - INFO - 获取用户信息请求: token=c3208bc1-61b2-4b79-b533-67a1170ec3ee
2026-02-07 14:48:42,324 - app - INFO - 获取待办事项列表请求
2026-02-07 14:48:42,325 - app - INFO - 获取通知列表请求
2026-02-07 14:48:42,325 - app - INFO - 获取用户信息成功: username=admin
2026-02-07 14:48:42,325 - app - INFO - 返回待办事项列表: 共2条，当前页1，每页5条
2026-02-07 14:48:42,325 - app - INFO - 返回通知列表: 共2条
2026-02-07 14:48:47,523 - app - INFO - 添加待办事项请求
2026-02-07 14:48:47,524 - app - INFO - 添加待办事项成功: id=5, title=
2026-02-07 14:48:47,843 - app - INFO - 获取待办事项列表请求
2026-02-07 14:48:47,843 - app - INFO - 返回待办事项列表: 共2条，当前页1，每页5条
2026-02-07 14:52:27,834 - app - INFO - 上传目录已存在: E:\Seizure_monitoring\Seizure_monitoring_python\uploads
2026-02-07 14:52:27,840 - app - INFO - 服务启动在 http://127.0.0.1:5001
2026-02-07 14:52:27,841 - app - INFO - 上传目录: E:\Seizure_monitoring\Seizure_monitoring_python\uploads
2026-02-07 14:52:58,486 - app - INFO - 上传目录已存在: E:\Seizure_monitoring\Seizure_monitoring_python\uploads
2026-02-07 14:52:58,493 - app - INFO - 服务启动在 http://127.0.0.1:5001
2026-02-07 14:52:58,493 - app - INFO - 上传目录: E:\Seizure_monitoring\Seizure_monitoring_python\uploads
2026-02-07 14:55:18,875 - app - INFO - 上传目录已存在: E:\Seizure_monitoring\Seizure_monitoring_python\uploads
2026-02-07 14:55:18,884 - app - INFO - 服务启动在 http://127.0.0.1:5001
2026-02-07 14:55:18,884 - app - INFO - 上传目录: E:\Seizure_monitoring\Seizure_monitoring_python\uploads
2026-02-07 14:55:25,933 - app - INFO - 上传目录已存在: E:\Seizure_monitoring\Seizure_monitoring_python\uploads
2026-02-07 14:55:25,947 - app - INFO - 服务启动在 http://127.0.0.1:5001
2026-02-07 14:55:25,948 - app - INFO - 上传目录: E:\Seizure_monitoring\Seizure_monitoring_python\uploads
2026-02-07 14:55:42,314 - app - INFO - 上传目录已存在: E:\Seizure_monitoring\Seizure_monitoring_python\uploads
2026-02-07 14:55:42,322 - app - INFO - 服务启动在 http://127.0.0.1:5001
2026-02-07 14:55:42,323 - app - INFO - 上传目录: E:\Seizure_monitoring\Seizure_monitoring_python\uploads
2026-02-07 14:56:11,630 - app - INFO - 获取用户信息请求: token=c3208bc1-61b2-4b79-b533-67a1170ec3ee
2026-02-07 14:56:11,630 - app - INFO - 获取待办事项列表请求
2026-02-07 14:56:11,631 - app - INFO - 获取通知列表请求
2026-02-07 14:56:11,631 - app - ERROR - 无效的token
2026-02-07 14:56:11,631 - app - INFO - 返回待办事项列表: 共2条，当前页1，每页5条
2026-02-07 14:56:11,631 - app - INFO - 返回通知列表: 共2条
2026-02-07 14:56:11,641 - app - INFO - 获取用户信息请求: token=c3208bc1-61b2-4b79-b533-67a1170ec3ee
2026-02-07 14:56:11,642 - app - ERROR - 无效的token
2026-02-07 14:56:13,273 - app - INFO - 登录请求: username=admin
2026-02-07 14:56:13,273 - app - INFO - 登录成功: username=admin, token=6062d271-ba94-4aa5-bec2-96ee4126e952
2026-02-07 14:56:16,403 - app - INFO - 获取用户信息请求: token=6062d271-ba94-4aa5-bec2-96ee4126e952
2026-02-07 14:56:16,404 - app - INFO - 获取用户信息成功: username=admin
2026-02-07 14:56:16,405 - app - INFO - 获取待办事项列表请求
2026-02-07 14:56:16,406 - app - INFO - 返回待办事项列表: 共2条，当前页1，每页5条
2026-02-07 14:56:16,702 - app - INFO - 获取通知列表请求
2026-02-07 14:56:16,702 - app - INFO - 返回通知列表: 共2条
2026-02-07 14:56:16,711 - app - INFO - 获取用户信息请求: token=6062d271-ba94-4aa5-bec2-96ee4126e952
2026-02-07 14:56:16,712 - app - INFO - 获取用户信息成功: username=admin
2026-02-07 14:56:26,304 - app - INFO - 添加待办事项请求
2026-02-07 14:56:26,304 - app - INFO - 添加待办事项成功: id=3, title=阿迪斯
2026-02-07 14:56:26,553 - app - INFO - 获取待办事项列表请求
2026-02-07 14:56:26,553 - app - INFO - 返回待办事项列表: 共2条，当前页1，每页5条
2026-02-07 14:56:42,353 - app - INFO - 新建通知请求
2026-02-07 14:56:42,354 - app - INFO - 新建通知成功: id=3, title=阿达
2026-02-07 14:56:42,604 - app - INFO - 获取通知列表请求
2026-02-07 14:56:42,604 - app - INFO - 返回通知列表: 共3条
2026-02-07 14:57:22,551 - app - INFO - 添加待办事项请求
2026-02-07 14:57:22,551 - app - INFO - 添加待办事项成功: id=4, title=大大
2026-02-07 14:57:22,805 - app - INFO - 获取待办事项列表请求
2026-02-07 14:57:22,806 - app - INFO - 返回待办事项列表: 共2条，当前页1，每页5条
2026-02-07 14:57:55,155 - app - INFO - 获取用户信息请求: token=6062d271-ba94-4aa5-bec2-96ee4126e952
2026-02-07 14:57:55,157 - app - INFO - 获取待办事项列表请求
2026-02-07 14:57:55,157 - app - INFO - 获取用户信息成功: username=admin
2026-02-07 14:57:55,158 - app - INFO - 获取通知列表请求
2026-02-07 14:57:55,158 - app - INFO - 返回待办事项列表: 共2条，当前页1，每页5条
2026-02-07 14:57:55,159 - app - INFO - 返回通知列表: 共3条
2026-02-07 14:57:55,163 - app - INFO - 获取用户信息请求: token=6062d271-ba94-4aa5-bec2-96ee4126e952
2026-02-07 14:57:55,163 - app - INFO - 获取用户信息成功: username=admin
2026-02-07 14:58:04,847 - app - INFO - 添加待办事项请求
2026-02-07 14:58:04,848 - app - INFO - 添加待办事项成功: id=5, title=阿达
2026-02-07 14:58:04,878 - app - INFO - 获取待办事项列表请求
2026-02-07 14:58:04,879 - app - INFO - 返回待办事项列表: 共2条，当前页1，每页5条
2026-02-07 14:58:12,521 - app - INFO - 获取待办事项列表请求
2026-02-07 14:58:12,521 - app - INFO - 返回待办事项列表: 共2条，当前页1，每页20条
2026-02-07 14:59:45,202 - app - INFO - 上传目录已存在: E:\Seizure_monitoring\Seizure_monitoring_python\uploads
2026-02-07 14:59:45,210 - app - INFO - 服务启动在 http://127.0.0.1:5001
2026-02-07 14:59:45,211 - app - INFO - 上传目录: E:\Seizure_monitoring\Seizure_monitoring_python\uploads
2026-02-07 15:00:02,234 - app - INFO - 获取用户信息请求: token=6062d271-ba94-4aa5-bec2-96ee4126e952
2026-02-07 15:00:02,234 - app - INFO - 获取待办事项列表请求
2026-02-07 15:00:02,235 - app - INFO - 获取通知列表请求
2026-02-07 15:00:02,235 - app - ERROR - 无效的token
2026-02-07 15:00:02,235 - app - INFO - 返回待办事项列表: 共2条，当前页1，每页5条
2026-02-07 15:00:02,235 - app - INFO - 返回通知列表: 共2条
2026-02-07 15:00:02,241 - app - INFO - 获取用户信息请求: token=6062d271-ba94-4aa5-bec2-96ee4126e952
2026-02-07 15:00:02,241 - app - ERROR - 无效的token
2026-02-07 15:00:03,168 - app - INFO - 登录请求: username=admin
2026-02-07 15:00:03,168 - app - INFO - 登录成功: username=admin, token=d4e00f24-3dde-432b-ae1c-c150341eeae0
2026-02-07 15:00:06,262 - app - INFO - 获取用户信息请求: token=d4e00f24-3dde-432b-ae1c-c150341eeae0
2026-02-07 15:00:06,262 - app - INFO - 获取待办事项列表请求
2026-02-07 15:00:06,262 - app - INFO - 获取用户信息成功: username=admin
2026-02-07 15:00:06,263 - app - INFO - 返回待办事项列表: 共2条，当前页1，每页5条
2026-02-07 15:00:06,559 - app - INFO - 获取通知列表请求
2026-02-07 15:00:06,559 - app - INFO - 返回通知列表: 共2条
2026-02-07 15:00:06,570 - app - INFO - 获取用户信息请求: token=d4e00f24-3dde-432b-ae1c-c150341eeae0
2026-02-07 15:00:06,570 - app - INFO - 获取用户信息成功: username=admin
2026-02-07 15:00:16,198 - app - INFO - 添加待办事项请求
2026-02-07 15:00:16,199 - app - INFO - 添加待办事项成功: id=3, title=阿达
2026-02-07 15:00:16,449 - app - INFO - 获取待办事项列表请求
2026-02-07 15:00:16,449 - app - INFO - 返回待办事项列表: 共3条，当前页1，每页5条
2026-02-07 15:00:20,205 - app - INFO - 分页查询病人请求
2026-02-07 15:00:20,205 - app - INFO - 返回患者列表: 共3条，当前页1，每页10条
2026-02-07 15:00:20,366 - app - INFO - 分页查询病人请求
2026-02-07 15:00:20,366 - app - INFO - 返回患者列表: 共3条，当前页1，每页1000条
2026-02-07 15:00:23,916 - app - INFO - 获取所有病人列表请求
2026-02-07 15:00:23,917 - app - INFO - 获取用户信息请求: token=d4e00f24-3dde-432b-ae1c-c150341eeae0
2026-02-07 15:00:23,917 - app - INFO - 返回所有患者列表: 共3条
2026-02-07 15:00:23,917 - app - INFO - 获取用户信息成功: username=admin
2026-02-07 15:00:26,580 - app - INFO - 获取用户信息请求: token=d4e00f24-3dde-432b-ae1c-c150341eeae0
2026-02-07 15:00:26,580 - app - INFO - 获取用户信息成功: username=admin
2026-02-07 15:00:26,581 - app - INFO - 获取待办事项列表请求
2026-02-07 15:00:26,582 - app - INFO - 返回待办事项列表: 共3条，当前页1，每页5条
2026-02-07 15:00:26,880 - app - INFO - 获取通知列表请求
2026-02-07 15:00:26,880 - app - INFO - 返回通知列表: 共2条
2026-02-07 15:04:20,064 - app - INFO - 上传目录已存在: E:\Seizure_monitoring\Seizure_monitoring_python\uploads
2026-02-07 15:04:20,075 - app - INFO - 服务启动在 http://127.0.0.1:5001
2026-02-07 15:04:20,075 - app - INFO - 上传目录: E:\Seizure_monitoring\Seizure_monitoring_python\uploads
2026-02-07 15:04:40,136 - app - INFO - 获取用户信息请求: token=d4e00f24-3dde-432b-ae1c-c150341eeae0
2026-02-07 15:04:40,137 - app - ERROR - 无效的token
2026-02-07 15:04:40,138 - app - INFO - 获取待办事项列表请求
2026-02-07 15:04:40,138 - app - INFO - 返回待办事项列表: 共2条，当前页1，每页5条
2026-02-07 15:04:40,139 - app - INFO - 获取通知列表请求
2026-02-07 15:04:40,140 - app - INFO - 返回通知列表: 共2条
2026-02-07 15:04:40,145 - app - INFO - 获取用户信息请求: token=d4e00f24-3dde-432b-ae1c-c150341eeae0
2026-02-07 15:04:40,145 - app - ERROR - 无效的token
2026-02-07 15:04:40,873 - app - INFO - 登录请求: username=admin
2026-02-07 15:04:40,874 - app - INFO - 登录成功: username=admin, token=b5733d83-bb5d-41b2-868b-9388a97f0e7e
2026-02-07 15:04:44,255 - app - INFO - 获取用户信息请求: token=b5733d83-bb5d-41b2-868b-9388a97f0e7e
2026-02-07 15:04:44,256 - app - INFO - 获取用户信息成功: username=admin
2026-02-07 15:04:44,257 - app - INFO - 获取待办事项列表请求
2026-02-07 15:04:44,257 - app - INFO - 返回待办事项列表: 共2条，当前页1，每页5条
2026-02-07 15:04:44,258 - app - INFO - 获取通知列表请求
2026-02-07 15:04:44,258 - app - INFO - 返回通知列表: 共2条
2026-02-07 15:04:44,505 - app - INFO - 获取用户信息请求: token=b5733d83-bb5d-41b2-868b-9388a97f0e7e
2026-02-07 15:04:44,505 - app - INFO - 获取用户信息成功: username=admin
2026-02-07 15:05:33,299 - app - INFO - 添加待办事项请求
2026-02-07 15:05:33,300 - app - INFO - 添加待办事项成功: id=3, title=的撒
2026-02-07 15:05:33,627 - app - INFO - 获取待办事项列表请求
2026-02-07 15:05:33,628 - app - INFO - 返回待办事项列表: 共3条，当前页1，每页5条
2026-02-07 15:05:45,039 - app - INFO - 删除待办事项请求: id=1
2026-02-07 15:05:45,040 - app - INFO - 删除待办事项成功: id=1, title=检查患者EEG报告
2026-02-07 15:05:49,843 - app - INFO - 分页查询病人请求
2026-02-07 15:05:49,843 - app - INFO - 返回患者列表: 共3条，当前页1，每页10条
2026-02-07 15:05:49,949 - app - INFO - 分页查询病人请求
2026-02-07 15:05:49,949 - app - INFO - 返回患者列表: 共3条，当前页1，每页1000条
2026-02-07 15:05:54,311 - app - INFO - 获取所有病人列表请求
2026-02-07 15:05:54,311 - app - INFO - 获取用户信息请求: token=b5733d83-bb5d-41b2-868b-9388a97f0e7e
2026-02-07 15:05:54,311 - app - INFO - 返回所有患者列表: 共3条
2026-02-07 15:05:54,311 - app - INFO - 分页查询EEG分析记录请求
2026-02-07 15:05:54,311 - app - INFO - 获取用户信息成功: username=admin
2026-02-07 15:05:54,312 - app - INFO - 返回EEG分析记录列表: 共0条，当前页1，每页10条
2026-02-07 15:06:51,199 - app - INFO - 获取EEG分析结果请求
2026-02-07 15:06:51,199 - app - ERROR - 缺少EEG记录ID
2026-02-07 15:07:10,586 - app - INFO - 获取所有病人列表请求
2026-02-07 15:07:10,586 - app - INFO - 返回所有患者列表: 共3条
2026-02-07 15:07:14,124 - app - INFO - 获取用户信息请求: token=b5733d83-bb5d-41b2-868b-9388a97f0e7e
2026-02-07 15:07:14,125 - app - INFO - 获取待办事项列表请求
2026-02-07 15:07:14,125 - app - INFO - 获取用户信息成功: username=admin
2026-02-07 15:07:14,125 - app - INFO - 返回待办事项列表: 共2条，当前页1，每页5条
2026-02-07 15:07:14,126 - app - INFO - 获取通知列表请求
2026-02-07 15:07:14,127 - app - INFO - 返回通知列表: 共2条
2026-02-07 15:07:14,375 - app - INFO - 获取用户信息请求: token=b5733d83-bb5d-41b2-868b-9388a97f0e7e
2026-02-07 15:07:14,375 - app - INFO - 获取用户信息成功: username=admin
2026-02-07 15:07:18,007 - app - INFO - 获取所有病人列表请求
2026-02-07 15:07:18,007 - app - INFO - 返回所有患者列表: 共3条
2026-02-07 15:07:20,084 - app - INFO - 获取用户信息请求: token=b5733d83-bb5d-41b2-868b-9388a97f0e7e
2026-02-07 15:07:20,084 - app - INFO - 获取用户信息成功: username=admin
2026-02-07 15:07:20,084 - app - INFO - 获取待办事项列表请求
2026-02-07 15:07:20,085 - app - INFO - 获取通知列表请求
2026-02-07 15:07:20,085 - app - INFO - 返回待办事项列表: 共2条，当前页1，每页5条
2026-02-07 15:07:20,085 - app - INFO - 返回通知列表: 共2条
2026-02-07 15:07:20,334 - app - INFO - 获取用户信息请求: token=b5733d83-bb5d-41b2-868b-9388a97f0e7e
2026-02-07 15:07:20,334 - app - INFO - 获取用户信息成功: username=admin
2026-02-07 15:07:22,408 - app - INFO - 获取所有病人列表请求
2026-02-07 15:07:22,409 - app - INFO - 返回所有患者列表: 共3条
2026-02-07 15:07:22,677 - app - INFO - 获取用户信息请求: token=b5733d83-bb5d-41b2-868b-9388a97f0e7e
2026-02-07 15:07:22,677 - app - INFO - 获取用户信息成功: username=admin
2026-02-07 15:07:28,099 - app - INFO - 分页查询病人请求
2026-02-07 15:07:28,100 - app - INFO - 分页查询病人请求
2026-02-07 15:07:28,100 - app - INFO - 返回患者列表: 共3条，当前页1，每页10条
2026-02-07 15:07:28,100 - app - INFO - 返回患者列表: 共3条，当前页1，每页1000条
2026-02-07 15:07:30,271 - app - INFO - 获取用户信息请求: token=b5733d83-bb5d-41b2-868b-9388a97f0e7e
2026-02-07 15:07:30,271 - app - INFO - 获取用户信息成功: username=admin
2026-02-07 15:07:30,272 - app - INFO - 获取待办事项列表请求
2026-02-07 15:07:30,272 - app - INFO - 返回待办事项列表: 共2条，当前页1，每页5条
2026-02-07 15:07:30,573 - app - INFO - 获取通知列表请求
2026-02-07 15:07:30,573 - app - INFO - 返回通知列表: 共2条
2026-02-07 15:13:35,592 - app - INFO - 上传目录已存在: E:\Seizure_monitoring\Seizure_monitoring_python\uploads
2026-02-07 15:13:35,598 - app - INFO - 服务启动在 http://127.0.0.1:5001
2026-02-07 15:13:35,598 - app - INFO - 上传目录: E:\Seizure_monitoring\Seizure_monitoring_python\uploads
2026-02-07 15:14:04,337 - app - INFO - 获取用户信息请求: token=b5733d83-bb5d-41b2-868b-9388a97f0e7e
2026-02-07 15:14:04,337 - app - ERROR - 无效的token
2026-02-07 15:14:05,598 - app - INFO - 登录请求: username=admin
2026-02-07 15:14:05,599 - app - INFO - 登录成功: username=admin, token=678bf30b-3a79-434c-a16c-779bce602b89
2026-02-07 15:14:08,713 - app - INFO - 获取用户信息请求: token=678bf30b-3a79-434c-a16c-779bce602b89
2026-02-07 15:14:08,714 - app - INFO - 获取待办事项列表请求
2026-02-07 15:14:08,714 - app - INFO - 获取通知列表请求
2026-02-07 15:14:08,715 - app - INFO - 获取用户信息成功: username=admin
2026-02-07 15:14:08,715 - app - INFO - 返回待办事项列表: 共2条，当前页1，每页5条
2026-02-07 15:14:08,715 - app - INFO - 返回通知列表: 共2条
2026-02-07 15:14:08,723 - app - INFO - 获取用户信息请求: token=678bf30b-3a79-434c-a16c-779bce602b89
2026-02-07 15:14:08,723 - app - INFO - 获取用户信息成功: username=admin
2026-02-07 15:14:13,244 - app - INFO - 分页查询病人请求
2026-02-07 15:14:13,244 - app - INFO - 返回患者列表: 共3条，当前页1，每页10条
2026-02-07 15:14:13,438 - app - INFO - 分页查询病人请求
2026-02-07 15:14:13,439 - app - INFO - 返回患者列表: 共3条，当前页1，每页1000条
2026-02-07 15:14:23,010 - app - INFO - 更新病人信息请求
2026-02-07 15:14:23,012 - app - INFO - 更新病人成功: id=1
2026-02-07 15:14:23,021 - app - INFO - 分页查询病人请求
2026-02-07 15:14:23,021 - app - INFO - 返回患者列表: 共3条，当前页1，每页10条
2026-02-07 15:14:29,681 - app - INFO - 分页查询病人请求
2026-02-07 15:14:29,681 - app - INFO - 返回患者列表: 共1条，当前页1，每页10条
2026-02-07 15:14:41,545 - app - INFO - 获取所有病人列表请求
2026-02-07 15:14:41,545 - app - INFO - 返回所有患者列表: 共3条
2026-02-07 15:14:41,808 - app - INFO - 获取用户信息请求: token=678bf30b-3a79-434c-a16c-779bce602b89
2026-02-07 15:14:41,809 - app - INFO - 获取用户信息成功: username=admin
2026-02-07 15:14:44,097 - app - INFO - 分页查询病人请求
2026-02-07 15:14:44,098 - app - INFO - 返回患者列表: 共3条，当前页1，每页10条
2026-02-07 15:14:44,398 - app - INFO - 分页查询病人请求
2026-02-07 15:14:44,398 - app - INFO - 返回患者列表: 共3条，当前页1，每页1000条
2026-02-07 15:14:56,181 - app - INFO - 获取用户信息请求: token=678bf30b-3a79-434c-a16c-779bce602b89
2026-02-07 15:14:56,181 - app - INFO - 获取用户信息成功: username=admin
2026-02-07 15:14:56,483 - app - INFO - 获取待办事项列表请求
2026-02-07 15:14:56,484 - app - INFO - 返回待办事项列表: 共2条，当前页1，每页5条
2026-02-07 15:14:56,484 - app - INFO - 获取通知列表请求
2026-02-07 15:14:56,485 - app - INFO - 返回通知列表: 共2条
2026-02-07 15:15:02,123 - app - INFO - 更新待办事项状态请求
2026-02-07 15:15:02,123 - app - INFO - 更新待办事项状态成功: id=1, completed=None
2026-02-07 15:15:02,374 - app - INFO - 获取待办事项列表请求
2026-02-07 15:15:02,375 - app - INFO - 返回待办事项列表: 共2条，当前页1，每页5条
2026-02-07 15:15:08,307 - app - INFO - 更新待办事项状态请求
2026-02-07 15:15:08,308 - app - INFO - 更新待办事项状态成功: id=2, completed=None
2026-02-07 15:15:08,618 - app - INFO - 获取待办事项列表请求
2026-02-07 15:15:08,618 - app - INFO - 返回待办事项列表: 共2条，当前页1，每页5条
2026-02-07 15:15:14,107 - app - INFO - 删除待办事项请求: id=1
2026-02-07 15:15:14,107 - app - INFO - 删除待办事项成功: id=1, title=检查患者EEG报告
2026-02-07 15:15:16,484 - app - INFO - 删除待办事项请求: id=2
2026-02-07 15:15:16,485 - app - INFO - 删除待办事项成功: id=2, title=完成月度统计
2026-02-07 15:15:29,064 - app - INFO - 分页查询病人请求
2026-02-07 15:15:29,065 - app - INFO - 返回患者列表: 共3条，当前页1，每页10条
2026-02-07 15:15:29,366 - app - INFO - 分页查询病人请求
2026-02-07 15:15:29,366 - app - INFO - 返回患者列表: 共3条，当前页1，每页1000条
2026-02-07 15:42:20,036 - app - INFO - 上传目录已存在: E:\Seizure_monitoring\Seizure_monitoring_python\uploads
2026-02-07 15:42:20,044 - app - INFO - 服务启动在 http://127.0.0.1:5001
2026-02-07 15:42:20,045 - app - INFO - 上传目录: E:\Seizure_monitoring\Seizure_monitoring_python\uploads
2026-02-07 15:42:23,837 - app - INFO - 上传目录已存在: E:\Seizure_monitoring\Seizure_monitoring_python\uploads
2026-02-07 15:42:23,853 - app - INFO - 服务启动在 http://127.0.0.1:5001
2026-02-07 15:42:23,854 - app - INFO - 上传目录: E:\Seizure_monitoring\Seizure_monitoring_python\uploads
2026-02-07 15:43:15,260 - app - INFO - 获取通知列表请求
2026-02-07 15:43:15,258 - app - INFO - 获取用户信息请求: token=e9dac394-35c5-41b4-8e86-061c766d9d79
2026-02-07 15:43:15,261 - app - INFO - 获取待办事项列表请求
2026-02-07 15:43:15,275 - app - ERROR - 无效的token
2026-02-07 15:43:15,374 - app - INFO - 获取用户信息请求: token=e9dac394-35c5-41b4-8e86-061c766d9d79
2026-02-07 15:43:15,377 - app - INFO - 返回通知列表: 共0条
2026-02-07 15:43:15,379 - app - ERROR - 无效的token
2026-02-07 15:43:15,380 - app - INFO - 返回待办事项列表: 共0条，当前页1，每页5条
2026-02-07 15:43:27,921 - app - INFO - 登录请求: username=admin
2026-02-07 15:43:27,928 - app - ERROR - 用户名或密码错误
2026-02-07 15:43:33,274 - app - INFO - 登录请求: username=admin
2026-02-07 15:43:33,277 - app - ERROR - 用户名或密码错误
2026-02-07 15:47:54,781 - app - INFO - 上传目录已存在: E:\Seizure_monitoring\Seizure_monitoring_python\uploads
2026-02-07 15:47:54,788 - app - INFO - 服务启动在 http://127.0.0.1:5001
2026-02-07 15:47:54,789 - app - INFO - 上传目录: E:\Seizure_monitoring\Seizure_monitoring_python\uploads
2026-02-07 15:48:14,607 - app - INFO - 上传目录已存在: E:\Seizure_monitoring\Seizure_monitoring_python\uploads
2026-02-07 15:48:14,612 - app - INFO - 服务启动在 http://127.0.0.1:5001
2026-02-07 15:48:14,613 - app - INFO - 上传目录: E:\Seizure_monitoring\Seizure_monitoring_python\uploads
2026-02-07 15:48:19,122 - app - INFO - 上传目录已存在: E:\Seizure_monitoring\Seizure_monitoring_python\uploads
2026-02-07 15:48:19,129 - app - INFO - 服务启动在 http://127.0.0.1:5001
2026-02-07 15:48:19,129 - app - INFO - 上传目录: E:\Seizure_monitoring\Seizure_monitoring_python\uploads
2026-02-07 15:49:00,378 - app - INFO - 获取用户信息请求: token=678bf30b-3a79-434c-a16c-779bce602b89
2026-02-07 15:49:00,379 - app - INFO - 分页查询病人请求
2026-02-07 15:49:00,380 - app - INFO - 分页查询病人请求
2026-02-07 15:49:00,380 - app - ERROR - 无效的token
2026-02-07 15:49:00,388 - app - INFO - 返回患者列表: 共0条，当前页1，每页10条
2026-02-07 15:49:00,391 - app - INFO - 返回患者列表: 共0条，当前页1，每页1000条
2026-02-07 15:49:02,048 - app - INFO - 登录请求: username=admin
2026-02-07 15:49:02,051 - app - INFO - 登录成功: username=admin, token=3e00e9cb-85b1-49e8-bab7-3df075d26429
2026-02-07 15:49:05,258 - app - INFO - 获取用户信息请求: token=3e00e9cb-85b1-49e8-bab7-3df075d26429
2026-02-07 15:49:05,260 - app - INFO - 获取待办事项列表请求
2026-02-07 15:49:05,269 - app - INFO - 获取用户信息成功: username=admin
2026-02-07 15:49:05,271 - app - INFO - 返回待办事项列表: 共0条，当前页1，每页5条
2026-02-07 15:49:05,417 - app - INFO - 获取通知列表请求
2026-02-07 15:49:05,419 - app - INFO - 获取用户信息请求: token=3e00e9cb-85b1-49e8-bab7-3df075d26429
2026-02-07 15:49:05,420 - app - INFO - 返回通知列表: 共0条
2026-02-07 15:49:05,420 - app - INFO - 获取用户信息成功: username=admin
2026-02-07 15:49:07,246 - app - INFO - 分页查询病人请求
2026-02-07 15:49:07,247 - app - INFO - 分页查询病人请求
2026-02-07 15:49:07,250 - app - INFO - 返回患者列表: 共0条，当前页1，每页1000条
2026-02-07 15:49:07,250 - app - INFO - 返回患者列表: 共0条，当前页1，每页10条
2026-02-07 15:49:13,523 - app - INFO - 获取所有病人列表请求
2026-02-07 15:49:13,524 - app - INFO - 获取用户信息请求: token=3e00e9cb-85b1-49e8-bab7-3df075d26429
2026-02-07 15:49:13,526 - app - INFO - 返回所有患者列表: 共0条
2026-02-07 15:49:13,527 - app - INFO - 获取用户信息成功: username=admin
2026-02-07 15:49:13,628 - app - INFO - 分页查询EEG分析记录请求
2026-02-07 15:49:13,628 - app - ERROR - 分页查询EEG分析记录失败: name 'eeg_records' is not defined
Traceback (most recent call last):
  File "E:\Seizure_monitoring\Seizure_monitoring_python\app.py", line 1758, in get_eeg_analysis_list
    analyzed_eegs = [e for e in eeg_records if e.get('analysisResult')]
                                ^^^^^^^^^^^
NameError: name 'eeg_records' is not defined. Did you mean: 'EegRecord'?
2026-02-07 15:49:16,752 - app - INFO - 获取用户信息请求: token=3e00e9cb-85b1-49e8-bab7-3df075d26429
2026-02-07 15:49:16,754 - app - INFO - 获取待办事项列表请求
2026-02-07 15:49:16,756 - app - INFO - 获取通知列表请求
2026-02-07 15:49:16,756 - app - INFO - 获取用户信息成功: username=admin
2026-02-07 15:49:16,757 - app - INFO - 返回待办事项列表: 共0条，当前页1，每页5条
2026-02-07 15:49:16,757 - app - INFO - 返回通知列表: 共0条
2026-02-07 15:49:19,433 - app - INFO - 分页查询病人请求
2026-02-07 15:49:19,433 - app - INFO - 分页查询病人请求
2026-02-07 15:49:19,436 - app - INFO - 返回患者列表: 共0条，当前页1，每页10条
2026-02-07 15:49:19,436 - app - INFO - 返回患者列表: 共0条，当前页1，每页1000条
2026-02-07 15:49:27,856 - app - INFO - 获取用户信息请求: token=3e00e9cb-85b1-49e8-bab7-3df075d26429
2026-02-07 15:49:27,859 - app - INFO - 获取用户信息成功: username=admin
2026-02-07 15:49:27,859 - app - INFO - 分页查询病人请求
2026-02-07 15:49:27,863 - app - INFO - 返回患者列表: 共0条，当前页1，每页10条
2026-02-07 15:49:27,866 - app - INFO - 分页查询病人请求
2026-02-07 15:49:27,869 - app - INFO - 返回患者列表: 共0条，当前页1，每页1000条
2026-02-07 15:49:33,131 - app - INFO - 获取所有病人列表请求
2026-02-07 15:49:33,132 - app - INFO - 获取用户信息请求: token=3e00e9cb-85b1-49e8-bab7-3df075d26429
2026-02-07 15:49:33,133 - app - INFO - 分页查询EEG分析记录请求
2026-02-07 15:49:33,134 - app - ERROR - 分页查询EEG分析记录失败: name 'eeg_records' is not defined
Traceback (most recent call last):
  File "E:\Seizure_monitoring\Seizure_monitoring_python\app.py", line 1758, in get_eeg_analysis_list
    analyzed_eegs = [e for e in eeg_records if e.get('analysisResult')]
                                ^^^^^^^^^^^
NameError: name 'eeg_records' is not defined. Did you mean: 'EegRecord'?
2026-02-07 15:49:33,135 - app - INFO - 返回所有患者列表: 共0条
2026-02-07 15:49:33,136 - app - INFO - 获取用户信息成功: username=admin
2026-02-07 15:49:47,233 - app - INFO - 获取所有病人列表请求
2026-02-07 15:49:47,235 - app - INFO - 返回所有患者列表: 共0条
2026-02-07 15:49:48,763 - app - INFO - 获取用户信息请求: token=3e00e9cb-85b1-49e8-bab7-3df075d26429
2026-02-07 15:49:48,767 - app - INFO - 获取用户信息成功: username=admin
2026-02-07 15:49:50,381 - app - INFO - 获取所有病人列表请求
2026-02-07 15:49:50,384 - app - INFO - 返回所有患者列表: 共0条
2026-02-07 15:49:50,684 - app - INFO - 获取用户信息请求: token=3e00e9cb-85b1-49e8-bab7-3df075d26429
2026-02-07 15:49:50,684 - app - INFO - 分页查询EEG分析记录请求
2026-02-07 15:49:50,685 - app - ERROR - 分页查询EEG分析记录失败: name 'eeg_records' is not defined
Traceback (most recent call last):
  File "E:\Seizure_monitoring\Seizure_monitoring_python\app.py", line 1758, in get_eeg_analysis_list
    analyzed_eegs = [e for e in eeg_records if e.get('analysisResult')]
                                ^^^^^^^^^^^
NameError: name 'eeg_records' is not defined. Did you mean: 'EegRecord'?
2026-02-07 15:49:52,915 - app - INFO - 获取所有病人列表请求
2026-02-07 15:50:12,935 - app - INFO - 获取用户信息请求: token=3e00e9cb-85b1-49e8-bab7-3df075d26429
2026-02-07 15:50:20,686 - app - ERROR - 获取用户信息失败: QueuePool limit of size 5 overflow 10 reached, connection timed out, timeout 30.00 (Background on this error at: https://sqlalche.me/e/20/3o7r)
Traceback (most recent call last):
  File "E:\Seizure_monitoring\Seizure_monitoring_python\app.py", line 543, in user_info
    user = db.query(User).filter(User.username == username).first()
  File "E:\Seizure_monitoring\.venv\Lib\site-packages\sqlalchemy\orm\query.py", line 2759, in first
    return self.limit(1)._iter().first()  # type: ignore
           ~~~~~~~~~~~~~~~~~~~^^
  File "E:\Seizure_monitoring\.venv\Lib\site-packages\sqlalchemy\orm\query.py", line 2857, in _iter
    result: Union[ScalarResult[_T], Result[_T]] = self.session.execute(
                                                  ~~~~~~~~~~~~~~~~~~~~^
        statement,
        ^^^^^^^^^^
        params,
        ^^^^^^^
        execution_options={"_sa_orm_load_options": self.load_options},
        ^^^^^^^^^^^^^^^^^^^^^^^^^^^^^^^^^^^^^^^^^^^^^^^^^^^^^^^^^^^^^^
    )
    ^
  File "E:\Seizure_monitoring\.venv\Lib\site-packages\sqlalchemy\orm\session.py", line 2351, in execute
    return self._execute_internal(
           ~~~~~~~~~~~~~~~~~~~~~~^
        statement,
        ^^^^^^^^^^
    ...<4 lines>...
        _add_event=_add_event,
        ^^^^^^^^^^^^^^^^^^^^^^
    )
    ^
  File "E:\Seizure_monitoring\.venv\Lib\site-packages\sqlalchemy\orm\session.py", line 2239, in _execute_internal
    conn = self._connection_for_bind(bind)
  File "E:\Seizure_monitoring\.venv\Lib\site-packages\sqlalchemy\orm\session.py", line 2108, in _connection_for_bind
    return trans._connection_for_bind(engine, execution_options)
           ~~~~~~~~~~~~~~~~~~~~~~~~~~^^^^^^^^^^^^^^^^^^^^^^^^^^^
  File "<string>", line 2, in _connection_for_bind
  File "E:\Seizure_monitoring\.venv\Lib\site-packages\sqlalchemy\orm\state_changes.py", line 137, in _go
    ret_value = fn(self, *arg, **kw)
  File "E:\Seizure_monitoring\.venv\Lib\site-packages\sqlalchemy\orm\session.py", line 1187, in _connection_for_bind
    conn = bind.connect()
  File "E:\Seizure_monitoring\.venv\Lib\site-packages\sqlalchemy\engine\base.py", line 3285, in connect
    return self._connection_cls(self)
           ~~~~~~~~~~~~~~~~~~~~^^^^^^
  File "E:\Seizure_monitoring\.venv\Lib\site-packages\sqlalchemy\engine\base.py", line 143, in __init__
    self._dbapi_connection = engine.raw_connection()
                             ~~~~~~~~~~~~~~~~~~~~~^^
  File "E:\Seizure_monitoring\.venv\Lib\site-packages\sqlalchemy\engine\base.py", line 3309, in raw_connection
    return self.pool.connect()
           ~~~~~~~~~~~~~~~~~^^
  File "E:\Seizure_monitoring\.venv\Lib\site-packages\sqlalchemy\pool\base.py", line 447, in connect
    return _ConnectionFairy._checkout(self)
           ~~~~~~~~~~~~~~~~~~~~~~~~~~^^^^^^
  File "E:\Seizure_monitoring\.venv\Lib\site-packages\sqlalchemy\pool\base.py", line 1264, in _checkout
    fairy = _ConnectionRecord.checkout(pool)
  File "E:\Seizure_monitoring\.venv\Lib\site-packages\sqlalchemy\pool\base.py", line 711, in checkout
    rec = pool._do_get()
  File "E:\Seizure_monitoring\.venv\Lib\site-packages\sqlalchemy\pool\impl.py", line 166, in _do_get
    raise exc.TimeoutError(
    ...<4 lines>...
    )
sqlalchemy.exc.TimeoutError: QueuePool limit of size 5 overflow 10 reached, connection timed out, timeout 30.00 (Background on this error at: https://sqlalche.me/e/20/3o7r)
2026-02-07 15:50:22,916 - app - ERROR - 获取所有病人列表失败: QueuePool limit of size 5 overflow 10 reached, connection timed out, timeout 30.00 (Background on this error at: https://sqlalche.me/e/20/3o7r)
Traceback (most recent call last):
  File "E:\Seizure_monitoring\Seizure_monitoring_python\app.py", line 1179, in get_all_patients
    patients = db.query(Patient).all()
  File "E:\Seizure_monitoring\.venv\Lib\site-packages\sqlalchemy\orm\query.py", line 2704, in all
    return self._iter().all()  # type: ignore
           ~~~~~~~~~~^^
  File "E:\Seizure_monitoring\.venv\Lib\site-packages\sqlalchemy\orm\query.py", line 2857, in _iter
    result: Union[ScalarResult[_T], Result[_T]] = self.session.execute(
                                                  ~~~~~~~~~~~~~~~~~~~~^
        statement,
        ^^^^^^^^^^
        params,
        ^^^^^^^
        execution_options={"_sa_orm_load_options": self.load_options},
        ^^^^^^^^^^^^^^^^^^^^^^^^^^^^^^^^^^^^^^^^^^^^^^^^^^^^^^^^^^^^^^
    )
    ^
  File "E:\Seizure_monitoring\.venv\Lib\site-packages\sqlalchemy\orm\session.py", line 2351, in execute
    return self._execute_internal(
           ~~~~~~~~~~~~~~~~~~~~~~^
        statement,
        ^^^^^^^^^^
    ...<4 lines>...
        _add_event=_add_event,
        ^^^^^^^^^^^^^^^^^^^^^^
    )
    ^
  File "E:\Seizure_monitoring\.venv\Lib\site-packages\sqlalchemy\orm\session.py", line 2239, in _execute_internal
    conn = self._connection_for_bind(bind)
  File "E:\Seizure_monitoring\.venv\Lib\site-packages\sqlalchemy\orm\session.py", line 2108, in _connection_for_bind
    return trans._connection_for_bind(engine, execution_options)
           ~~~~~~~~~~~~~~~~~~~~~~~~~~^^^^^^^^^^^^^^^^^^^^^^^^^^^
  File "<string>", line 2, in _connection_for_bind
  File "E:\Seizure_monitoring\.venv\Lib\site-packages\sqlalchemy\orm\state_changes.py", line 137, in _go
    ret_value = fn(self, *arg, **kw)
  File "E:\Seizure_monitoring\.venv\Lib\site-packages\sqlalchemy\orm\session.py", line 1187, in _connection_for_bind
    conn = bind.connect()
  File "E:\Seizure_monitoring\.venv\Lib\site-packages\sqlalchemy\engine\base.py", line 3285, in connect
    return self._connection_cls(self)
           ~~~~~~~~~~~~~~~~~~~~^^^^^^
  File "E:\Seizure_monitoring\.venv\Lib\site-packages\sqlalchemy\engine\base.py", line 143, in __init__
    self._dbapi_connection = engine.raw_connection()
                             ~~~~~~~~~~~~~~~~~~~~~^^
  File "E:\Seizure_monitoring\.venv\Lib\site-packages\sqlalchemy\engine\base.py", line 3309, in raw_connection
    return self.pool.connect()
           ~~~~~~~~~~~~~~~~~^^
  File "E:\Seizure_monitoring\.venv\Lib\site-packages\sqlalchemy\pool\base.py", line 447, in connect
    return _ConnectionFairy._checkout(self)
           ~~~~~~~~~~~~~~~~~~~~~~~~~~^^^^^^
  File "E:\Seizure_monitoring\.venv\Lib\site-packages\sqlalchemy\pool\base.py", line 1264, in _checkout
    fairy = _ConnectionRecord.checkout(pool)
  File "E:\Seizure_monitoring\.venv\Lib\site-packages\sqlalchemy\pool\base.py", line 711, in checkout
    rec = pool._do_get()
  File "E:\Seizure_monitoring\.venv\Lib\site-packages\sqlalchemy\pool\impl.py", line 166, in _do_get
    raise exc.TimeoutError(
    ...<4 lines>...
    )
sqlalchemy.exc.TimeoutError: QueuePool limit of size 5 overflow 10 reached, connection timed out, timeout 30.00 (Background on this error at: https://sqlalche.me/e/20/3o7r)
2026-02-07 15:50:42,939 - app - ERROR - 获取用户信息失败: QueuePool limit of size 5 overflow 10 reached, connection timed out, timeout 30.00 (Background on this error at: https://sqlalche.me/e/20/3o7r)
Traceback (most recent call last):
  File "E:\Seizure_monitoring\Seizure_monitoring_python\app.py", line 543, in user_info
    user = db.query(User).filter(User.username == username).first()
  File "E:\Seizure_monitoring\.venv\Lib\site-packages\sqlalchemy\orm\query.py", line 2759, in first
    return self.limit(1)._iter().first()  # type: ignore
           ~~~~~~~~~~~~~~~~~~~^^
  File "E:\Seizure_monitoring\.venv\Lib\site-packages\sqlalchemy\orm\query.py", line 2857, in _iter
    result: Union[ScalarResult[_T], Result[_T]] = self.session.execute(
                                                  ~~~~~~~~~~~~~~~~~~~~^
        statement,
        ^^^^^^^^^^
        params,
        ^^^^^^^
        execution_options={"_sa_orm_load_options": self.load_options},
        ^^^^^^^^^^^^^^^^^^^^^^^^^^^^^^^^^^^^^^^^^^^^^^^^^^^^^^^^^^^^^^
    )
    ^
  File "E:\Seizure_monitoring\.venv\Lib\site-packages\sqlalchemy\orm\session.py", line 2351, in execute
    return self._execute_internal(
           ~~~~~~~~~~~~~~~~~~~~~~^
        statement,
        ^^^^^^^^^^
    ...<4 lines>...
        _add_event=_add_event,
        ^^^^^^^^^^^^^^^^^^^^^^
    )
    ^
  File "E:\Seizure_monitoring\.venv\Lib\site-packages\sqlalchemy\orm\session.py", line 2239, in _execute_internal
    conn = self._connection_for_bind(bind)
  File "E:\Seizure_monitoring\.venv\Lib\site-packages\sqlalchemy\orm\session.py", line 2108, in _connection_for_bind
    return trans._connection_for_bind(engine, execution_options)
           ~~~~~~~~~~~~~~~~~~~~~~~~~~^^^^^^^^^^^^^^^^^^^^^^^^^^^
  File "<string>", line 2, in _connection_for_bind
  File "E:\Seizure_monitoring\.venv\Lib\site-packages\sqlalchemy\orm\state_changes.py", line 137, in _go
    ret_value = fn(self, *arg, **kw)
  File "E:\Seizure_monitoring\.venv\Lib\site-packages\sqlalchemy\orm\session.py", line 1187, in _connection_for_bind
    conn = bind.connect()
  File "E:\Seizure_monitoring\.venv\Lib\site-packages\sqlalchemy\engine\base.py", line 3285, in connect
    return self._connection_cls(self)
           ~~~~~~~~~~~~~~~~~~~~^^^^^^
  File "E:\Seizure_monitoring\.venv\Lib\site-packages\sqlalchemy\engine\base.py", line 143, in __init__
    self._dbapi_connection = engine.raw_connection()
                             ~~~~~~~~~~~~~~~~~~~~~^^
  File "E:\Seizure_monitoring\.venv\Lib\site-packages\sqlalchemy\engine\base.py", line 3309, in raw_connection
    return self.pool.connect()
           ~~~~~~~~~~~~~~~~~^^
  File "E:\Seizure_monitoring\.venv\Lib\site-packages\sqlalchemy\pool\base.py", line 447, in connect
    return _ConnectionFairy._checkout(self)
           ~~~~~~~~~~~~~~~~~~~~~~~~~~^^^^^^
  File "E:\Seizure_monitoring\.venv\Lib\site-packages\sqlalchemy\pool\base.py", line 1264, in _checkout
    fairy = _ConnectionRecord.checkout(pool)
  File "E:\Seizure_monitoring\.venv\Lib\site-packages\sqlalchemy\pool\base.py", line 711, in checkout
    rec = pool._do_get()
  File "E:\Seizure_monitoring\.venv\Lib\site-packages\sqlalchemy\pool\impl.py", line 166, in _do_get
    raise exc.TimeoutError(
    ...<4 lines>...
    )
sqlalchemy.exc.TimeoutError: QueuePool limit of size 5 overflow 10 reached, connection timed out, timeout 30.00 (Background on this error at: https://sqlalche.me/e/20/3o7r)
2026-02-07 15:52:02,722 - app - INFO - 获取所有病人列表请求
2026-02-07 15:52:02,725 - app - INFO - 获取用户信息请求: token=3e00e9cb-85b1-49e8-bab7-3df075d26429
2026-02-07 15:52:02,744 - app - INFO - 分页查询EEG分析记录请求
2026-02-07 15:52:02,754 - app - ERROR - 分页查询EEG分析记录失败: name 'eeg_records' is not defined
Traceback (most recent call last):
  File "E:\Seizure_monitoring\Seizure_monitoring_python\app.py", line 1758, in get_eeg_analysis_list
    analyzed_eegs = [e for e in eeg_records if e.get('analysisResult')]
                                ^^^^^^^^^^^
NameError: name 'eeg_records' is not defined. Did you mean: 'EegRecord'?
2026-02-07 15:52:32,755 - app - ERROR - 获取所有病人列表失败: QueuePool limit of size 5 overflow 10 reached, connection timed out, timeout 30.00 (Background on this error at: https://sqlalche.me/e/20/3o7r)
Traceback (most recent call last):
  File "E:\Seizure_monitoring\Seizure_monitoring_python\app.py", line 1179, in get_all_patients
    patients = db.query(Patient).all()
  File "E:\Seizure_monitoring\.venv\Lib\site-packages\sqlalchemy\orm\query.py", line 2704, in all
    return self._iter().all()  # type: ignore
           ~~~~~~~~~~^^
  File "E:\Seizure_monitoring\.venv\Lib\site-packages\sqlalchemy\orm\query.py", line 2857, in _iter
    result: Union[ScalarResult[_T], Result[_T]] = self.session.execute(
                                                  ~~~~~~~~~~~~~~~~~~~~^
        statement,
        ^^^^^^^^^^
        params,
        ^^^^^^^
        execution_options={"_sa_orm_load_options": self.load_options},
        ^^^^^^^^^^^^^^^^^^^^^^^^^^^^^^^^^^^^^^^^^^^^^^^^^^^^^^^^^^^^^^
    )
    ^
  File "E:\Seizure_monitoring\.venv\Lib\site-packages\sqlalchemy\orm\session.py", line 2351, in execute
    return self._execute_internal(
           ~~~~~~~~~~~~~~~~~~~~~~^
        statement,
        ^^^^^^^^^^
    ...<4 lines>...
        _add_event=_add_event,
        ^^^^^^^^^^^^^^^^^^^^^^
    )
    ^
  File "E:\Seizure_monitoring\.venv\Lib\site-packages\sqlalchemy\orm\session.py", line 2239, in _execute_internal
    conn = self._connection_for_bind(bind)
  File "E:\Seizure_monitoring\.venv\Lib\site-packages\sqlalchemy\orm\session.py", line 2108, in _connection_for_bind
    return trans._connection_for_bind(engine, execution_options)
           ~~~~~~~~~~~~~~~~~~~~~~~~~~^^^^^^^^^^^^^^^^^^^^^^^^^^^
  File "<string>", line 2, in _connection_for_bind
  File "E:\Seizure_monitoring\.venv\Lib\site-packages\sqlalchemy\orm\state_changes.py", line 137, in _go
    ret_value = fn(self, *arg, **kw)
  File "E:\Seizure_monitoring\.venv\Lib\site-packages\sqlalchemy\orm\session.py", line 1187, in _connection_for_bind
    conn = bind.connect()
  File "E:\Seizure_monitoring\.venv\Lib\site-packages\sqlalchemy\engine\base.py", line 3285, in connect
    return self._connection_cls(self)
           ~~~~~~~~~~~~~~~~~~~~^^^^^^
  File "E:\Seizure_monitoring\.venv\Lib\site-packages\sqlalchemy\engine\base.py", line 143, in __init__
    self._dbapi_connection = engine.raw_connection()
                             ~~~~~~~~~~~~~~~~~~~~~^^
  File "E:\Seizure_monitoring\.venv\Lib\site-packages\sqlalchemy\engine\base.py", line 3309, in raw_connection
    return self.pool.connect()
           ~~~~~~~~~~~~~~~~~^^
  File "E:\Seizure_monitoring\.venv\Lib\site-packages\sqlalchemy\pool\base.py", line 447, in connect
    return _ConnectionFairy._checkout(self)
           ~~~~~~~~~~~~~~~~~~~~~~~~~~^^^^^^
  File "E:\Seizure_monitoring\.venv\Lib\site-packages\sqlalchemy\pool\base.py", line 1264, in _checkout
    fairy = _ConnectionRecord.checkout(pool)
  File "E:\Seizure_monitoring\.venv\Lib\site-packages\sqlalchemy\pool\base.py", line 711, in checkout
    rec = pool._do_get()
  File "E:\Seizure_monitoring\.venv\Lib\site-packages\sqlalchemy\pool\impl.py", line 166, in _do_get
    raise exc.TimeoutError(
    ...<4 lines>...
    )
sqlalchemy.exc.TimeoutError: QueuePool limit of size 5 overflow 10 reached, connection timed out, timeout 30.00 (Background on this error at: https://sqlalche.me/e/20/3o7r)
2026-02-07 15:52:32,757 - app - ERROR - 获取用户信息失败: QueuePool limit of size 5 overflow 10 reached, connection timed out, timeout 30.00 (Background on this error at: https://sqlalche.me/e/20/3o7r)
Traceback (most recent call last):
  File "E:\Seizure_monitoring\Seizure_monitoring_python\app.py", line 543, in user_info
    user = db.query(User).filter(User.username == username).first()
  File "E:\Seizure_monitoring\.venv\Lib\site-packages\sqlalchemy\orm\query.py", line 2759, in first
    return self.limit(1)._iter().first()  # type: ignore
           ~~~~~~~~~~~~~~~~~~~^^
  File "E:\Seizure_monitoring\.venv\Lib\site-packages\sqlalchemy\orm\query.py", line 2857, in _iter
    result: Union[ScalarResult[_T], Result[_T]] = self.session.execute(
                                                  ~~~~~~~~~~~~~~~~~~~~^
        statement,
        ^^^^^^^^^^
        params,
        ^^^^^^^
        execution_options={"_sa_orm_load_options": self.load_options},
        ^^^^^^^^^^^^^^^^^^^^^^^^^^^^^^^^^^^^^^^^^^^^^^^^^^^^^^^^^^^^^^
    )
    ^
  File "E:\Seizure_monitoring\.venv\Lib\site-packages\sqlalchemy\orm\session.py", line 2351, in execute
    return self._execute_internal(
           ~~~~~~~~~~~~~~~~~~~~~~^
        statement,
        ^^^^^^^^^^
    ...<4 lines>...
        _add_event=_add_event,
        ^^^^^^^^^^^^^^^^^^^^^^
    )
    ^
  File "E:\Seizure_monitoring\.venv\Lib\site-packages\sqlalchemy\orm\session.py", line 2239, in _execute_internal
    conn = self._connection_for_bind(bind)
  File "E:\Seizure_monitoring\.venv\Lib\site-packages\sqlalchemy\orm\session.py", line 2108, in _connection_for_bind
    return trans._connection_for_bind(engine, execution_options)
           ~~~~~~~~~~~~~~~~~~~~~~~~~~^^^^^^^^^^^^^^^^^^^^^^^^^^^
  File "<string>", line 2, in _connection_for_bind
  File "E:\Seizure_monitoring\.venv\Lib\site-packages\sqlalchemy\orm\state_changes.py", line 137, in _go
    ret_value = fn(self, *arg, **kw)
  File "E:\Seizure_monitoring\.venv\Lib\site-packages\sqlalchemy\orm\session.py", line 1187, in _connection_for_bind
    conn = bind.connect()
  File "E:\Seizure_monitoring\.venv\Lib\site-packages\sqlalchemy\engine\base.py", line 3285, in connect
    return self._connection_cls(self)
           ~~~~~~~~~~~~~~~~~~~~^^^^^^
  File "E:\Seizure_monitoring\.venv\Lib\site-packages\sqlalchemy\engine\base.py", line 143, in __init__
    self._dbapi_connection = engine.raw_connection()
                             ~~~~~~~~~~~~~~~~~~~~~^^
  File "E:\Seizure_monitoring\.venv\Lib\site-packages\sqlalchemy\engine\base.py", line 3309, in raw_connection
    return self.pool.connect()
           ~~~~~~~~~~~~~~~~~^^
  File "E:\Seizure_monitoring\.venv\Lib\site-packages\sqlalchemy\pool\base.py", line 447, in connect
    return _ConnectionFairy._checkout(self)
           ~~~~~~~~~~~~~~~~~~~~~~~~~~^^^^^^
  File "E:\Seizure_monitoring\.venv\Lib\site-packages\sqlalchemy\pool\base.py", line 1264, in _checkout
    fairy = _ConnectionRecord.checkout(pool)
  File "E:\Seizure_monitoring\.venv\Lib\site-packages\sqlalchemy\pool\base.py", line 711, in checkout
    rec = pool._do_get()
  File "E:\Seizure_monitoring\.venv\Lib\site-packages\sqlalchemy\pool\impl.py", line 166, in _do_get
    raise exc.TimeoutError(
    ...<4 lines>...
    )
sqlalchemy.exc.TimeoutError: QueuePool limit of size 5 overflow 10 reached, connection timed out, timeout 30.00 (Background on this error at: https://sqlalche.me/e/20/3o7r)
2026-02-07 15:56:55,249 - app - INFO - 上传目录已存在: E:\Seizure_monitoring\Seizure_monitoring_python\uploads
2026-02-07 15:56:55,256 - app - INFO - 服务启动在 http://127.0.0.1:5001
2026-02-07 15:56:55,256 - app - INFO - 上传目录: E:\Seizure_monitoring\Seizure_monitoring_python\uploads
2026-02-07 15:57:30,684 - app - INFO - 上传目录已存在: E:\Seizure_monitoring\Seizure_monitoring_python\uploads
2026-02-07 15:57:30,690 - app - INFO - 服务启动在 http://127.0.0.1:5001
2026-02-07 15:57:30,690 - app - INFO - 上传目录: E:\Seizure_monitoring\Seizure_monitoring_python\uploads
2026-02-07 15:58:30,009 - app - INFO - 获取用户信息请求: token=3e00e9cb-85b1-49e8-bab7-3df075d26429
2026-02-07 15:58:30,010 - app - INFO - 分页查询EEG分析记录请求
2026-02-07 15:58:30,010 - app - INFO - 获取所有病人列表请求
2026-02-07 15:58:30,011 - app - ERROR - 无效的token
2026-02-07 15:58:30,017 - app - INFO - 返回EEG分析记录列表: 共0条，当前页1，每页10条
2026-02-07 15:58:30,017 - app - INFO - 返回所有患者列表: 共0条
2026-02-07 15:58:30,033 - app - INFO - 获取用户信息请求: token=3e00e9cb-85b1-49e8-bab7-3df075d26429
2026-02-07 15:58:30,034 - app - ERROR - 无效的token
2026-02-07 15:58:31,712 - app - INFO - 登录请求: username=admin
2026-02-07 15:58:31,715 - app - INFO - 登录成功: username=admin, token=5599488e-a698-4131-be88-88c12ae2edf5
2026-02-07 15:58:34,883 - app - INFO - 获取用户信息请求: token=5599488e-a698-4131-be88-88c12ae2edf5
2026-02-07 15:58:34,890 - app - INFO - 获取待办事项列表请求
2026-02-07 15:58:34,897 - app - INFO - 获取用户信息成功: username=admin
2026-02-07 15:58:34,899 - app - INFO - 返回待办事项列表: 共0条，当前页1，每页5条
2026-02-07 15:58:35,076 - app - INFO - 获取通知列表请求
2026-02-07 15:58:35,079 - app - INFO - 返回通知列表: 共0条
2026-02-07 15:58:35,193 - app - INFO - 获取用户信息请求: token=5599488e-a698-4131-be88-88c12ae2edf5
2026-02-07 15:58:35,196 - app - INFO - 获取用户信息成功: username=admin
2026-02-07 15:58:37,305 - app - INFO - 获取所有病人列表请求
2026-02-07 15:58:37,307 - app - INFO - 返回所有患者列表: 共0条
2026-02-07 15:58:37,606 - app - INFO - 获取用户信息请求: token=5599488e-a698-4131-be88-88c12ae2edf5
2026-02-07 15:58:37,607 - app - INFO - 分页查询EEG分析记录请求
2026-02-07 15:58:37,609 - app - INFO - 获取用户信息成功: username=admin
2026-02-07 15:58:37,610 - app - INFO - 返回EEG分析记录列表: 共0条，当前页1，每页10条
2026-02-07 15:58:39,526 - app - INFO - 获取所有病人列表请求
2026-02-07 15:58:39,528 - app - INFO - 返回所有患者列表: 共0条
2026-02-07 15:58:39,734 - app - INFO - 获取用户信息请求: token=5599488e-a698-4131-be88-88c12ae2edf5
2026-02-07 15:58:39,737 - app - INFO - 获取用户信息成功: username=admin
2026-02-07 15:58:40,229 - app - INFO - 分页查询病人请求
2026-02-07 15:58:40,231 - app - INFO - 分页查询病人请求
2026-02-07 15:58:40,237 - app - INFO - 返回患者列表: 共0条，当前页1，每页1000条
2026-02-07 15:58:40,238 - app - INFO - 返回患者列表: 共0条，当前页1，每页10条
2026-02-07 15:58:43,168 - app - INFO - 获取用户信息请求: token=5599488e-a698-4131-be88-88c12ae2edf5
2026-02-07 15:58:43,169 - app - INFO - 获取待办事项列表请求
2026-02-07 15:58:43,169 - app - INFO - 获取通知列表请求
2026-02-07 15:58:43,171 - app - INFO - 获取用户信息成功: username=admin
2026-02-07 15:58:43,172 - app - INFO - 返回通知列表: 共0条
2026-02-07 15:58:43,172 - app - INFO - 返回待办事项列表: 共0条，当前页1，每页5条
2026-02-07 15:58:46,593 - app - INFO - 获取所有病人列表请求
2026-02-07 15:58:46,595 - app - INFO - 返回所有患者列表: 共0条
2026-02-07 15:58:48,241 - app - INFO - 获取用户信息请求: token=5599488e-a698-4131-be88-88c12ae2edf5
2026-02-07 15:58:48,244 - app - INFO - 获取用户信息成功: username=admin
2026-02-07 15:58:51,304 - app - INFO - 获取用户信息请求: token=5599488e-a698-4131-be88-88c12ae2edf5
2026-02-07 15:58:51,305 - app - INFO - 获取待办事项列表请求
2026-02-07 15:58:51,307 - app - INFO - 获取用户信息成功: username=admin
2026-02-07 15:58:51,308 - app - INFO - 返回待办事项列表: 共0条，当前页1，每页5条
2026-02-07 15:58:51,607 - app - INFO - 获取通知列表请求
2026-02-07 15:58:51,609 - app - INFO - 返回通知列表: 共0条
2026-02-09 15:54:18,647 - app - INFO - 上传目录已存在: E:\Seizure_monitoring\seizure_monitoring_python\uploads
2026-02-09 15:54:18,652 - app - INFO - 服务启动在 http://127.0.0.1:5001
2026-02-09 15:54:18,652 - app - INFO - 上传目录: E:\Seizure_monitoring\seizure_monitoring_python\uploads
2026-02-09 15:54:22,162 - app - INFO - 上传目录已存在: E:\Seizure_monitoring\seizure_monitoring_python\uploads
2026-02-09 15:54:22,166 - app - INFO - 服务启动在 http://127.0.0.1:5001
2026-02-09 15:54:22,167 - app - INFO - 上传目录: E:\Seizure_monitoring\seizure_monitoring_python\uploads
2026-02-09 15:55:25,260 - app - INFO - 登录请求: username=admin
2026-02-09 15:55:25,266 - app - INFO - 登录成功: username=admin, token=55055119-2ac9-4557-8f07-a3cf92e3050a
2026-02-09 15:55:28,520 - app - INFO - 获取用户信息请求: token=55055119-2ac9-4557-8f07-a3cf92e3050a
2026-02-09 15:55:28,522 - app - INFO - 获取用户信息成功: username=admin
2026-02-09 15:55:28,592 - app - INFO - 获取待办事项列表请求
2026-02-09 15:55:28,596 - app - INFO - 返回待办事项列表: 共0条，当前页1，每页5条
2026-02-09 15:55:28,638 - app - INFO - 获取通知列表请求
2026-02-09 15:55:28,640 - app - INFO - 返回通知列表: 共0条
2026-02-09 15:55:28,715 - app - INFO - 获取用户信息请求: token=55055119-2ac9-4557-8f07-a3cf92e3050a
2026-02-09 15:55:28,717 - app - INFO - 获取用户信息成功: username=admin
2026-02-09 15:55:31,408 - app - INFO - 分页查询病人请求
2026-02-09 15:55:31,408 - app - INFO - 分页查询病人请求
2026-02-09 15:55:31,412 - app - INFO - 返回患者列表: 共0条，当前页1，每页1000条
2026-02-09 15:55:31,412 - app - INFO - 返回患者列表: 共0条，当前页1，每页10条
2026-02-09 15:55:36,064 - app - INFO - 获取所有病人列表请求
2026-02-09 15:55:36,064 - app - INFO - 分页查询EEG分析记录请求
2026-02-09 15:55:36,065 - app - INFO - 返回所有患者列表: 共0条
2026-02-09 15:55:36,069 - app - INFO - 返回EEG分析记录列表: 共0条，当前页1，每页10条
2026-02-09 15:55:36,237 - app - INFO - 获取用户信息请求: token=55055119-2ac9-4557-8f07-a3cf92e3050a
2026-02-09 15:55:36,238 - app - INFO - 获取用户信息成功: username=admin
2026-02-09 15:55:38,836 - app - INFO - 获取用户信息请求: token=55055119-2ac9-4557-8f07-a3cf92e3050a
2026-02-09 15:55:38,836 - app - INFO - 获取待办事项列表请求
2026-02-09 15:55:38,838 - app - INFO - 获取通知列表请求
2026-02-09 15:55:38,838 - app - INFO - 获取用户信息成功: username=admin
2026-02-09 15:55:38,839 - app - INFO - 返回待办事项列表: 共0条，当前页1，每页5条
2026-02-09 15:55:38,839 - app - INFO - 返回通知列表: 共0条
2026-02-27 20:28:12,472 - app - INFO - 上传目录已存在: E:\Seizure_monitoring\seizure_monitoring_python\uploads
2026-02-27 20:28:12,478 - app - INFO - 服务启动在 http://127.0.0.1:5001
2026-02-27 20:28:12,478 - app - INFO - 上传目录: E:\Seizure_monitoring\seizure_monitoring_python\uploads
2026-02-27 20:28:18,074 - app - INFO - 上传目录已存在: E:\Seizure_monitoring\seizure_monitoring_python\uploads
2026-02-27 20:28:18,079 - app - INFO - 服务启动在 http://127.0.0.1:5001
2026-02-27 20:28:18,079 - app - INFO - 上传目录: E:\Seizure_monitoring\seizure_monitoring_python\uploads
2026-02-27 20:29:04,830 - app - INFO - 获取用户信息请求: token=55055119-2ac9-4557-8f07-a3cf92e3050a
2026-02-27 20:29:04,831 - app - INFO - 获取待办事项列表请求
2026-02-27 20:29:04,831 - app - INFO - 获取通知列表请求
2026-02-27 20:29:04,832 - app - ERROR - 无效的token
2026-02-27 20:29:04,835 - app - INFO - 返回待办事项列表: 共0条，当前页1，每页5条
2026-02-27 20:29:04,836 - app - INFO - 返回通知列表: 共0条
2026-02-27 20:29:04,838 - app - INFO - 获取用户信息请求: token=55055119-2ac9-4557-8f07-a3cf92e3050a
2026-02-27 20:29:04,838 - app - ERROR - 无效的token
2026-02-27 20:29:20,090 - app - INFO - 登录请求: username=admin
2026-02-27 20:29:20,092 - app - INFO - 登录成功: username=admin, token=87f07532-1cef-49f8-bff9-58962f9566a8
2026-02-27 20:29:23,153 - app - INFO - 获取用户信息请求: token=87f07532-1cef-49f8-bff9-58962f9566a8
2026-02-27 20:29:23,153 - app - INFO - 获取待办事项列表请求
2026-02-27 20:29:23,155 - app - INFO - 返回待办事项列表: 共0条，当前页1，每页5条
2026-02-27 20:29:23,155 - app - INFO - 获取用户信息成功: username=admin
2026-02-27 20:29:23,454 - app - INFO - 获取通知列表请求
2026-02-27 20:29:23,455 - app - INFO - 返回通知列表: 共0条
2026-02-27 20:29:23,458 - app - INFO - 获取用户信息请求: token=87f07532-1cef-49f8-bff9-58962f9566a8
2026-02-27 20:29:23,459 - app - INFO - 获取用户信息成功: username=admin
2026-02-27 20:29:38,727 - app - INFO - 获取所有病人列表请求
2026-02-27 20:29:38,727 - app - INFO - 获取用户信息请求: token=87f07532-1cef-49f8-bff9-58962f9566a8
2026-02-27 20:29:38,727 - app - INFO - 分页查询EEG分析记录请求
2026-02-27 20:29:38,731 - app - INFO - 返回所有患者列表: 共0条
2026-02-27 20:29:38,731 - app - INFO - 获取用户信息成功: username=admin
2026-02-27 20:29:38,733 - app - INFO - 返回EEG分析记录列表: 共0条，当前页1，每页10条
2026-02-27 20:29:40,270 - app - INFO - 分页查询病人请求
2026-02-27 20:29:40,271 - app - INFO - 分页查询病人请求
2026-02-27 20:29:40,274 - app - INFO - 返回患者列表: 共0条，当前页1，每页10条
2026-02-27 20:29:40,274 - app - INFO - 返回患者列表: 共0条，当前页1，每页1000条
2026-02-27 20:29:43,744 - app - INFO - 获取用户信息请求: token=87f07532-1cef-49f8-bff9-58962f9566a8
2026-02-27 20:29:43,745 - app - INFO - 获取用户信息成功: username=admin
2026-02-27 20:29:44,045 - app - INFO - 获取待办事项列表请求
2026-02-27 20:29:44,045 - app - INFO - 获取通知列表请求
2026-02-27 20:29:44,046 - app - INFO - 返回通知列表: 共0条
2026-02-27 20:29:44,047 - app - INFO - 返回待办事项列表: 共0条，当前页1，每页5条
2026-02-27 20:29:54,303 - app - INFO - 获取所有病人列表请求
2026-02-27 20:29:54,304 - app - INFO - 返回所有患者列表: 共0条
2026-02-27 20:29:55,995 - app - INFO - 获取用户信息请求: token=87f07532-1cef-49f8-bff9-58962f9566a8
2026-02-27 20:29:55,996 - app - INFO - 获取待办事项列表请求
2026-02-27 20:29:55,996 - app - INFO - 获取通知列表请求
2026-02-27 20:29:55,998 - app - INFO - 获取用户信息成功: username=admin
2026-02-27 20:29:55,999 - app - INFO - 返回通知列表: 共0条
2026-02-27 20:29:55,999 - app - INFO - 返回待办事项列表: 共0条，当前页1，每页5条
2026-02-27 20:29:56,000 - app - INFO - 获取用户信息请求: token=87f07532-1cef-49f8-bff9-58962f9566a8
2026-02-27 20:29:56,002 - app - INFO - 获取用户信息成功: username=admin
2026-02-27 20:40:38,361 - app - INFO - 上传目录已存在: E:\Seizure_monitoring\Seizure_monitoring_python\uploads
2026-02-27 20:40:38,365 - app - INFO - 服务启动在 http://127.0.0.1:5001
2026-02-27 20:40:38,366 - app - INFO - 上传目录: E:\Seizure_monitoring\Seizure_monitoring_python\uploads
2026-02-27 20:40:43,377 - app - INFO - 上传目录已存在: E:\Seizure_monitoring\Seizure_monitoring_python\uploads
2026-02-27 20:40:43,382 - app - INFO - 服务启动在 http://127.0.0.1:5001
2026-02-27 20:40:43,382 - app - INFO - 上传目录: E:\Seizure_monitoring\Seizure_monitoring_python\uploads
2026-02-27 20:45:48,293 - app - INFO - 上传目录已存在: E:\Seizure_monitoring\Seizure_monitoring_python\uploads
2026-02-27 20:45:48,298 - app - INFO - 服务启动在 http://127.0.0.1:5001
2026-02-27 20:45:48,298 - app - INFO - 上传目录: E:\Seizure_monitoring\Seizure_monitoring_python\uploads
2026-02-27 20:45:53,309 - app - INFO - 上传目录已存在: E:\Seizure_monitoring\Seizure_monitoring_python\uploads
2026-02-27 20:45:53,313 - app - INFO - 服务启动在 http://127.0.0.1:5001
2026-02-27 20:45:53,313 - app - INFO - 上传目录: E:\Seizure_monitoring\Seizure_monitoring_python\uploads
2026-02-27 20:49:07,591 - app - INFO - 获取用户信息请求: token=87f07532-1cef-49f8-bff9-58962f9566a8
2026-02-27 20:49:07,591 - app - ERROR - 无效的token
2026-02-27 20:49:07,593 - app - INFO - 获取待办事项列表请求
2026-02-27 20:49:07,596 - app - INFO - 返回待办事项列表: 共0条，当前页1，每页5条
2026-02-27 20:49:07,655 - app - INFO - 获取通知列表请求
2026-02-27 20:49:07,656 - app - INFO - 获取用户信息请求: token=87f07532-1cef-49f8-bff9-58962f9566a8
2026-02-27 20:49:07,656 - app - ERROR - 无效的token
2026-02-27 20:49:07,658 - app - INFO - 返回通知列表: 共0条
2026-02-27 20:49:19,676 - app - INFO - 登录请求: username=admin
2026-02-27 20:49:19,678 - app - INFO - 登录成功: username=admin, token=aac15535-2c4a-4740-910a-825c626bb790
2026-02-27 20:49:22,753 - app - INFO - 获取用户信息请求: token=aac15535-2c4a-4740-910a-825c626bb790
2026-02-27 20:49:22,754 - app - INFO - 获取用户信息成功: username=admin
2026-02-27 20:49:23,055 - app - INFO - 获取待办事项列表请求
2026-02-27 20:49:23,056 - app - INFO - 获取通知列表请求
2026-02-27 20:49:23,057 - app - INFO - 返回待办事项列表: 共0条，当前页1，每页5条
2026-02-27 20:49:23,057 - app - INFO - 返回通知列表: 共0条
2026-02-27 20:49:23,059 - app - INFO - 获取用户信息请求: token=aac15535-2c4a-4740-910a-825c626bb790
2026-02-27 20:49:23,061 - app - INFO - 获取用户信息成功: username=admin
2026-02-27 21:04:19,919 - app - INFO - 获取用户信息请求: token=aac15535-2c4a-4740-910a-825c626bb790
2026-02-27 21:04:19,921 - app - INFO - 获取待办事项列表请求
2026-02-27 21:04:19,945 - app - INFO - 获取通知列表请求
2026-02-27 21:04:19,949 - app - INFO - 获取用户信息成功: username=admin
2026-02-27 21:04:19,953 - app - INFO - 返回通知列表: 共0条
2026-02-27 21:04:19,954 - app - INFO - 返回待办事项列表: 共0条，当前页1，每页5条
2026-02-27 21:04:19,957 - app - INFO - 获取用户信息请求: token=aac15535-2c4a-4740-910a-825c626bb790
2026-02-27 21:04:19,959 - app - INFO - 获取用户信息成功: username=admin
2026-02-28 17:05:09,352 - app - INFO - 上传目录已存在: E:\Seizure_monitoring\seizure_monitoring_python\uploads
2026-02-28 17:05:09,358 - app - INFO - 服务启动在 http://127.0.0.1:5001
2026-02-28 17:05:09,358 - app - INFO - 上传目录: E:\Seizure_monitoring\seizure_monitoring_python\uploads
2026-02-28 17:05:14,843 - app - INFO - 上传目录已存在: E:\Seizure_monitoring\seizure_monitoring_python\uploads
2026-02-28 17:05:14,848 - app - INFO - 服务启动在 http://127.0.0.1:5001
2026-02-28 17:05:14,848 - app - INFO - 上传目录: E:\Seizure_monitoring\seizure_monitoring_python\uploads
2026-02-28 17:05:42,667 - app - INFO - 获取用户信息请求: token=aac15535-2c4a-4740-910a-825c626bb790
2026-02-28 17:05:42,667 - app - INFO - 获取通知列表请求
2026-02-28 17:05:42,668 - app - INFO - 获取待办事项列表请求
2026-02-28 17:05:42,668 - app - ERROR - 无效的token
2026-02-28 17:05:42,671 - app - INFO - 返回通知列表: 共0条
2026-02-28 17:05:42,676 - app - INFO - 获取用户信息请求: token=aac15535-2c4a-4740-910a-825c626bb790
2026-02-28 17:05:42,676 - app - INFO - 返回待办事项列表: 共0条，当前页1，每页5条
2026-02-28 17:05:42,676 - app - ERROR - 无效的token
2026-02-28 17:05:54,319 - app - INFO - 登录请求: username=admin
2026-02-28 17:05:54,322 - app - INFO - 登录成功: username=admin, token=f94b8471-3432-4e15-aa2b-8fafb6c72ce5
2026-02-28 17:05:57,378 - app - INFO - 获取用户信息请求: token=f94b8471-3432-4e15-aa2b-8fafb6c72ce5
2026-02-28 17:05:57,378 - app - INFO - 获取待办事项列表请求
2026-02-28 17:05:57,392 - app - INFO - 获取用户信息成功: username=admin
2026-02-28 17:05:57,392 - app - INFO - 返回待办事项列表: 共0条，当前页1，每页5条
2026-02-28 17:05:57,680 - app - INFO - 获取通知列表请求
2026-02-28 17:05:57,692 - app - INFO - 返回通知列表: 共0条
2026-02-28 17:05:57,696 - app - INFO - 获取用户信息请求: token=f94b8471-3432-4e15-aa2b-8fafb6c72ce5
2026-02-28 17:05:57,700 - app - INFO - 获取用户信息成功: username=admin
2026-02-28 17:06:03,470 - app - INFO - 分页查询病人请求
2026-02-28 17:06:03,478 - app - INFO - 返回患者列表: 共1条，当前页1，每页10条
2026-02-28 17:06:03,545 - app - INFO - 分页查询病人请求
2026-02-28 17:06:03,547 - app - INFO - 返回患者列表: 共1条，当前页1，每页1000条
2026-02-28 17:06:19,426 - app - INFO - 增加病人信息请求
2026-02-28 17:06:19,433 - app - INFO - 增加病人成功: id=2, name=大daw
2026-02-28 17:06:19,444 - app - INFO - 分页查询病人请求
2026-02-28 17:06:19,447 - app - INFO - 返回患者列表: 共2条，当前页1，每页10条
2026-02-28 17:06:26,997 - app - INFO - 分页查询病人请求
2026-02-28 17:06:26,998 - app - INFO - 分页查询病人请求
2026-02-28 17:06:27,000 - app - INFO - 返回患者列表: 共2条，当前页1，每页10条
2026-02-28 17:06:27,001 - app - INFO - 返回患者列表: 共2条，当前页1，每页1000条
2026-02-28 17:06:29,200 - app - INFO - 获取用户信息请求: token=f94b8471-3432-4e15-aa2b-8fafb6c72ce5
2026-02-28 17:06:29,213 - app - INFO - 获取用户信息成功: username=admin
2026-02-28 17:06:29,500 - app - INFO - 获取待办事项列表请求
2026-02-28 17:06:29,503 - app - INFO - 获取通知列表请求
2026-02-28 17:06:29,504 - app - INFO - 返回通知列表: 共0条
2026-02-28 17:06:29,514 - app - INFO - 返回待办事项列表: 共0条，当前页1，每页5条
2026-02-28 17:23:45,919 - app - INFO - 上传目录已存在: E:\Seizure_monitoring\seizure_monitoring_python\uploads
2026-02-28 17:23:45,923 - app - INFO - 服务启动在 http://127.0.0.1:5001
2026-02-28 17:23:45,924 - app - INFO - 上传目录: E:\Seizure_monitoring\seizure_monitoring_python\uploads
2026-02-28 17:23:51,034 - app - INFO - 上传目录已存在: E:\Seizure_monitoring\seizure_monitoring_python\uploads
2026-02-28 17:23:51,039 - app - INFO - 服务启动在 http://127.0.0.1:5001
2026-02-28 17:23:51,039 - app - INFO - 上传目录: E:\Seizure_monitoring\seizure_monitoring_python\uploads
2026-02-28 17:24:14,713 - app - INFO - 获取用户信息请求: token=5599488e-a698-4131-be88-88c12ae2edf5
2026-02-28 17:24:14,713 - app - INFO - 获取待办事项列表请求
2026-02-28 17:24:14,714 - app - ERROR - 无效的token
2026-02-28 17:24:14,714 - app - INFO - 获取通知列表请求
2026-02-28 17:24:14,722 - app - INFO - 返回待办事项列表: 共0条，当前页1，每页5条
2026-02-28 17:24:14,726 - app - INFO - 返回通知列表: 共0条
2026-02-28 17:24:14,728 - app - INFO - 获取用户信息请求: token=5599488e-a698-4131-be88-88c12ae2edf5
2026-02-28 17:24:14,728 - app - ERROR - 无效的token
2026-02-28 17:24:16,362 - app - INFO - 登录请求: username=admin
2026-02-28 17:24:16,366 - app - INFO - 登录成功: username=admin, token=7d47e61b-fb52-4623-b80e-ffdd0683a505
2026-02-28 17:24:19,431 - app - INFO - 获取用户信息请求: token=7d47e61b-fb52-4623-b80e-ffdd0683a505
2026-02-28 17:24:19,447 - app - INFO - 获取用户信息成功: username=admin
2026-02-28 17:24:19,730 - app - INFO - 获取待办事项列表请求
2026-02-28 17:24:19,731 - app - INFO - 获取通知列表请求
2026-02-28 17:24:19,734 - app - INFO - 返回通知列表: 共0条
2026-02-28 17:24:19,745 - app - INFO - 返回待办事项列表: 共0条，当前页1，每页5条
2026-02-28 17:24:19,752 - app - INFO - 获取用户信息请求: token=7d47e61b-fb52-4623-b80e-ffdd0683a505
2026-02-28 17:24:19,766 - app - INFO - 获取用户信息成功: username=admin
2026-02-28 17:24:23,091 - app - INFO - 分页查询病人请求
2026-02-28 17:24:23,110 - app - INFO - 返回患者列表: 共2条，当前页1，每页10条
2026-02-28 17:24:23,123 - app - INFO - 分页查询病人请求
2026-02-28 17:24:23,125 - app - INFO - 返回患者列表: 共2条，当前页1，每页1000条
2026-02-28 17:24:36,677 - app - INFO - 获取用户信息请求: token=7d47e61b-fb52-4623-b80e-ffdd0683a505
2026-02-28 17:24:36,678 - app - INFO - 获取通知列表请求
2026-02-28 17:24:36,678 - app - INFO - 获取待办事项列表请求
2026-02-28 17:24:36,680 - app - INFO - 返回通知列表: 共0条
2026-02-28 17:24:36,680 - app - INFO - 获取用户信息成功: username=admin
2026-02-28 17:24:36,681 - app - INFO - 返回待办事项列表: 共0条，当前页1，每页5条
2026-02-28 17:24:37,941 - app - INFO - 获取所有病人列表请求
2026-02-28 17:24:37,942 - app - INFO - 返回所有患者列表: 共2条
2026-02-28 17:24:38,124 - app - INFO - 获取用户信息请求: token=7d47e61b-fb52-4623-b80e-ffdd0683a505
2026-02-28 17:24:38,125 - app - INFO - 分页查询EEG分析记录请求
2026-02-28 17:24:38,130 - app - INFO - 返回EEG分析记录列表: 共0条，当前页1，每页10条
2026-02-28 17:24:38,137 - app - INFO - 获取用户信息成功: username=admin
2026-02-28 17:33:41,604 - app - INFO - 上传目录已存在: E:\Seizure_monitoring\seizure_monitoring_python\uploads
2026-02-28 17:33:41,609 - app - INFO - 服务启动在 http://127.0.0.1:5001
2026-02-28 17:33:41,609 - app - INFO - 上传目录: E:\Seizure_monitoring\seizure_monitoring_python\uploads
2026-02-28 17:34:09,551 - app - INFO - 获取所有病人列表请求
2026-02-28 17:34:09,553 - app - INFO - 返回所有患者列表: 共2条
2026-02-28 17:34:09,671 - app - INFO - 分页查询EEG分析记录请求
2026-02-28 17:34:09,678 - app - INFO - 返回EEG分析记录列表: 共0条，当前页1，每页10条
2026-02-28 17:34:09,787 - app - INFO - 获取用户信息请求: token=7d47e61b-fb52-4623-b80e-ffdd0683a505
2026-02-28 17:34:09,787 - app - ERROR - 无效的token
2026-02-28 17:39:33,045 - app - INFO - 上传目录已存在: E:\Seizure_monitoring\seizure_monitoring_python\uploads
2026-02-28 17:39:33,049 - app - INFO - 服务启动在 http://127.0.0.1:5001
2026-02-28 17:39:33,050 - app - INFO - 上传目录: E:\Seizure_monitoring\seizure_monitoring_python\uploads
2026-02-28 17:43:02,031 - app - INFO - 上传目录已存在: E:\Seizure_monitoring\seizure_monitoring_python\uploads
2026-02-28 17:43:02,035 - app - INFO - 服务启动在 http://127.0.0.1:5001
2026-02-28 17:43:02,035 - app - INFO - 上传目录: E:\Seizure_monitoring\seizure_monitoring_python\uploads
2026-02-28 17:53:34,328 - app - INFO - 上传目录已存在: E:\Seizure_monitoring\seizure_monitoring_python\uploads
2026-02-28 17:53:34,333 - app - INFO - 服务启动在 http://127.0.0.1:5001
2026-02-28 17:53:34,333 - app - INFO - 上传目录: E:\Seizure_monitoring\seizure_monitoring_python\uploads
2026-02-28 17:57:43,963 - app - INFO - 上传目录已存在: E:\Seizure_monitoring\seizure_monitoring_python\uploads
2026-02-28 17:57:43,967 - app - INFO - 服务启动在 http://127.0.0.1:5001
2026-02-28 17:57:43,968 - app - INFO - 上传目录: E:\Seizure_monitoring\seizure_monitoring_python\uploads
2026-02-28 18:01:19,365 - app - INFO - 登录请求: username=admin
2026-02-28 18:01:19,391 - app - INFO - 登录成功: username=admin, token=1d2d47f5-f93f-4099-938b-3385c633eaa2
2026-02-28 18:01:22,451 - app - INFO - 获取用户信息请求: token=1d2d47f5-f93f-4099-938b-3385c633eaa2
2026-02-28 18:01:22,451 - app - INFO - 获取待办事项列表请求
2026-02-28 18:01:22,469 - app - INFO - 获取用户信息成功: username=admin
2026-02-28 18:01:22,476 - app - INFO - 返回待办事项列表: 共0条，当前页1，每页5条
2026-02-28 18:01:22,751 - app - INFO - 获取通知列表请求
2026-02-28 18:01:22,753 - app - INFO - 返回通知列表: 共0条
2026-02-28 18:01:22,778 - app - INFO - 获取用户信息请求: token=1d2d47f5-f93f-4099-938b-3385c633eaa2
2026-02-28 18:01:22,791 - app - INFO - 获取用户信息成功: username=admin
2026-02-28 18:01:31,178 - app - INFO - 获取所有病人列表请求
2026-02-28 18:01:31,178 - app - INFO - 获取用户信息请求: token=1d2d47f5-f93f-4099-938b-3385c633eaa2
2026-02-28 18:01:31,179 - app - INFO - 分页查询EEG分析记录请求
2026-02-28 18:01:31,183 - app - INFO - 获取用户信息成功: username=admin
2026-02-28 18:01:31,185 - app - INFO - 返回EEG分析记录列表: 共0条，当前页1，每页10条
2026-02-28 18:01:31,193 - app - INFO - 返回所有患者列表: 共2条
2026-02-28 18:01:32,787 - app - INFO - 获取所有病人列表请求
2026-02-28 18:01:32,788 - app - INFO - 返回所有患者列表: 共2条
2026-02-28 18:01:32,983 - app - INFO - 获取用户信息请求: token=1d2d47f5-f93f-4099-938b-3385c633eaa2
2026-02-28 18:01:32,984 - app - INFO - 获取用户信息成功: username=admin
2026-02-28 18:01:40,990 - app - INFO - 获取所有病人列表请求
2026-02-28 18:01:40,990 - app - INFO - 获取用户信息请求: token=1d2d47f5-f93f-4099-938b-3385c633eaa2
2026-02-28 18:01:40,994 - app - INFO - 获取用户信息成功: username=admin
2026-02-28 18:01:41,003 - app - INFO - 返回所有患者列表: 共2条
2026-02-28 18:01:41,291 - app - INFO - 分页查询EEG分析记录请求
2026-02-28 18:01:41,295 - app - INFO - 返回EEG分析记录列表: 共0条，当前页1，每页10条
2026-02-28 18:04:49,673 - app - INFO - 上传目录已存在: E:\Seizure_monitoring\seizure_monitoring_python\uploads
2026-02-28 18:04:49,677 - app - INFO - 服务启动在 http://127.0.0.1:5001
2026-02-28 18:04:49,677 - app - INFO - 上传目录: E:\Seizure_monitoring\seizure_monitoring_python\uploads
2026-02-28 19:00:05,416 - app - INFO - 获取用户信息请求: token=1d2d47f5-f93f-4099-938b-3385c633eaa2
2026-02-28 19:00:05,419 - app - ERROR - 无效的token
2026-02-28 19:00:06,797 - app - INFO - 登录请求: username=admin
2026-02-28 19:00:06,837 - app - INFO - 登录成功: username=admin, token=9f0c758d-f815-4baa-8bba-319236d39f87
2026-02-28 19:00:09,929 - app - INFO - 获取用户信息请求: token=9f0c758d-f815-4baa-8bba-319236d39f87
2026-02-28 19:00:09,930 - app - INFO - 获取待办事项列表请求
2026-02-28 19:00:09,930 - app - INFO - 获取通知列表请求
2026-02-28 19:00:09,965 - app - INFO - 返回待办事项列表: 共0条，当前页1，每页5条
2026-02-28 19:00:09,965 - app - INFO - 返回通知列表: 共0条
2026-02-28 19:00:09,966 - app - INFO - 获取用户信息成功: username=admin
2026-02-28 19:00:09,971 - app - INFO - 获取用户信息请求: token=9f0c758d-f815-4baa-8bba-319236d39f87
2026-02-28 19:00:09,985 - app - INFO - 获取用户信息成功: username=admin
2026-02-28 19:00:11,972 - app - INFO - 分页查询病人请求
2026-02-28 19:00:11,989 - app - INFO - 返回患者列表: 共2条，当前页1，每页10条
2026-02-28 19:00:12,157 - app - INFO - 分页查询病人请求
2026-02-28 19:00:12,159 - app - INFO - 返回患者列表: 共2条，当前页1，每页1000条
2026-02-28 19:00:13,961 - app - INFO - 获取用户信息请求: token=9f0c758d-f815-4baa-8bba-319236d39f87
2026-02-28 19:00:13,962 - app - INFO - 获取待办事项列表请求
2026-02-28 19:00:13,962 - app - INFO - 获取通知列表请求
2026-02-28 19:00:13,963 - app - INFO - 获取用户信息成功: username=admin
2026-02-28 19:00:13,966 - app - INFO - 返回通知列表: 共0条
2026-02-28 19:00:13,967 - app - INFO - 返回待办事项列表: 共0条，当前页1，每页5条
2026-02-28 19:00:16,926 - app - INFO - 获取所有病人列表请求
2026-02-28 19:00:16,932 - app - INFO - 返回所有患者列表: 共2条
2026-02-28 19:00:17,144 - app - INFO - 获取用户信息请求: token=9f0c758d-f815-4baa-8bba-319236d39f87
2026-02-28 19:00:17,146 - app - INFO - 分页查询EEG分析记录请求
2026-02-28 19:00:17,148 - app - INFO - 获取用户信息成功: username=admin
2026-02-28 19:00:17,154 - app - INFO - 返回EEG分析记录列表: 共0条，当前页1，每页10条
2026-02-28 19:00:18,944 - app - INFO - 获取所有病人列表请求
2026-02-28 19:00:18,945 - app - INFO - 获取用户信息请求: token=9f0c758d-f815-4baa-8bba-319236d39f87
2026-02-28 19:00:18,946 - app - INFO - 返回所有患者列表: 共2条
2026-02-28 19:00:18,947 - app - INFO - 获取用户信息成功: username=admin
2026-02-28 19:00:27,830 - app - INFO - 获取所有病人列表请求
2026-02-28 19:00:27,831 - app - INFO - 返回所有患者列表: 共2条
2026-03-04 15:52:04,352 - app - INFO - 上传目录已存在: E:\Seizure_monitoring\seizure_monitoring_python\uploads
2026-03-04 15:52:04,361 - app - INFO - 服务启动在 http://127.0.0.1:5001
2026-03-04 15:52:04,361 - app - INFO - 上传目录: E:\Seizure_monitoring\seizure_monitoring_python\uploads
2026-03-04 15:52:10,166 - app - INFO - 上传目录已存在: E:\Seizure_monitoring\seizure_monitoring_python\uploads
2026-03-04 15:52:10,171 - app - INFO - 服务启动在 http://127.0.0.1:5001
2026-03-04 15:52:10,171 - app - INFO - 上传目录: E:\Seizure_monitoring\seizure_monitoring_python\uploads
2026-03-04 15:54:43,938 - app - INFO - 获取用户信息请求: token=f94b8471-3432-4e15-aa2b-8fafb6c72ce5
2026-03-04 15:54:43,939 - app - INFO - 获取待办事项列表请求
2026-03-04 15:54:43,940 - app - ERROR - 无效的token
2026-03-04 15:54:43,968 - app - INFO - 获取通知列表请求
2026-03-04 15:54:43,970 - app - INFO - 获取用户信息请求: token=f94b8471-3432-4e15-aa2b-8fafb6c72ce5
2026-03-04 15:54:43,970 - app - ERROR - 无效的token
2026-03-04 15:54:43,974 - app - INFO - 返回待办事项列表: 共0条，当前页1，每页5条
2026-03-04 15:54:43,986 - app - INFO - 返回通知列表: 共0条
2026-03-04 15:55:01,549 - app - INFO - 登录请求: username=admin
2026-03-04 15:55:01,560 - app - INFO - 登录成功: username=admin, token=661ede42-87aa-44c5-aabc-de4c740c398e
2026-03-04 15:55:04,628 - app - INFO - 获取用户信息请求: token=661ede42-87aa-44c5-aabc-de4c740c398e
2026-03-04 15:55:04,642 - app - INFO - 获取用户信息成功: username=admin
2026-03-04 15:55:04,930 - app - INFO - 获取待办事项列表请求
2026-03-04 15:55:04,931 - app - INFO - 获取通知列表请求
2026-03-04 15:55:04,943 - app - INFO - 返回通知列表: 共0条
2026-03-04 15:55:04,944 - app - INFO - 返回待办事项列表: 共0条，当前页1，每页5条
2026-03-04 15:55:04,947 - app - INFO - 获取用户信息请求: token=661ede42-87aa-44c5-aabc-de4c740c398e
2026-03-04 15:55:04,951 - app - INFO - 获取用户信息成功: username=admin
2026-03-04 15:55:24,943 - app - INFO - 获取用户信息请求: token=661ede42-87aa-44c5-aabc-de4c740c398e
2026-03-04 15:55:24,947 - app - INFO - 获取用户信息成功: username=admin
2026-03-04 15:55:25,015 - app - INFO - 获取待办事项列表请求
2026-03-04 15:55:25,031 - app - INFO - 返回待办事项列表: 共0条，当前页1，每页5条
2026-03-04 15:55:25,079 - app - INFO - 获取通知列表请求
2026-03-04 15:55:25,080 - app - INFO - 获取用户信息请求: token=661ede42-87aa-44c5-aabc-de4c740c398e
2026-03-04 15:55:25,080 - app - INFO - 返回通知列表: 共0条
2026-03-04 15:55:25,081 - app - INFO - 获取用户信息成功: username=admin
2026-03-04 15:57:40,354 - app - INFO - 获取用户信息请求: token=661ede42-87aa-44c5-aabc-de4c740c398e
2026-03-04 15:57:40,356 - app - INFO - 获取待办事项列表请求
2026-03-04 15:57:40,357 - app - INFO - 获取用户信息成功: username=admin
2026-03-04 15:57:40,358 - app - INFO - 返回待办事项列表: 共0条，当前页1，每页5条
2026-03-04 15:57:40,414 - app - INFO - 获取通知列表请求
2026-03-04 15:57:40,414 - app - INFO - 获取用户信息请求: token=661ede42-87aa-44c5-aabc-de4c740c398e
2026-03-04 15:57:40,415 - app - INFO - 返回通知列表: 共0条
2026-03-04 15:57:40,428 - app - INFO - 获取用户信息成功: username=admin
2026-03-04 15:58:08,050 - app - INFO - 分页查询病人请求
2026-03-04 15:58:08,051 - app - INFO - 分页查询病人请求
2026-03-04 15:58:08,071 - app - INFO - 返回患者列表: 共2条，当前页1，每页1000条
2026-03-04 15:58:08,074 - app - INFO - 返回患者列表: 共2条，当前页1，每页10条
2026-03-04 15:59:01,928 - app - INFO - 获取用户信息请求: token=661ede42-87aa-44c5-aabc-de4c740c398e
2026-03-04 15:59:01,930 - app - INFO - 获取用户信息成功: username=admin
2026-03-04 15:59:01,960 - app - INFO - 分页查询病人请求
2026-03-04 15:59:01,961 - app - INFO - 分页查询病人请求
2026-03-04 15:59:01,962 - app - INFO - 返回患者列表: 共2条，当前页1，每页10条
2026-03-04 15:59:01,963 - app - INFO - 返回患者列表: 共2条，当前页1，每页1000条
2026-03-04 15:59:06,220 - app - INFO - 获取用户信息请求: token=661ede42-87aa-44c5-aabc-de4c740c398e
2026-03-04 15:59:06,220 - app - INFO - 获取待办事项列表请求
2026-03-04 15:59:06,221 - app - INFO - 获取通知列表请求
2026-03-04 15:59:06,223 - app - INFO - 获取用户信息成功: username=admin
2026-03-04 15:59:06,223 - app - INFO - 返回待办事项列表: 共0条，当前页1，每页5条
2026-03-04 15:59:06,225 - app - INFO - 返回通知列表: 共0条
2026-03-04 15:59:07,898 - app - INFO - 分页查询病人请求
2026-03-04 15:59:07,902 - app - INFO - 返回患者列表: 共2条，当前页1，每页10条
2026-03-04 15:59:08,199 - app - INFO - 分页查询病人请求
2026-03-04 15:59:08,213 - app - INFO - 返回患者列表: 共2条，当前页1，每页1000条
2026-03-04 16:00:48,054 - app - INFO - 获取用户信息请求: token=9f0c758d-f815-4baa-8bba-319236d39f87
2026-03-04 16:00:48,055 - app - ERROR - 无效的token
2026-03-04 16:00:49,621 - app - INFO - 登录请求: username=admin
2026-03-04 16:00:49,663 - app - INFO - 登录成功: username=admin, token=8c7335a2-fc46-4b72-885c-8439b53ab82b
2026-03-04 16:00:52,750 - app - INFO - 获取用户信息请求: token=8c7335a2-fc46-4b72-885c-8439b53ab82b
2026-03-04 16:00:52,750 - app - INFO - 获取待办事项列表请求
2026-03-04 16:00:52,750 - app - INFO - 获取通知列表请求
2026-03-04 16:00:52,754 - app - INFO - 获取用户信息成功: username=admin
2026-03-04 16:00:52,758 - app - INFO - 获取用户信息请求: token=8c7335a2-fc46-4b72-885c-8439b53ab82b
2026-03-04 16:00:52,765 - app - INFO - 返回待办事项列表: 共0条，当前页1，每页5条
2026-03-04 16:00:52,766 - app - INFO - 返回通知列表: 共0条
2026-03-04 16:01:13,007 - app - INFO - 分页查询病人请求
2026-03-04 16:01:13,240 - app - INFO - 分页查询病人请求
2026-03-04 16:01:22,760 - app - ERROR - 获取用户信息失败: QueuePool limit of size 5 overflow 10 reached, connection timed out, timeout 30.00 (Background on this error at: https://sqlalche.me/e/20/3o7r)
Traceback (most recent call last):
  File "E:\Seizure_monitoring\seizure_monitoring_python\app.py", line 543, in user_info
    user = db.query(User).filter(User.username == username).first()
  File "E:\Seizure_monitoring\.venv\Lib\site-packages\sqlalchemy\orm\query.py", line 2759, in first
    return self.limit(1)._iter().first()  # type: ignore
           ~~~~~~~~~~~~~~~~~~~^^
  File "E:\Seizure_monitoring\.venv\Lib\site-packages\sqlalchemy\orm\query.py", line 2857, in _iter
    result: Union[ScalarResult[_T], Result[_T]] = self.session.execute(
                                                  ~~~~~~~~~~~~~~~~~~~~^
        statement,
        ^^^^^^^^^^
        params,
        ^^^^^^^
        execution_options={"_sa_orm_load_options": self.load_options},
        ^^^^^^^^^^^^^^^^^^^^^^^^^^^^^^^^^^^^^^^^^^^^^^^^^^^^^^^^^^^^^^
    )
    ^
  File "E:\Seizure_monitoring\.venv\Lib\site-packages\sqlalchemy\orm\session.py", line 2351, in execute
    return self._execute_internal(
           ~~~~~~~~~~~~~~~~~~~~~~^
        statement,
        ^^^^^^^^^^
    ...<4 lines>...
        _add_event=_add_event,
        ^^^^^^^^^^^^^^^^^^^^^^
    )
    ^
  File "E:\Seizure_monitoring\.venv\Lib\site-packages\sqlalchemy\orm\session.py", line 2239, in _execute_internal
    conn = self._connection_for_bind(bind)
  File "E:\Seizure_monitoring\.venv\Lib\site-packages\sqlalchemy\orm\session.py", line 2108, in _connection_for_bind
    return trans._connection_for_bind(engine, execution_options)
           ~~~~~~~~~~~~~~~~~~~~~~~~~~^^^^^^^^^^^^^^^^^^^^^^^^^^^
  File "<string>", line 2, in _connection_for_bind
  File "E:\Seizure_monitoring\.venv\Lib\site-packages\sqlalchemy\orm\state_changes.py", line 137, in _go
    ret_value = fn(self, *arg, **kw)
  File "E:\Seizure_monitoring\.venv\Lib\site-packages\sqlalchemy\orm\session.py", line 1187, in _connection_for_bind
    conn = bind.connect()
  File "E:\Seizure_monitoring\.venv\Lib\site-packages\sqlalchemy\engine\base.py", line 3285, in connect
    return self._connection_cls(self)
           ~~~~~~~~~~~~~~~~~~~~^^^^^^
  File "E:\Seizure_monitoring\.venv\Lib\site-packages\sqlalchemy\engine\base.py", line 143, in __init__
    self._dbapi_connection = engine.raw_connection()
                             ~~~~~~~~~~~~~~~~~~~~~^^
  File "E:\Seizure_monitoring\.venv\Lib\site-packages\sqlalchemy\engine\base.py", line 3309, in raw_connection
    return self.pool.connect()
           ~~~~~~~~~~~~~~~~~^^
  File "E:\Seizure_monitoring\.venv\Lib\site-packages\sqlalchemy\pool\base.py", line 447, in connect
    return _ConnectionFairy._checkout(self)
           ~~~~~~~~~~~~~~~~~~~~~~~~~~^^^^^^
  File "E:\Seizure_monitoring\.venv\Lib\site-packages\sqlalchemy\pool\base.py", line 1264, in _checkout
    fairy = _ConnectionRecord.checkout(pool)
  File "E:\Seizure_monitoring\.venv\Lib\site-packages\sqlalchemy\pool\base.py", line 711, in checkout
    rec = pool._do_get()
  File "E:\Seizure_monitoring\.venv\Lib\site-packages\sqlalchemy\pool\impl.py", line 166, in _do_get
    raise exc.TimeoutError(
    ...<4 lines>...
    )
sqlalchemy.exc.TimeoutError: QueuePool limit of size 5 overflow 10 reached, connection timed out, timeout 30.00 (Background on this error at: https://sqlalche.me/e/20/3o7r)
2026-03-04 16:01:22,780 - app - INFO - 返回患者列表: 共2条，当前页1，每页10条
2026-03-04 16:01:22,781 - app - INFO - 返回患者列表: 共2条，当前页1，每页1000条
2026-03-04 16:01:34,154 - app - INFO - 获取用户信息请求: token=8c7335a2-fc46-4b72-885c-8439b53ab82b
2026-03-04 16:01:34,156 - app - INFO - 获取用户信息成功: username=admin
2026-03-04 16:01:34,186 - app - INFO - 分页查询病人请求
2026-03-04 16:01:34,189 - app - INFO - 返回患者列表: 共2条，当前页1，每页10条
2026-03-04 16:01:34,223 - app - INFO - 分页查询病人请求
2026-03-04 16:01:34,225 - app - INFO - 返回患者列表: 共2条，当前页1，每页1000条
2026-03-04 16:06:50,286 - app - INFO - 获取所有病人列表请求
2026-03-04 16:06:50,298 - app - INFO - 分页查询EEG分析记录请求
2026-03-04 16:06:50,308 - app - INFO - 获取用户信息请求: token=8c7335a2-fc46-4b72-885c-8439b53ab82b
2026-03-04 16:06:50,311 - app - INFO - 返回所有患者列表: 共2条
2026-03-04 16:06:50,315 - app - INFO - 返回EEG分析记录列表: 共0条，当前页1，每页10条
2026-03-04 16:06:50,317 - app - INFO - 获取用户信息成功: username=admin
2026-03-04 16:06:52,441 - app - INFO - 获取所有病人列表请求
2026-03-04 16:06:52,441 - app - INFO - 获取用户信息请求: token=8c7335a2-fc46-4b72-885c-8439b53ab82b
2026-03-04 16:06:52,444 - app - INFO - 返回所有患者列表: 共2条
2026-03-04 16:06:52,445 - app - INFO - 获取用户信息成功: username=admin
2026-03-04 16:25:42,308 - app - INFO - 上传目录已存在: E:\Seizure_monitoring\seizure_monitoring_python\uploads
2026-03-04 16:25:42,313 - app - INFO - 服务启动在 http://127.0.0.1:5001
2026-03-04 16:25:42,313 - app - INFO - 上传目录: E:\Seizure_monitoring\seizure_monitoring_python\uploads
2026-03-04 16:25:47,342 - app - INFO - 上传目录已存在: E:\Seizure_monitoring\seizure_monitoring_python\uploads
2026-03-04 16:25:47,346 - app - INFO - 服务启动在 http://127.0.0.1:5001
2026-03-04 16:25:47,346 - app - INFO - 上传目录: E:\Seizure_monitoring\seizure_monitoring_python\uploads
2026-03-04 16:35:08,768 - app - INFO - 获取用户信息请求: token=8c7335a2-fc46-4b72-885c-8439b53ab82b
2026-03-04 16:35:08,769 - app - INFO - 获取所有病人列表请求
2026-03-04 16:35:08,769 - app - ERROR - 无效的token
2026-03-04 16:35:08,773 - app - INFO - 返回所有患者列表: 共2条
2026-03-04 16:35:08,788 - app - INFO - 获取用户信息请求: token=8c7335a2-fc46-4b72-885c-8439b53ab82b
2026-03-04 16:35:08,788 - app - ERROR - 无效的token
2026-03-04 16:35:14,562 - app - INFO - 上传目录已存在: E:\Seizure_monitoring\seizure_monitoring_python\uploads
2026-03-04 16:35:14,567 - app - INFO - 服务启动在 http://127.0.0.1:5001
2026-03-04 16:35:14,567 - app - INFO - 上传目录: E:\Seizure_monitoring\seizure_monitoring_python\uploads
2026-03-05 19:25:53,409 - app - INFO - 上传目录已存在: E:\Seizure_monitoring\seizure_monitoring_python\uploads
2026-03-05 19:25:53,414 - app - INFO - 服务启动在 http://127.0.0.1:5001
2026-03-05 19:25:53,414 - app - INFO - 上传目录: E:\Seizure_monitoring\seizure_monitoring_python\uploads
2026-03-05 19:25:58,669 - app - INFO - 上传目录已存在: E:\Seizure_monitoring\seizure_monitoring_python\uploads
2026-03-05 19:25:58,674 - app - INFO - 服务启动在 http://127.0.0.1:5001
2026-03-05 19:25:58,674 - app - INFO - 上传目录: E:\Seizure_monitoring\seizure_monitoring_python\uploads
2026-03-05 19:26:26,846 - app - INFO - 获取用户信息请求: token=661ede42-87aa-44c5-aabc-de4c740c398e
2026-03-05 19:26:26,846 - app - INFO - 获取通知列表请求
2026-03-05 19:26:26,846 - app - INFO - 获取待办事项列表请求
2026-03-05 19:26:26,846 - app - ERROR - 无效的token
2026-03-05 19:26:26,851 - app - INFO - 返回通知列表: 共0条
2026-03-05 19:26:26,852 - app - INFO - 获取用户信息请求: token=661ede42-87aa-44c5-aabc-de4c740c398e
2026-03-05 19:26:26,853 - app - ERROR - 无效的token
2026-03-05 19:26:26,866 - app - INFO - 返回待办事项列表: 共0条，当前页1，每页5条
2026-03-05 19:26:38,813 - app - INFO - 登录请求: username=admin
2026-03-05 19:26:38,816 - app - INFO - 登录成功: username=admin, token=07a9e1a0-349b-41a3-95c0-55406128e913
2026-03-05 19:26:41,938 - app - INFO - 获取用户信息请求: token=07a9e1a0-349b-41a3-95c0-55406128e913
2026-03-05 19:26:41,940 - app - INFO - 获取待办事项列表请求
2026-03-05 19:26:41,941 - app - INFO - 获取通知列表请求
2026-03-05 19:26:41,944 - app - INFO - 获取用户信息成功: username=admin
2026-03-05 19:26:41,948 - app - INFO - 获取用户信息请求: token=07a9e1a0-349b-41a3-95c0-55406128e913
2026-03-05 19:26:41,954 - app - INFO - 返回待办事项列表: 共0条，当前页1，每页5条
2026-03-05 19:26:41,955 - app - INFO - 返回通知列表: 共0条
2026-03-05 19:26:41,962 - app - INFO - 获取用户信息成功: username=admin
2026-03-05 19:26:50,873 - app - INFO - 获取用户信息请求: token=07a9e1a0-349b-41a3-95c0-55406128e913
2026-03-05 19:26:50,873 - app - INFO - 获取所有病人列表请求
2026-03-05 19:26:50,887 - app - INFO - 获取用户信息成功: username=admin
2026-03-05 19:26:50,892 - app - INFO - 返回所有患者列表: 共2条
2026-03-05 19:26:53,852 - app - INFO - 获取所有病人列表请求
2026-03-05 19:26:53,852 - app - INFO - 获取用户信息请求: token=07a9e1a0-349b-41a3-95c0-55406128e913
2026-03-05 19:26:53,852 - app - INFO - 分页查询EEG分析记录请求
2026-03-05 19:26:53,854 - app - INFO - 返回所有患者列表: 共2条
2026-03-05 19:26:53,856 - app - INFO - 获取用户信息成功: username=admin
2026-03-05 19:26:53,860 - app - INFO - 返回EEG分析记录列表: 共0条，当前页1，每页10条
2026-03-05 19:34:23,473 - app - INFO - 获取所有病人列表请求
2026-03-05 19:34:23,474 - app - INFO - 分页查询EEG分析记录请求
2026-03-05 19:34:23,485 - app - INFO - 获取用户信息请求: token=07a9e1a0-349b-41a3-95c0-55406128e913
2026-03-05 19:34:23,489 - app - INFO - 返回所有患者列表: 共2条
2026-03-05 19:34:23,489 - app - INFO - 返回EEG分析记录列表: 共0条，当前页1，每页10条
2026-03-05 19:34:23,494 - app - INFO - 获取用户信息成功: username=admin
2026-03-05 19:34:47,529 - app - INFO - 上传EEG文件请求
2026-03-05 19:34:47,856 - app - INFO - 上传EEG文件成功: chb01_03.edf
2026-03-05 19:34:52,528 - app - INFO - 获取EEG分析结果请求
2026-03-05 19:34:52,546 - app - INFO - 分析文件: 
2026-03-05 19:34:52,546 - app - ERROR - 文件不存在: 
2026-03-05 19:35:13,199 - app - INFO - 上传EEG文件请求
2026-03-05 19:35:13,396 - app - INFO - 上传EEG文件成功: chb01_04.edf
2026-03-05 19:35:15,926 - app - INFO - 获取EEG分析结果请求
2026-03-05 19:35:15,927 - app - INFO - 分析文件: 
2026-03-05 19:35:15,927 - app - ERROR - 文件不存在: 
2026-03-05 19:35:20,644 - app - INFO - 获取EEG分析结果请求
2026-03-05 19:35:20,646 - app - INFO - 分析文件: 
2026-03-05 19:35:20,646 - app - ERROR - 文件不存在: 
2026-03-05 19:39:05,820 - app - INFO - 上传目录已存在: E:\Seizure_monitoring\seizure_monitoring_python\uploads
2026-03-05 19:39:05,824 - app - INFO - 服务启动在 http://127.0.0.1:5001
2026-03-05 19:39:05,824 - app - INFO - 上传目录: E:\Seizure_monitoring\seizure_monitoring_python\uploads
2026-03-05 19:39:29,081 - app - INFO - 获取用户信息请求: token=07a9e1a0-349b-41a3-95c0-55406128e913
2026-03-05 19:39:29,082 - app - INFO - 获取所有病人列表请求
2026-03-05 19:39:29,082 - app - ERROR - 无效的token
2026-03-05 19:39:29,087 - app - INFO - 分页查询EEG分析记录请求
2026-03-05 19:39:29,092 - app - INFO - 返回所有患者列表: 共2条
2026-03-05 19:39:29,102 - app - INFO - 获取用户信息请求: token=07a9e1a0-349b-41a3-95c0-55406128e913
2026-03-05 19:39:29,103 - app - ERROR - 无效的token
2026-03-05 19:39:29,104 - app - INFO - 返回EEG分析记录列表: 共0条，当前页1，每页10条
2026-03-05 19:39:30,345 - app - INFO - 登录请求: username=admin
2026-03-05 19:39:30,349 - app - INFO - 登录成功: username=admin, token=66fd8e1f-304a-414b-a408-5b01d2b050c4
2026-03-05 19:39:33,418 - app - INFO - 获取用户信息请求: token=66fd8e1f-304a-414b-a408-5b01d2b050c4
2026-03-05 19:39:33,422 - app - INFO - 获取用户信息成功: username=admin
2026-03-05 19:39:33,666 - app - INFO - 获取待办事项列表请求
2026-03-05 19:39:33,667 - app - INFO - 获取通知列表请求
2026-03-05 19:39:33,667 - app - INFO - 获取用户信息请求: token=66fd8e1f-304a-414b-a408-5b01d2b050c4
2026-03-05 19:39:33,671 - app - INFO - 返回通知列表: 共0条
2026-03-05 19:39:33,681 - app - INFO - 获取用户信息成功: username=admin
2026-03-05 19:39:33,681 - app - INFO - 返回待办事项列表: 共0条，当前页1，每页5条
2026-03-05 19:39:36,637 - app - INFO - 获取所有病人列表请求
2026-03-05 19:39:36,637 - app - INFO - 获取用户信息请求: token=66fd8e1f-304a-414b-a408-5b01d2b050c4
2026-03-05 19:39:36,638 - app - INFO - 分页查询EEG分析记录请求
2026-03-05 19:39:36,639 - app - INFO - 获取用户信息成功: username=admin
2026-03-05 19:39:36,639 - app - INFO - 返回所有患者列表: 共2条
2026-03-05 19:39:36,642 - app - INFO - 返回EEG分析记录列表: 共0条，当前页1，每页10条
2026-03-05 19:39:46,240 - app - INFO - 上传EEG文件请求
2026-03-05 19:39:46,580 - app - INFO - 上传EEG文件成功: chb01_03.edf
2026-03-05 19:39:48,741 - app - INFO - 上传EEG文件请求
2026-03-05 19:39:48,928 - app - INFO - 上传EEG文件成功: chb01_04.edf
2026-03-05 19:39:51,670 - app - INFO - 上传EEG文件请求
2026-03-05 19:39:51,845 - app - INFO - 上传EEG文件成功: chb01_15.edf
2026-03-05 19:39:52,676 - app - INFO - 获取EEG分析结果请求
2026-03-05 19:39:52,680 - app - INFO - 分析文件: 
2026-03-05 19:39:52,681 - app - ERROR - 文件不存在: 
2026-03-05 19:39:56,713 - app - INFO - 获取EEG分析结果请求
2026-03-05 19:39:56,717 - app - INFO - 分析文件: 
2026-03-05 19:39:56,717 - app - ERROR - 文件不存在: 
2026-03-05 19:40:00,729 - app - INFO - 获取EEG分析结果请求
2026-03-05 19:40:00,730 - app - INFO - 分析文件: 
2026-03-05 19:40:00,730 - app - ERROR - 文件不存在: 
2026-03-05 19:40:45,645 - app - INFO - 上传目录已存在: E:\Seizure_monitoring\seizure_monitoring_python\uploads
2026-03-05 19:40:45,649 - app - INFO - 服务启动在 http://127.0.0.1:5001
2026-03-05 19:40:45,649 - app - INFO - 上传目录: E:\Seizure_monitoring\seizure_monitoring_python\uploads
2026-03-05 19:42:25,047 - app - INFO - 上传目录已存在: E:\Seizure_monitoring\seizure_monitoring_python\uploads
2026-03-05 19:42:25,051 - app - INFO - 服务启动在 http://127.0.0.1:5001
2026-03-05 19:42:25,051 - app - INFO - 上传目录: E:\Seizure_monitoring\seizure_monitoring_python\uploads
2026-03-05 19:42:51,161 - app - INFO - 获取用户信息请求: token=66fd8e1f-304a-414b-a408-5b01d2b050c4
2026-03-05 19:42:51,161 - app - INFO - 获取所有病人列表请求
2026-03-05 19:42:51,161 - app - INFO - 分页查询EEG分析记录请求
2026-03-05 19:42:51,161 - app - ERROR - 无效的token
2026-03-05 19:42:51,164 - app - INFO - 返回所有患者列表: 共2条
2026-03-05 19:42:51,169 - app - INFO - 返回EEG分析记录列表: 共0条，当前页1，每页10条
2026-03-05 19:42:51,217 - app - INFO - 获取用户信息请求: token=66fd8e1f-304a-414b-a408-5b01d2b050c4
2026-03-05 19:42:51,217 - app - ERROR - 无效的token
2026-03-05 19:42:52,387 - app - INFO - 登录请求: username=admin
2026-03-05 19:42:52,401 - app - INFO - 登录成功: username=admin, token=83e121cf-e40e-443a-ad63-c9118f978aa3
2026-03-05 19:42:55,473 - app - INFO - 获取用户信息请求: token=83e121cf-e40e-443a-ad63-c9118f978aa3
2026-03-05 19:42:55,476 - app - INFO - 获取待办事项列表请求
2026-03-05 19:42:55,477 - app - INFO - 获取通知列表请求
2026-03-05 19:42:55,479 - app - INFO - 获取用户信息成功: username=admin
2026-03-05 19:42:55,482 - app - INFO - 返回通知列表: 共0条
2026-03-05 19:42:55,492 - app - INFO - 返回待办事项列表: 共0条，当前页1，每页5条
2026-03-05 19:42:55,724 - app - INFO - 获取用户信息请求: token=83e121cf-e40e-443a-ad63-c9118f978aa3
2026-03-05 19:42:55,726 - app - INFO - 获取用户信息成功: username=admin
2026-03-05 19:42:57,931 - app - INFO - 获取所有病人列表请求
2026-03-05 19:42:57,932 - app - INFO - 返回所有患者列表: 共2条
2026-03-05 19:42:58,232 - app - INFO - 获取用户信息请求: token=83e121cf-e40e-443a-ad63-c9118f978aa3
2026-03-05 19:42:58,233 - app - INFO - 分页查询EEG分析记录请求
2026-03-05 19:42:58,235 - app - INFO - 获取用户信息成功: username=admin
2026-03-05 19:42:58,236 - app - INFO - 返回EEG分析记录列表: 共0条，当前页1，每页10条
2026-03-05 19:43:02,725 - app - INFO - 上传EEG文件请求
2026-03-05 19:43:03,068 - app - INFO - 生成的fileUrl: file:///E:/Seizure_monitoring/seizure_monitoring_python/uploads/chb01_03.edf
2026-03-05 19:43:03,068 - app - INFO - 上传EEG文件成功: chb01_03.edf
2026-03-05 19:43:04,897 - app - INFO - 上传EEG文件请求
2026-03-05 19:43:05,070 - app - INFO - 生成的fileUrl: file:///E:/Seizure_monitoring/seizure_monitoring_python/uploads/chb01_04.edf
2026-03-05 19:43:05,071 - app - INFO - 上传EEG文件成功: chb01_04.edf
2026-03-05 19:43:06,217 - app - INFO - 获取EEG分析结果请求
2026-03-05 19:43:06,230 - app - INFO - 原始fileUrl: file:///E:/Seizure_monitoring/seizure_monitoring_python/uploads/chb01_04.edf
2026-03-05 19:43:06,230 - app - INFO - 解析后的URL: scheme=file, netloc=, path=/E:/Seizure_monitoring/seizure_monitoring_python/uploads/chb01_04.edf
2026-03-05 19:43:06,230 - app - INFO - 解码后的路径: /E:/Seizure_monitoring/seizure_monitoring_python/uploads/chb01_04.edf
2026-03-05 19:43:06,230 - app - INFO - 移除开头斜杠后: E:/Seizure_monitoring/seizure_monitoring_python/uploads/chb01_04.edf
2026-03-05 19:43:06,230 - app - INFO - 转换斜杠后: E:\Seizure_monitoring\seizure_monitoring_python\uploads\chb01_04.edf
2026-03-05 19:43:06,231 - app - INFO - 文件存在: E:\Seizure_monitoring\seizure_monitoring_python\uploads\chb01_04.edf
2026-03-05 19:43:06,231 - app - INFO - 最终分析文件: E:\Seizure_monitoring\seizure_monitoring_python\uploads\chb01_04.edf
2026-03-05 19:49:26,971 - app - INFO - 获取用户信息请求: token=83e121cf-e40e-443a-ad63-c9118f978aa3
2026-03-05 19:49:26,989 - app - INFO - 获取用户信息成功: username=admin
2026-03-05 19:49:27,000 - app - INFO - 获取所有病人列表请求
2026-03-05 19:49:27,001 - app - INFO - 分页查询EEG分析记录请求
2026-03-05 19:49:27,001 - app - INFO - 获取用户信息请求: token=83e121cf-e40e-443a-ad63-c9118f978aa3
2026-03-05 19:49:27,006 - app - INFO - 返回所有患者列表: 共2条
2026-03-05 19:49:27,007 - app - INFO - 获取用户信息成功: username=admin
2026-03-05 19:49:27,008 - app - INFO - 返回EEG分析记录列表: 共0条，当前页1，每页10条
2026-03-05 19:50:19,800 - app - INFO - 上传目录已存在: E:\Seizure_monitoring\seizure_monitoring_python\uploads
2026-03-05 19:50:19,805 - app - INFO - 服务启动在 http://127.0.0.1:5001
2026-03-05 19:50:19,805 - app - INFO - 上传目录: E:\Seizure_monitoring\seizure_monitoring_python\uploads
2026-03-05 19:52:28,329 - app - INFO - 上传目录已存在: E:\Seizure_monitoring\seizure_monitoring_python\uploads
2026-03-05 19:52:28,334 - app - INFO - 服务启动在 http://127.0.0.1:5001
2026-03-05 19:52:28,334 - app - INFO - 上传目录: E:\Seizure_monitoring\seizure_monitoring_python\uploads
2026-03-05 19:53:23,689 - app - INFO - 上传目录已存在: E:\Seizure_monitoring\seizure_monitoring_python\uploads
2026-03-05 19:53:23,693 - app - INFO - 服务启动在 http://127.0.0.1:5001
2026-03-05 19:53:23,693 - app - INFO - 上传目录: E:\Seizure_monitoring\seizure_monitoring_python\uploads
2026-03-05 19:53:24,592 - app - INFO - 获取用户信息请求: token=83e121cf-e40e-443a-ad63-c9118f978aa3
2026-03-05 19:53:24,592 - app - ERROR - 无效的token
2026-03-05 19:53:24,593 - app - INFO - 获取所有病人列表请求
2026-03-05 19:53:24,593 - app - INFO - 分页查询EEG分析记录请求
2026-03-05 19:53:24,596 - app - INFO - 返回所有患者列表: 共2条
2026-03-05 19:53:24,600 - app - INFO - 返回EEG分析记录列表: 共0条，当前页1，每页10条
2026-03-05 19:53:24,898 - app - INFO - 获取用户信息请求: token=83e121cf-e40e-443a-ad63-c9118f978aa3
2026-03-05 19:53:24,898 - app - ERROR - 无效的token
2026-03-05 19:55:20,310 - app - INFO - 上传目录已存在: E:\Seizure_monitoring\seizure_monitoring_python\uploads
2026-03-05 19:55:20,314 - app - INFO - 服务启动在 http://127.0.0.1:5001
2026-03-05 19:55:20,315 - app - INFO - 上传目录: E:\Seizure_monitoring\seizure_monitoring_python\uploads
2026-03-05 19:55:35,835 - app - INFO - 上传目录已存在: E:\Seizure_monitoring\seizure_monitoring_python\uploads
2026-03-05 19:55:35,839 - app - INFO - 服务启动在 http://127.0.0.1:5001
2026-03-05 19:55:35,839 - app - INFO - 上传目录: E:\Seizure_monitoring\seizure_monitoring_python\uploads
2026-03-05 19:57:46,679 - app - INFO - 登录请求: username=admin
2026-03-05 19:57:46,682 - app - INFO - 登录成功: username=admin, token=5852d3b7-c7dc-49ec-ba4b-3c674161ea6e
2026-03-05 19:57:49,886 - app - INFO - 获取用户信息请求: token=5852d3b7-c7dc-49ec-ba4b-3c674161ea6e
2026-03-05 19:57:49,889 - app - INFO - 获取待办事项列表请求
2026-03-05 19:57:49,892 - app - INFO - 获取通知列表请求
2026-03-05 19:57:49,896 - app - INFO - 获取用户信息成功: username=admin
2026-03-05 19:57:49,899 - app - INFO - 返回通知列表: 共0条
2026-03-05 19:57:49,903 - app - INFO - 返回待办事项列表: 共0条，当前页1，每页5条
2026-03-05 19:57:49,905 - app - INFO - 获取用户信息请求: token=5852d3b7-c7dc-49ec-ba4b-3c674161ea6e
2026-03-05 19:57:49,909 - app - INFO - 获取用户信息成功: username=admin
2026-03-05 19:57:52,269 - app - INFO - 获取所有病人列表请求
2026-03-05 19:57:52,273 - app - INFO - 返回所有患者列表: 共2条
2026-03-05 19:57:52,472 - app - INFO - 获取用户信息请求: token=5852d3b7-c7dc-49ec-ba4b-3c674161ea6e
2026-03-05 19:57:52,474 - app - INFO - 分页查询EEG分析记录请求
2026-03-05 19:57:52,476 - app - INFO - 获取用户信息成功: username=admin
2026-03-05 19:57:52,477 - app - INFO - 返回EEG分析记录列表: 共0条，当前页1，每页10条
2026-03-05 19:57:59,404 - app - INFO - 上传EEG文件请求
2026-03-05 19:57:59,762 - app - INFO - 生成的fileUrl: file:///E:/Seizure_monitoring/seizure_monitoring_python/uploads/chb01_03.edf
2026-03-05 19:57:59,762 - app - INFO - 上传EEG文件成功: chb01_03.edf
2026-03-05 19:58:02,170 - app - INFO - 上传EEG文件请求
2026-03-05 19:58:02,372 - app - INFO - 生成的fileUrl: file:///E:/Seizure_monitoring/seizure_monitoring_python/uploads/chb01_04.edf
2026-03-05 19:58:02,372 - app - INFO - 上传EEG文件成功: chb01_04.edf
2026-03-05 19:58:03,313 - app - INFO - 获取EEG分析结果请求
2026-03-05 19:58:03,316 - app - INFO - 原始fileUrl: file:///E:/Seizure_monitoring/seizure_monitoring_python/uploads/chb01_04.edf
2026-03-05 19:58:03,316 - app - INFO - 解析后的URL: scheme=file, netloc=, path=/E:/Seizure_monitoring/seizure_monitoring_python/uploads/chb01_04.edf
2026-03-05 19:58:03,316 - app - INFO - 解码后的路径: /E:/Seizure_monitoring/seizure_monitoring_python/uploads/chb01_04.edf
2026-03-05 19:58:03,316 - app - INFO - 移除开头斜杠后: E:/Seizure_monitoring/seizure_monitoring_python/uploads/chb01_04.edf
2026-03-05 19:58:03,316 - app - INFO - 转换斜杠后: E:\Seizure_monitoring\seizure_monitoring_python\uploads\chb01_04.edf
2026-03-05 19:58:03,317 - app - INFO - 文件存在: E:\Seizure_monitoring\seizure_monitoring_python\uploads\chb01_04.edf
2026-03-05 19:58:03,317 - app - INFO - 最终分析文件: E:\Seizure_monitoring\seizure_monitoring_python\uploads\chb01_04.edf
2026-03-05 20:02:34,895 - app - INFO - 获取用户信息请求: token=5852d3b7-c7dc-49ec-ba4b-3c674161ea6e
2026-03-05 20:02:34,913 - app - INFO - 获取所有病人列表请求
2026-03-05 20:02:34,915 - app - INFO - 分页查询EEG分析记录请求
2026-03-05 20:02:34,917 - app - INFO - 获取用户信息成功: username=admin
2026-03-05 20:02:34,922 - app - INFO - 返回所有患者列表: 共2条
2026-03-05 20:02:34,924 - app - INFO - 返回EEG分析记录列表: 共0条，当前页1，每页10条
2026-03-05 20:02:34,925 - app - INFO - 获取用户信息请求: token=5852d3b7-c7dc-49ec-ba4b-3c674161ea6e
2026-03-05 20:02:34,927 - app - INFO - 获取用户信息成功: username=admin
2026-03-05 20:02:41,765 - app - INFO - 上传EEG文件请求
2026-03-05 20:02:42,009 - app - INFO - 生成的fileUrl: file:///E:/Seizure_monitoring/seizure_monitoring_python/uploads/chb01_03.edf
2026-03-05 20:02:42,009 - app - INFO - 上传EEG文件成功: chb01_03.edf
2026-03-05 20:02:42,956 - app - INFO - 获取EEG分析结果请求
2026-03-05 20:02:42,958 - app - INFO - 原始fileUrl: file:///E:/Seizure_monitoring/seizure_monitoring_python/uploads/chb01_03.edf
2026-03-05 20:02:42,958 - app - INFO - 解析后的URL: scheme=file, netloc=, path=/E:/Seizure_monitoring/seizure_monitoring_python/uploads/chb01_03.edf
2026-03-05 20:02:42,958 - app - INFO - 解码后的路径: /E:/Seizure_monitoring/seizure_monitoring_python/uploads/chb01_03.edf
2026-03-05 20:02:42,959 - app - INFO - 移除开头斜杠后: E:/Seizure_monitoring/seizure_monitoring_python/uploads/chb01_03.edf
2026-03-05 20:02:42,959 - app - INFO - 转换斜杠后: E:\Seizure_monitoring\seizure_monitoring_python\uploads\chb01_03.edf
2026-03-05 20:02:42,959 - app - INFO - 文件存在: E:\Seizure_monitoring\seizure_monitoring_python\uploads\chb01_03.edf
2026-03-05 20:02:42,960 - app - INFO - 最终分析文件: E:\Seizure_monitoring\seizure_monitoring_python\uploads\chb01_03.edf
2026-03-05 20:07:14,239 - app - INFO - 上传目录已存在: E:\Seizure_monitoring\seizure_monitoring_python\uploads
2026-03-05 20:07:14,244 - app - INFO - 服务启动在 http://127.0.0.1:5001
2026-03-05 20:07:14,244 - app - INFO - 上传目录: E:\Seizure_monitoring\seizure_monitoring_python\uploads
2026-03-05 20:07:15,191 - app - INFO - 获取EEG分析结果请求
2026-03-05 20:07:15,193 - app - INFO - 获取用户信息请求: token=5852d3b7-c7dc-49ec-ba4b-3c674161ea6e
2026-03-05 20:07:15,194 - app - ERROR - 无效的token
2026-03-05 20:07:15,194 - app - INFO - 获取所有病人列表请求
2026-03-05 20:07:15,195 - app - INFO - 分页查询EEG分析记录请求
2026-03-05 20:07:15,196 - app - INFO - 原始fileUrl: file:///E:/Seizure_monitoring/seizure_monitoring_python/uploads/chb01_03.edf
2026-03-05 20:07:15,197 - app - INFO - 解析后的URL: scheme=file, netloc=, path=/E:/Seizure_monitoring/seizure_monitoring_python/uploads/chb01_03.edf
2026-03-05 20:07:15,197 - app - INFO - 解码后的路径: /E:/Seizure_monitoring/seizure_monitoring_python/uploads/chb01_03.edf
2026-03-05 20:07:15,197 - app - INFO - 移除开头斜杠后: E:/Seizure_monitoring/seizure_monitoring_python/uploads/chb01_03.edf
2026-03-05 20:07:15,197 - app - INFO - 转换斜杠后: E:\Seizure_monitoring\seizure_monitoring_python\uploads\chb01_03.edf
2026-03-05 20:07:15,198 - app - INFO - 文件存在: E:\Seizure_monitoring\seizure_monitoring_python\uploads\chb01_03.edf
2026-03-05 20:07:15,198 - app - INFO - 最终分析文件: E:\Seizure_monitoring\seizure_monitoring_python\uploads\chb01_03.edf
2026-03-05 20:07:15,210 - app - INFO - 返回所有患者列表: 共2条
2026-03-05 20:07:15,210 - app - INFO - 返回EEG分析记录列表: 共0条，当前页1，每页10条
2026-03-05 20:07:15,499 - app - INFO - 获取用户信息请求: token=5852d3b7-c7dc-49ec-ba4b-3c674161ea6e
2026-03-05 20:07:15,500 - app - ERROR - 无效的token
2026-03-05 20:07:23,969 - app - INFO - 登录请求: username=admin
2026-03-05 20:07:23,972 - app - INFO - 登录成功: username=admin, token=8cd30919-7575-4aeb-b3de-4e0f378160c5
2026-03-05 20:07:27,072 - app - INFO - 获取用户信息请求: token=8cd30919-7575-4aeb-b3de-4e0f378160c5
2026-03-05 20:07:27,073 - app - INFO - 获取待办事项列表请求
2026-03-05 20:07:27,074 - app - INFO - 获取用户信息成功: username=admin
2026-03-05 20:07:27,078 - app - INFO - 返回待办事项列表: 共0条，当前页1，每页5条
2026-03-05 20:07:27,316 - app - INFO - 获取通知列表请求
2026-03-05 20:07:27,316 - app - INFO - 获取用户信息请求: token=8cd30919-7575-4aeb-b3de-4e0f378160c5
2026-03-05 20:07:27,320 - app - INFO - 返回通知列表: 共0条
2026-03-05 20:07:27,320 - app - INFO - 获取用户信息成功: username=admin
2026-03-05 20:07:29,523 - app - INFO - 获取所有病人列表请求
2026-03-05 20:07:29,526 - app - INFO - 获取用户信息请求: token=8cd30919-7575-4aeb-b3de-4e0f378160c5
2026-03-05 20:07:29,528 - app - INFO - 返回所有患者列表: 共2条
2026-03-05 20:07:29,530 - app - INFO - 获取用户信息成功: username=admin
2026-03-05 20:07:29,819 - app - INFO - 分页查询EEG分析记录请求
2026-03-05 20:07:29,833 - app - INFO - 返回EEG分析记录列表: 共0条，当前页1，每页10条
2026-03-05 20:07:37,464 - app - INFO - 上传EEG文件请求
2026-03-05 20:07:37,845 - app - INFO - 生成的fileUrl: file:///E:/Seizure_monitoring/seizure_monitoring_python/uploads/chb01_03.edf
2026-03-05 20:07:37,845 - app - INFO - 上传EEG文件成功: chb01_03.edf
2026-03-05 20:07:38,734 - app - INFO - 获取EEG分析结果请求
2026-03-05 20:07:38,738 - app - INFO - 原始fileUrl: file:///E:/Seizure_monitoring/seizure_monitoring_python/uploads/chb01_03.edf
2026-03-05 20:07:38,738 - app - INFO - 解析后的URL: scheme=file, netloc=, path=/E:/Seizure_monitoring/seizure_monitoring_python/uploads/chb01_03.edf
2026-03-05 20:07:38,738 - app - INFO - 解码后的路径: /E:/Seizure_monitoring/seizure_monitoring_python/uploads/chb01_03.edf
2026-03-05 20:07:38,738 - app - INFO - 移除开头斜杠后: E:/Seizure_monitoring/seizure_monitoring_python/uploads/chb01_03.edf
2026-03-05 20:07:38,738 - app - INFO - 转换斜杠后: E:\Seizure_monitoring\seizure_monitoring_python\uploads\chb01_03.edf
2026-03-05 20:07:38,739 - app - INFO - 文件存在: E:\Seizure_monitoring\seizure_monitoring_python\uploads\chb01_03.edf
2026-03-05 20:07:38,740 - app - INFO - 最终分析文件: E:\Seizure_monitoring\seizure_monitoring_python\uploads\chb01_03.edf
2026-03-05 20:16:11,212 - app - INFO - 上传目录已存在: E:\Seizure_monitoring\seizure_monitoring_python\uploads
2026-03-05 20:16:11,217 - app - INFO - 服务启动在 http://127.0.0.1:5001
2026-03-05 20:16:11,217 - app - INFO - 上传目录: E:\Seizure_monitoring\seizure_monitoring_python\uploads
2026-03-05 20:16:35,721 - app - INFO - 获取EEG分析结果请求
2026-03-05 20:16:35,724 - app - INFO - 原始fileUrl: file:///E:/Seizure_monitoring/seizure_monitoring_python/uploads/chb01_03.edf
2026-03-05 20:16:35,724 - app - INFO - 解析后的URL: scheme=file, netloc=, path=/E:/Seizure_monitoring/seizure_monitoring_python/uploads/chb01_03.edf
2026-03-05 20:16:35,724 - app - INFO - 解码后的路径: /E:/Seizure_monitoring/seizure_monitoring_python/uploads/chb01_03.edf
2026-03-05 20:16:35,724 - app - INFO - 移除开头斜杠后: E:/Seizure_monitoring/seizure_monitoring_python/uploads/chb01_03.edf
2026-03-05 20:16:35,724 - app - INFO - 转换斜杠后: E:\Seizure_monitoring\seizure_monitoring_python\uploads\chb01_03.edf
2026-03-05 20:16:35,725 - app - INFO - 文件存在: E:\Seizure_monitoring\seizure_monitoring_python\uploads\chb01_03.edf
2026-03-05 20:16:35,725 - app - INFO - 最终分析文件: E:\Seizure_monitoring\seizure_monitoring_python\uploads\chb01_03.edf
2026-03-07 13:16:19,881 - app - INFO - 上传目录已存在: E:\Seizure_monitoring\seizure_monitoring_python\uploads
2026-03-07 13:16:19,888 - app - INFO - 服务启动在 http://127.0.0.1:5001
2026-03-07 13:16:19,888 - app - INFO - 上传目录: E:\Seizure_monitoring\seizure_monitoring_python\uploads
2026-03-07 13:16:26,514 - app - INFO - 上传目录已存在: E:\Seizure_monitoring\seizure_monitoring_python\uploads
2026-03-07 13:16:26,519 - app - INFO - 服务启动在 http://127.0.0.1:5001
2026-03-07 13:16:26,519 - app - INFO - 上传目录: E:\Seizure_monitoring\seizure_monitoring_python\uploads
2026-03-07 13:17:09,067 - app - INFO - 登录请求: username=admin
2026-03-07 13:17:09,098 - app - INFO - 登录成功: username=admin, token=2350b0a1-2c60-4788-8a2b-f38688242bc4
2026-03-07 13:17:12,448 - app - INFO - 获取用户信息请求: token=2350b0a1-2c60-4788-8a2b-f38688242bc4
2026-03-07 13:17:12,449 - app - INFO - 获取待办事项列表请求
2026-03-07 13:17:12,450 - app - INFO - 获取通知列表请求
2026-03-07 13:17:12,462 - app - INFO - 获取用户信息成功: username=admin
2026-03-07 13:17:12,467 - app - INFO - 返回待办事项列表: 共0条，当前页1，每页5条
2026-03-07 13:17:12,469 - app - INFO - 返回通知列表: 共0条
2026-03-07 13:17:12,470 - app - INFO - 获取用户信息请求: token=2350b0a1-2c60-4788-8a2b-f38688242bc4
2026-03-07 13:17:12,477 - app - INFO - 获取用户信息成功: username=admin
2026-03-07 13:17:14,012 - app - INFO - 分页查询病人请求
2026-03-07 13:17:14,024 - app - INFO - 返回患者列表: 共2条，当前页1，每页10条
2026-03-07 13:17:14,143 - app - INFO - 分页查询病人请求
2026-03-07 13:17:14,146 - app - INFO - 返回患者列表: 共2条，当前页1，每页1000条
2026-03-07 13:17:17,559 - app - INFO - 获取所有病人列表请求
2026-03-07 13:17:17,559 - app - INFO - 获取用户信息请求: token=2350b0a1-2c60-4788-8a2b-f38688242bc4
2026-03-07 13:17:17,559 - app - INFO - 分页查询EEG分析记录请求
2026-03-07 13:17:17,562 - app - INFO - 返回所有患者列表: 共2条
2026-03-07 13:17:17,567 - app - INFO - 获取用户信息成功: username=admin
2026-03-07 13:17:17,574 - app - INFO - 返回EEG分析记录列表: 共0条，当前页1，每页10条
2026-03-07 13:18:19,197 - app - INFO - 上传EEG文件请求
2026-03-07 13:18:19,582 - app - INFO - 生成的fileUrl: file:///E:/Seizure_monitoring/seizure_monitoring_python/uploads/chb01_03.edf
2026-03-07 13:18:19,582 - app - INFO - 上传EEG文件成功: chb01_03.edf
2026-03-07 13:18:20,683 - app - INFO - 获取EEG分析结果请求
2026-03-07 13:18:20,697 - app - INFO - 原始fileUrl: file:///E:/Seizure_monitoring/seizure_monitoring_python/uploads/chb01_03.edf
2026-03-07 13:18:20,697 - app - INFO - 解析后的URL: scheme=file, netloc=, path=/E:/Seizure_monitoring/seizure_monitoring_python/uploads/chb01_03.edf
2026-03-07 13:18:20,698 - app - INFO - 解码后的路径: /E:/Seizure_monitoring/seizure_monitoring_python/uploads/chb01_03.edf
2026-03-07 13:18:20,698 - app - INFO - 移除开头斜杠后: E:/Seizure_monitoring/seizure_monitoring_python/uploads/chb01_03.edf
2026-03-07 13:18:20,698 - app - INFO - 转换斜杠后: E:\Seizure_monitoring\seizure_monitoring_python\uploads\chb01_03.edf
2026-03-07 13:18:20,698 - app - INFO - 文件存在: E:\Seizure_monitoring\seizure_monitoring_python\uploads\chb01_03.edf
2026-03-07 13:18:20,698 - app - INFO - 最终分析文件: E:\Seizure_monitoring\seizure_monitoring_python\uploads\chb01_03.edf
2026-03-07 13:19:04,143 - app - ERROR - 获取EEG分析结果失败: 'patientName' is an invalid keyword argument for EegRecord
Traceback (most recent call last):
  File "E:\Seizure_monitoring\seizure_monitoring_python\app.py", line 1875, in get_eeg_analysis
    new_eeg_record = EegRecord(
        id=str(random.randint(1, 10000)),
    ...<11 lines>...
        anomalies=str(analysis_result["anomalies"])
    )
  File "<string>", line 4, in __init__
  File "C:\Users\xihonglei\AppData\Local\Packages\PythonSoftwareFoundation.Python.3.13_qbz5n2kfra8p0\LocalCache\local-packages\Python313\site-packages\sqlalchemy\orm\state.py", line 596, in _initialize_instance
    with util.safe_reraise():
         ~~~~~~~~~~~~~~~~~^^
  File "C:\Users\xihonglei\AppData\Local\Packages\PythonSoftwareFoundation.Python.3.13_qbz5n2kfra8p0\LocalCache\local-packages\Python313\site-packages\sqlalchemy\util\langhelpers.py", line 121, in __exit__
    raise exc_value.with_traceback(exc_tb)
  File "C:\Users\xihonglei\AppData\Local\Packages\PythonSoftwareFoundation.Python.3.13_qbz5n2kfra8p0\LocalCache\local-packages\Python313\site-packages\sqlalchemy\orm\state.py", line 594, in _initialize_instance
    manager.original_init(*mixed[1:], **kwargs)
    ~~~~~~~~~~~~~~~~~~~~~^^^^^^^^^^^^^^^^^^^^^^
  File "C:\Users\xihonglei\AppData\Local\Packages\PythonSoftwareFoundation.Python.3.13_qbz5n2kfra8p0\LocalCache\local-packages\Python313\site-packages\sqlalchemy\orm\decl_base.py", line 2179, in _declarative_constructor
    raise TypeError(
        "%r is an invalid keyword argument for %s" % (k, cls_.__name__)
    )
TypeError: 'patientName' is an invalid keyword argument for EegRecord
2026-03-07 13:19:13,117 - app - INFO - 获取EEG分析结果请求
2026-03-07 13:19:13,122 - app - INFO - 原始fileUrl: file:///E:/Seizure_monitoring/seizure_monitoring_python/uploads/chb01_03.edf
2026-03-07 13:19:13,122 - app - INFO - 解析后的URL: scheme=file, netloc=, path=/E:/Seizure_monitoring/seizure_monitoring_python/uploads/chb01_03.edf
2026-03-07 13:19:13,122 - app - INFO - 解码后的路径: /E:/Seizure_monitoring/seizure_monitoring_python/uploads/chb01_03.edf
2026-03-07 13:19:13,122 - app - INFO - 移除开头斜杠后: E:/Seizure_monitoring/seizure_monitoring_python/uploads/chb01_03.edf
2026-03-07 13:19:13,122 - app - INFO - 转换斜杠后: E:\Seizure_monitoring\seizure_monitoring_python\uploads\chb01_03.edf
2026-03-07 13:19:13,123 - app - INFO - 文件存在: E:\Seizure_monitoring\seizure_monitoring_python\uploads\chb01_03.edf
2026-03-07 13:19:13,123 - app - INFO - 最终分析文件: E:\Seizure_monitoring\seizure_monitoring_python\uploads\chb01_03.edf
2026-03-07 13:19:51,326 - app - ERROR - 获取EEG分析结果失败: 'patientName' is an invalid keyword argument for EegRecord
Traceback (most recent call last):
  File "E:\Seizure_monitoring\seizure_monitoring_python\app.py", line 1875, in get_eeg_analysis
    new_eeg_record = EegRecord(
        id=str(random.randint(1, 10000)),
    ...<11 lines>...
        anomalies=str(analysis_result["anomalies"])
    )
  File "<string>", line 4, in __init__
  File "C:\Users\xihonglei\AppData\Local\Packages\PythonSoftwareFoundation.Python.3.13_qbz5n2kfra8p0\LocalCache\local-packages\Python313\site-packages\sqlalchemy\orm\state.py", line 596, in _initialize_instance
    with util.safe_reraise():
         ~~~~~~~~~~~~~~~~~^^
  File "C:\Users\xihonglei\AppData\Local\Packages\PythonSoftwareFoundation.Python.3.13_qbz5n2kfra8p0\LocalCache\local-packages\Python313\site-packages\sqlalchemy\util\langhelpers.py", line 121, in __exit__
    raise exc_value.with_traceback(exc_tb)
  File "C:\Users\xihonglei\AppData\Local\Packages\PythonSoftwareFoundation.Python.3.13_qbz5n2kfra8p0\LocalCache\local-packages\Python313\site-packages\sqlalchemy\orm\state.py", line 594, in _initialize_instance
    manager.original_init(*mixed[1:], **kwargs)
    ~~~~~~~~~~~~~~~~~~~~~^^^^^^^^^^^^^^^^^^^^^^
  File "C:\Users\xihonglei\AppData\Local\Packages\PythonSoftwareFoundation.Python.3.13_qbz5n2kfra8p0\LocalCache\local-packages\Python313\site-packages\sqlalchemy\orm\decl_base.py", line 2179, in _declarative_constructor
    raise TypeError(
        "%r is an invalid keyword argument for %s" % (k, cls_.__name__)
    )
TypeError: 'patientName' is an invalid keyword argument for EegRecord
2026-03-07 13:20:49,451 - app - INFO - 上传目录已存在: E:\Seizure_monitoring\seizure_monitoring_python\uploads
2026-03-07 13:20:49,456 - app - INFO - 服务启动在 http://127.0.0.1:5001
2026-03-07 13:20:49,456 - app - INFO - 上传目录: E:\Seizure_monitoring\seizure_monitoring_python\uploads
2026-03-07 13:21:52,166 - app - INFO - 获取EEG分析结果请求
2026-03-07 13:21:52,169 - app - INFO - 原始fileUrl: file:///E:/Seizure_monitoring/seizure_monitoring_python/uploads/chb01_03.edf
2026-03-07 13:21:52,170 - app - INFO - 解析后的URL: scheme=file, netloc=, path=/E:/Seizure_monitoring/seizure_monitoring_python/uploads/chb01_03.edf
2026-03-07 13:21:52,170 - app - INFO - 解码后的路径: /E:/Seizure_monitoring/seizure_monitoring_python/uploads/chb01_03.edf
2026-03-07 13:21:52,170 - app - INFO - 移除开头斜杠后: E:/Seizure_monitoring/seizure_monitoring_python/uploads/chb01_03.edf
2026-03-07 13:21:52,170 - app - INFO - 转换斜杠后: E:\Seizure_monitoring\seizure_monitoring_python\uploads\chb01_03.edf
2026-03-07 13:21:52,171 - app - INFO - 文件存在: E:\Seizure_monitoring\seizure_monitoring_python\uploads\chb01_03.edf
2026-03-07 13:21:52,171 - app - INFO - 最终分析文件: E:\Seizure_monitoring\seizure_monitoring_python\uploads\chb01_03.edf
2026-03-07 13:22:10,977 - app - INFO - 获取用户信息请求: token=2350b0a1-2c60-4788-8a2b-f38688242bc4
2026-03-07 13:22:10,978 - app - ERROR - 无效的token
2026-03-07 13:22:11,002 - app - INFO - 获取所有病人列表请求
2026-03-07 13:22:11,003 - app - INFO - 分页查询EEG分析记录请求
2026-03-07 13:22:11,007 - app - INFO - 获取用户信息请求: token=2350b0a1-2c60-4788-8a2b-f38688242bc4
2026-03-07 13:22:11,008 - app - ERROR - 无效的token
2026-03-07 13:22:11,021 - app - INFO - 返回EEG分析记录列表: 共0条，当前页1，每页10条
2026-03-07 13:22:11,022 - app - INFO - 返回所有患者列表: 共2条
2026-03-07 13:22:12,115 - app - INFO - 登录请求: username=admin
2026-03-07 13:22:12,127 - app - INFO - 登录成功: username=admin, token=23afb0db-6b53-49b5-86bd-94375162ef6f
2026-03-07 13:22:15,211 - app - INFO - 获取用户信息请求: token=23afb0db-6b53-49b5-86bd-94375162ef6f
2026-03-07 13:22:15,212 - app - INFO - 获取待办事项列表请求
2026-03-07 13:22:15,229 - app - INFO - 获取用户信息成功: username=admin
2026-03-07 13:22:15,236 - app - INFO - 返回待办事项列表: 共0条，当前页1，每页5条
2026-03-07 13:22:15,462 - app - INFO - 获取通知列表请求
2026-03-07 13:22:15,465 - app - INFO - 获取用户信息请求: token=23afb0db-6b53-49b5-86bd-94375162ef6f
2026-03-07 13:22:15,466 - app - INFO - 返回通知列表: 共0条
2026-03-07 13:22:15,482 - app - INFO - 获取用户信息成功: username=admin
2026-03-07 13:22:17,876 - app - INFO - 获取所有病人列表请求
2026-03-07 13:22:17,880 - app - INFO - 获取用户信息请求: token=23afb0db-6b53-49b5-86bd-94375162ef6f
2026-03-07 13:22:17,889 - app - INFO - 获取用户信息成功: username=admin
2026-03-07 13:22:17,897 - app - INFO - 返回所有患者列表: 共2条
2026-03-07 13:22:18,178 - app - INFO - 分页查询EEG分析记录请求
2026-03-07 13:22:18,190 - app - INFO - 返回EEG分析记录列表: 共0条，当前页1，每页10条
2026-03-07 13:22:22,825 - app - INFO - 上传EEG文件请求
2026-03-07 13:22:23,704 - app - INFO - 生成的fileUrl: file:///E:/Seizure_monitoring/seizure_monitoring_python/uploads/chb01_03.edf
2026-03-07 13:22:23,704 - app - INFO - 上传EEG文件成功: chb01_03.edf
2026-03-07 13:22:24,685 - app - INFO - 获取EEG分析结果请求
2026-03-07 13:22:24,694 - app - INFO - 原始fileUrl: file:///E:/Seizure_monitoring/seizure_monitoring_python/uploads/chb01_03.edf
2026-03-07 13:22:24,696 - app - INFO - 解析后的URL: scheme=file, netloc=, path=/E:/Seizure_monitoring/seizure_monitoring_python/uploads/chb01_03.edf
2026-03-07 13:22:24,696 - app - INFO - 解码后的路径: /E:/Seizure_monitoring/seizure_monitoring_python/uploads/chb01_03.edf
2026-03-07 13:22:24,697 - app - INFO - 移除开头斜杠后: E:/Seizure_monitoring/seizure_monitoring_python/uploads/chb01_03.edf
2026-03-07 13:22:24,698 - app - INFO - 转换斜杠后: E:\Seizure_monitoring\seizure_monitoring_python\uploads\chb01_03.edf
2026-03-07 13:22:24,699 - app - INFO - 文件存在: E:\Seizure_monitoring\seizure_monitoring_python\uploads\chb01_03.edf
2026-03-07 13:22:24,699 - app - INFO - 最终分析文件: E:\Seizure_monitoring\seizure_monitoring_python\uploads\chb01_03.edf
2026-03-07 13:22:38,864 - app - ERROR - 获取EEG分析结果失败: name 'json' is not defined
Traceback (most recent call last):
  File "E:\Seizure_monitoring\seizure_monitoring_python\app.py", line 1880, in get_eeg_analysis
    analysisResult=json.dumps(analysis_result),
                   ^^^^
NameError: name 'json' is not defined. Did you forget to import 'json'?
2026-03-07 13:23:09,332 - app - ERROR - 获取EEG分析结果失败: name 'json' is not defined
Traceback (most recent call last):
  File "E:\Seizure_monitoring\seizure_monitoring_python\app.py", line 1880, in get_eeg_analysis
    analysisResult=json.dumps(analysis_result),
                   ^^^^
NameError: name 'json' is not defined. Did you forget to import 'json'?
2026-03-07 13:38:54,468 - app - INFO - 获取用户信息请求: token=23afb0db-6b53-49b5-86bd-94375162ef6f
2026-03-07 13:38:54,470 - app - INFO - 获取所有病人列表请求
2026-03-07 13:38:54,478 - app - INFO - 分页查询EEG分析记录请求
2026-03-07 13:38:54,511 - app - INFO - 返回所有患者列表: 共2条
2026-03-07 13:38:54,512 - app - INFO - 获取用户信息成功: username=admin
2026-03-07 13:38:54,514 - app - INFO - 返回EEG分析记录列表: 共0条，当前页1，每页10条
2026-03-07 13:38:54,519 - app - INFO - 获取用户信息请求: token=23afb0db-6b53-49b5-86bd-94375162ef6f
2026-03-07 13:38:54,521 - app - INFO - 获取用户信息成功: username=admin
2026-03-07 13:39:01,103 - app - INFO - 上传EEG文件请求
2026-03-07 13:39:01,329 - app - INFO - 生成的fileUrl: file:///E:/Seizure_monitoring/seizure_monitoring_python/uploads/chb01_03.edf
2026-03-07 13:39:01,329 - app - INFO - 上传EEG文件成功: chb01_03.edf
2026-03-07 13:39:03,251 - app - INFO - 获取EEG分析结果请求
2026-03-07 13:39:03,254 - app - INFO - 原始fileUrl: file:///E:/Seizure_monitoring/seizure_monitoring_python/uploads/chb01_03.edf
2026-03-07 13:39:03,254 - app - INFO - 解析后的URL: scheme=file, netloc=, path=/E:/Seizure_monitoring/seizure_monitoring_python/uploads/chb01_03.edf
2026-03-07 13:39:03,254 - app - INFO - 解码后的路径: /E:/Seizure_monitoring/seizure_monitoring_python/uploads/chb01_03.edf
2026-03-07 13:39:03,255 - app - INFO - 移除开头斜杠后: E:/Seizure_monitoring/seizure_monitoring_python/uploads/chb01_03.edf
2026-03-07 13:39:03,255 - app - INFO - 转换斜杠后: E:\Seizure_monitoring\seizure_monitoring_python\uploads\chb01_03.edf
2026-03-07 13:39:03,255 - app - INFO - 文件存在: E:\Seizure_monitoring\seizure_monitoring_python\uploads\chb01_03.edf
2026-03-07 13:39:03,256 - app - INFO - 最终分析文件: E:\Seizure_monitoring\seizure_monitoring_python\uploads\chb01_03.edf
2026-03-07 13:39:49,525 - app - ERROR - 获取EEG分析结果失败: name 'json' is not defined
Traceback (most recent call last):
  File "E:\Seizure_monitoring\seizure_monitoring_python\app.py", line 1880, in get_eeg_analysis
    analysisResult=json.dumps(analysis_result),
                   ^^^^
NameError: name 'json' is not defined. Did you forget to import 'json'?
2026-03-07 13:39:58,519 - app - INFO - 获取EEG分析结果请求
2026-03-07 13:39:58,536 - app - INFO - 原始fileUrl: file:///E:/Seizure_monitoring/seizure_monitoring_python/uploads/chb01_03.edf
2026-03-07 13:39:58,536 - app - INFO - 解析后的URL: scheme=file, netloc=, path=/E:/Seizure_monitoring/seizure_monitoring_python/uploads/chb01_03.edf
2026-03-07 13:39:58,536 - app - INFO - 解码后的路径: /E:/Seizure_monitoring/seizure_monitoring_python/uploads/chb01_03.edf
2026-03-07 13:39:58,536 - app - INFO - 移除开头斜杠后: E:/Seizure_monitoring/seizure_monitoring_python/uploads/chb01_03.edf
2026-03-07 13:39:58,537 - app - INFO - 转换斜杠后: E:\Seizure_monitoring\seizure_monitoring_python\uploads\chb01_03.edf
2026-03-07 13:39:58,537 - app - INFO - 文件存在: E:\Seizure_monitoring\seizure_monitoring_python\uploads\chb01_03.edf
2026-03-07 13:39:58,537 - app - INFO - 最终分析文件: E:\Seizure_monitoring\seizure_monitoring_python\uploads\chb01_03.edf
2026-03-07 13:40:34,677 - app - ERROR - 获取EEG分析结果失败: name 'json' is not defined
Traceback (most recent call last):
  File "E:\Seizure_monitoring\seizure_monitoring_python\app.py", line 1880, in get_eeg_analysis
    analysisResult=json.dumps(analysis_result),
                   ^^^^
NameError: name 'json' is not defined. Did you forget to import 'json'?
2026-03-07 13:44:00,211 - app - INFO - 上传目录已存在: E:\Seizure_monitoring\seizure_monitoring_python\uploads
2026-03-07 13:44:00,217 - app - INFO - 服务启动在 http://127.0.0.1:5001
2026-03-07 13:44:00,217 - app - INFO - 上传目录: E:\Seizure_monitoring\seizure_monitoring_python\uploads
2026-03-07 13:44:19,546 - app - INFO - 上传目录已存在: E:\Seizure_monitoring\seizure_monitoring_python\uploads
2026-03-07 13:44:19,550 - app - INFO - 服务启动在 http://127.0.0.1:5001
2026-03-07 13:44:19,550 - app - INFO - 上传目录: E:\Seizure_monitoring\seizure_monitoring_python\uploads
2026-03-07 13:44:32,513 - app - INFO - 上传目录已存在: E:\Seizure_monitoring\seizure_monitoring_python\uploads
2026-03-07 13:44:32,518 - app - INFO - 服务启动在 http://127.0.0.1:5001
2026-03-07 13:44:32,518 - app - INFO - 上传目录: E:\Seizure_monitoring\seizure_monitoring_python\uploads
2026-03-07 13:46:18,893 - app - INFO - 上传目录已存在: E:\Seizure_monitoring\seizure_monitoring_python\uploads
2026-03-07 13:46:18,899 - app - INFO - 服务启动在 http://127.0.0.1:5001
2026-03-07 13:46:18,900 - app - INFO - 上传目录: E:\Seizure_monitoring\seizure_monitoring_python\uploads
2026-03-07 14:16:02,485 - app - INFO - 获取所有病人列表请求
2026-03-07 14:16:02,484 - app - INFO - 获取用户信息请求: token=23afb0db-6b53-49b5-86bd-94375162ef6f
2026-03-07 14:16:02,494 - app - INFO - 分页查询EEG分析记录请求
2026-03-07 14:16:02,510 - app - ERROR - 无效的token
2026-03-07 14:16:02,533 - app - INFO - 返回所有患者列表: 共2条
2026-03-07 14:16:02,549 - app - INFO - 获取用户信息请求: token=23afb0db-6b53-49b5-86bd-94375162ef6f
2026-03-07 14:16:02,550 - app - INFO - 返回EEG分析记录列表: 共0条，当前页1，每页10条
2026-03-07 14:16:02,550 - app - ERROR - 无效的token
2026-03-07 14:16:03,572 - app - INFO - 登录请求: username=admin
2026-03-07 14:16:03,585 - app - INFO - 登录成功: username=admin, token=44d3f99e-76ed-48cf-8dcd-0528eba6579f
2026-03-07 14:16:06,686 - app - INFO - 获取用户信息请求: token=44d3f99e-76ed-48cf-8dcd-0528eba6579f
2026-03-07 14:16:06,692 - app - INFO - 获取用户信息成功: username=admin
2026-03-07 14:16:06,916 - app - INFO - 获取待办事项列表请求
2026-03-07 14:16:06,917 - app - INFO - 获取通知列表请求
2026-03-07 14:16:06,919 - app - INFO - 获取用户信息请求: token=44d3f99e-76ed-48cf-8dcd-0528eba6579f
2026-03-07 14:16:06,929 - app - INFO - 返回通知列表: 共0条
2026-03-07 14:16:06,931 - app - INFO - 获取用户信息成功: username=admin
2026-03-07 14:16:06,931 - app - INFO - 返回待办事项列表: 共0条，当前页1，每页5条
2026-03-07 14:16:08,891 - app - INFO - 获取所有病人列表请求
2026-03-07 14:16:08,891 - app - INFO - 获取用户信息请求: token=44d3f99e-76ed-48cf-8dcd-0528eba6579f
2026-03-07 14:16:08,893 - app - INFO - 返回所有患者列表: 共2条
2026-03-07 14:16:08,894 - app - INFO - 获取用户信息成功: username=admin
2026-03-07 14:16:09,195 - app - INFO - 分页查询EEG分析记录请求
2026-03-07 14:16:09,213 - app - INFO - 返回EEG分析记录列表: 共0条，当前页1，每页10条
2026-03-07 14:16:30,825 - app - INFO - 上传EEG文件请求
2026-03-07 14:16:31,286 - app - INFO - 生成的fileUrl: file:///E:/Seizure_monitoring/seizure_monitoring_python/uploads/chb01_03.edf
2026-03-07 14:16:31,286 - app - INFO - 上传EEG文件成功: chb01_03.edf
2026-03-07 14:16:32,032 - app - INFO - 获取EEG分析结果请求
2026-03-07 14:16:32,037 - app - INFO - 原始fileUrl: file:///E:/Seizure_monitoring/seizure_monitoring_python/uploads/chb01_03.edf
2026-03-07 14:16:32,037 - app - INFO - 解析后的URL: scheme=file, netloc=, path=/E:/Seizure_monitoring/seizure_monitoring_python/uploads/chb01_03.edf
2026-03-07 14:16:32,037 - app - INFO - 解码后的路径: /E:/Seizure_monitoring/seizure_monitoring_python/uploads/chb01_03.edf
2026-03-07 14:16:32,037 - app - INFO - 移除开头斜杠后: E:/Seizure_monitoring/seizure_monitoring_python/uploads/chb01_03.edf
2026-03-07 14:16:32,038 - app - INFO - 转换斜杠后: E:\Seizure_monitoring\seizure_monitoring_python\uploads\chb01_03.edf
2026-03-07 14:16:32,038 - app - INFO - 文件存在: E:\Seizure_monitoring\seizure_monitoring_python\uploads\chb01_03.edf
2026-03-07 14:16:32,038 - app - INFO - 最终分析文件: E:\Seizure_monitoring\seizure_monitoring_python\uploads\chb01_03.edf
2026-03-07 14:17:27,046 - app - ERROR - 获取EEG分析结果失败: name 'json' is not defined
Traceback (most recent call last):
  File "E:\Seizure_monitoring\seizure_monitoring_python\app.py", line 1880, in get_eeg_analysis
    analysisResult=json.dumps(analysis_result),
                   ^^^^
NameError: name 'json' is not defined. Did you forget to import 'json'?
2026-03-07 14:20:20,600 - app - INFO - 获取EEG分析结果请求
2026-03-07 14:20:20,613 - app - INFO - 原始fileUrl: data/chb01/chb01_03.edf
2026-03-07 14:20:20,614 - app - INFO - 解析后的URL: scheme=, netloc=, path=data/chb01/chb01_03.edf
2026-03-07 14:20:20,614 - app - INFO - 使用本地路径: data/chb01/chb01_03.edf
2026-03-07 14:20:20,614 - app - INFO - 文件存在: data/chb01/chb01_03.edf
2026-03-07 14:20:20,614 - app - INFO - 最终分析文件: data/chb01/chb01_03.edf
2026-03-07 14:21:02,113 - app - ERROR - 获取EEG分析结果失败: name 'json' is not defined
Traceback (most recent call last):
  File "E:\Seizure_monitoring\seizure_monitoring_python\app.py", line 1880, in get_eeg_analysis
    analysisResult=json.dumps(analysis_result),
                   ^^^^
NameError: name 'json' is not defined. Did you forget to import 'json'?
2026-03-07 14:21:42,980 - app - INFO - 上传目录已存在: E:\Seizure_monitoring\seizure_monitoring_python\uploads
2026-03-07 14:21:42,984 - app - INFO - 服务启动在 http://127.0.0.1:5001
2026-03-07 14:21:42,984 - app - INFO - 上传目录: E:\Seizure_monitoring\seizure_monitoring_python\uploads
2026-03-07 14:21:47,171 - app - INFO - 获取EEG分析结果请求
2026-03-07 14:21:47,175 - app - INFO - 原始fileUrl: data/chb01/chb01_03.edf
2026-03-07 14:21:47,175 - app - INFO - 解析后的URL: scheme=, netloc=, path=data/chb01/chb01_03.edf
2026-03-07 14:21:47,175 - app - INFO - 使用本地路径: data/chb01/chb01_03.edf
2026-03-07 14:21:47,175 - app - INFO - 文件存在: data/chb01/chb01_03.edf
2026-03-07 14:21:47,175 - app - INFO - 最终分析文件: data/chb01/chb01_03.edf
2026-03-07 14:22:29,825 - app - INFO - 返回EEG分析结果: patientId=1, riskLevel=11
2026-03-07 14:22:47,187 - app - INFO - 获取EEG分析结果请求
2026-03-07 14:22:47,189 - app - INFO - 原始fileUrl: file:///E:/Seizure_monitoring/seizure_monitoring_python/uploads/chb01_03.edf
2026-03-07 14:22:47,189 - app - INFO - 解析后的URL: scheme=file, netloc=, path=/E:/Seizure_monitoring/seizure_monitoring_python/uploads/chb01_03.edf
2026-03-07 14:22:47,189 - app - INFO - 解码后的路径: /E:/Seizure_monitoring/seizure_monitoring_python/uploads/chb01_03.edf
2026-03-07 14:22:47,189 - app - INFO - 移除开头斜杠后: E:/Seizure_monitoring/seizure_monitoring_python/uploads/chb01_03.edf
2026-03-07 14:22:47,189 - app - INFO - 转换斜杠后: E:\Seizure_monitoring\seizure_monitoring_python\uploads\chb01_03.edf
2026-03-07 14:22:47,190 - app - INFO - 文件存在: E:\Seizure_monitoring\seizure_monitoring_python\uploads\chb01_03.edf
2026-03-07 14:22:47,190 - app - INFO - 最终分析文件: E:\Seizure_monitoring\seizure_monitoring_python\uploads\chb01_03.edf
2026-03-07 14:23:39,338 - app - INFO - 获取用户信息请求: token=44d3f99e-76ed-48cf-8dcd-0528eba6579f
2026-03-07 14:23:39,338 - app - ERROR - 无效的token
2026-03-07 14:23:39,342 - app - INFO - 获取所有病人列表请求
2026-03-07 14:23:39,343 - app - INFO - 分页查询EEG分析记录请求
2026-03-07 14:23:39,349 - app - INFO - 获取用户信息请求: token=44d3f99e-76ed-48cf-8dcd-0528eba6579f
2026-03-07 14:23:39,350 - app - ERROR - 无效的token
2026-03-07 14:23:39,363 - app - INFO - 返回所有患者列表: 共2条
2026-03-07 14:23:39,367 - app - ERROR - 分页查询EEG分析记录失败: 'EegRecord' object has no attribute 'patientName'
Traceback (most recent call last):
  File "E:\Seizure_monitoring\seizure_monitoring_python\app.py", line 1944, in get_eeg_analysis_list
    "patientName": record.patientName,
                   ^^^^^^^^^^^^^^^^^^
AttributeError: 'EegRecord' object has no attribute 'patientName'
2026-03-07 14:23:40,164 - app - INFO - 返回EEG分析结果: patientId=1, riskLevel=5
2026-03-07 14:23:40,436 - app - INFO - 登录请求: username=admin
2026-03-07 14:23:40,439 - app - INFO - 登录成功: username=admin, token=b9c7bb86-3827-4db0-a528-110bab517030
2026-03-07 14:23:43,505 - app - INFO - 获取用户信息请求: token=b9c7bb86-3827-4db0-a528-110bab517030
2026-03-07 14:23:43,506 - app - INFO - 获取用户信息成功: username=admin
2026-03-07 14:23:43,762 - app - INFO - 获取待办事项列表请求
2026-03-07 14:23:43,762 - app - INFO - 获取通知列表请求
2026-03-07 14:23:43,763 - app - INFO - 获取用户信息请求: token=b9c7bb86-3827-4db0-a528-110bab517030
2026-03-07 14:23:43,767 - app - INFO - 返回通知列表: 共0条
2026-03-07 14:23:43,769 - app - INFO - 返回待办事项列表: 共0条，当前页1，每页5条
2026-03-07 14:23:43,769 - app - INFO - 获取用户信息成功: username=admin
2026-03-07 14:23:45,379 - app - INFO - 获取所有病人列表请求
2026-03-07 14:23:45,379 - app - INFO - 获取用户信息请求: token=b9c7bb86-3827-4db0-a528-110bab517030
2026-03-07 14:23:45,389 - app - INFO - 获取用户信息成功: username=admin
2026-03-07 14:23:45,389 - app - INFO - 返回所有患者列表: 共2条
2026-03-07 14:23:45,681 - app - INFO - 分页查询EEG分析记录请求
2026-03-07 14:23:45,683 - app - ERROR - 分页查询EEG分析记录失败: 'EegRecord' object has no attribute 'patientName'
Traceback (most recent call last):
  File "E:\Seizure_monitoring\seizure_monitoring_python\app.py", line 1944, in get_eeg_analysis_list
    "patientName": record.patientName,
                   ^^^^^^^^^^^^^^^^^^
AttributeError: 'EegRecord' object has no attribute 'patientName'
2026-03-07 14:23:51,007 - app - INFO - 分页查询病人请求
2026-03-07 14:23:51,010 - app - INFO - 返回患者列表: 共2条，当前页1，每页10条
2026-03-07 14:23:51,207 - app - INFO - 分页查询病人请求
2026-03-07 14:23:51,209 - app - INFO - 返回患者列表: 共2条，当前页1，每页1000条
2026-03-07 14:23:55,856 - app - INFO - 获取所有病人列表请求
2026-03-07 14:23:55,857 - app - INFO - 获取用户信息请求: token=b9c7bb86-3827-4db0-a528-110bab517030
2026-03-07 14:23:55,860 - app - INFO - 返回所有患者列表: 共2条
2026-03-07 14:23:55,861 - app - INFO - 分页查询EEG分析记录请求
2026-03-07 14:23:55,863 - app - INFO - 获取用户信息成功: username=admin
2026-03-07 14:23:55,866 - app - ERROR - 分页查询EEG分析记录失败: 'EegRecord' object has no attribute 'patientName'
Traceback (most recent call last):
  File "E:\Seizure_monitoring\seizure_monitoring_python\app.py", line 1944, in get_eeg_analysis_list
    "patientName": record.patientName,
                   ^^^^^^^^^^^^^^^^^^
AttributeError: 'EegRecord' object has no attribute 'patientName'
2026-03-07 14:24:11,499 - app - INFO - 上传EEG文件请求
2026-03-07 14:24:11,912 - app - INFO - 生成的fileUrl: file:///E:/Seizure_monitoring/seizure_monitoring_python/uploads/chb01_03.edf
2026-03-07 14:24:11,912 - app - INFO - 上传EEG文件成功: chb01_03.edf
2026-03-07 14:24:13,408 - app - INFO - 获取EEG分析结果请求
2026-03-07 14:24:13,425 - app - INFO - 原始fileUrl: file:///E:/Seizure_monitoring/seizure_monitoring_python/uploads/chb01_03.edf
2026-03-07 14:24:13,425 - app - INFO - 解析后的URL: scheme=file, netloc=, path=/E:/Seizure_monitoring/seizure_monitoring_python/uploads/chb01_03.edf
2026-03-07 14:24:13,425 - app - INFO - 解码后的路径: /E:/Seizure_monitoring/seizure_monitoring_python/uploads/chb01_03.edf
2026-03-07 14:24:13,425 - app - INFO - 移除开头斜杠后: E:/Seizure_monitoring/seizure_monitoring_python/uploads/chb01_03.edf
2026-03-07 14:24:13,425 - app - INFO - 转换斜杠后: E:\Seizure_monitoring\seizure_monitoring_python\uploads\chb01_03.edf
2026-03-07 14:24:13,426 - app - INFO - 文件存在: E:\Seizure_monitoring\seizure_monitoring_python\uploads\chb01_03.edf
2026-03-07 14:24:13,426 - app - INFO - 最终分析文件: E:\Seizure_monitoring\seizure_monitoring_python\uploads\chb01_03.edf
2026-03-07 14:25:05,134 - app - INFO - 返回EEG分析结果: patientId=1, riskLevel=2
2026-03-07 14:25:05,468 - app - INFO - 分页查询EEG分析记录请求
2026-03-07 14:25:05,471 - app - ERROR - 分页查询EEG分析记录失败: type object 'EegRecord' has no attribute 'userId'
Traceback (most recent call last):
  File "E:\Seizure_monitoring\seizure_monitoring_python\app.py", line 1921, in get_eeg_analysis_list
    query = query.filter(EegRecord.userId == user_id)
                         ^^^^^^^^^^^^^^^^
AttributeError: type object 'EegRecord' has no attribute 'userId'
2026-03-07 14:26:23,945 - app - INFO - 分页查询病人请求
2026-03-07 14:26:23,945 - app - INFO - 分页查询病人请求
2026-03-07 14:26:23,951 - app - INFO - 返回患者列表: 共2条，当前页1，每页10条
2026-03-07 14:26:23,952 - app - INFO - 返回患者列表: 共2条，当前页1，每页1000条
2026-03-07 14:26:29,607 - app - INFO - 获取所有病人列表请求
2026-03-07 14:26:29,608 - app - INFO - 获取用户信息请求: token=b9c7bb86-3827-4db0-a528-110bab517030
2026-03-07 14:26:29,609 - app - INFO - 返回所有患者列表: 共2条
2026-03-07 14:26:29,610 - app - INFO - 获取用户信息成功: username=admin
2026-03-07 14:26:29,908 - app - INFO - 分页查询EEG分析记录请求
2026-03-07 14:26:29,911 - app - ERROR - 分页查询EEG分析记录失败: 'EegRecord' object has no attribute 'patientName'
Traceback (most recent call last):
  File "E:\Seizure_monitoring\seizure_monitoring_python\app.py", line 1944, in get_eeg_analysis_list
    "patientName": record.patientName,
                   ^^^^^^^^^^^^^^^^^^
AttributeError: 'EegRecord' object has no attribute 'patientName'
2026-03-07 14:27:48,064 - app - INFO - 获取用户信息请求: token=b9c7bb86-3827-4db0-a528-110bab517030
2026-03-07 14:27:48,076 - app - INFO - 获取所有病人列表请求
2026-03-07 14:27:48,078 - app - INFO - 分页查询EEG分析记录请求
2026-03-07 14:27:48,087 - app - INFO - 获取用户信息成功: username=admin
2026-03-07 14:27:48,091 - app - INFO - 返回所有患者列表: 共2条
2026-03-07 14:27:48,092 - app - ERROR - 分页查询EEG分析记录失败: 'EegRecord' object has no attribute 'patientName'
Traceback (most recent call last):
  File "E:\Seizure_monitoring\seizure_monitoring_python\app.py", line 1944, in get_eeg_analysis_list
    "patientName": record.patientName,
                   ^^^^^^^^^^^^^^^^^^
AttributeError: 'EegRecord' object has no attribute 'patientName'
2026-03-07 14:27:48,112 - app - INFO - 获取用户信息请求: token=b9c7bb86-3827-4db0-a528-110bab517030
2026-03-07 14:27:48,126 - app - INFO - 获取用户信息成功: username=admin
2026-03-07 14:28:31,483 - app - INFO - 获取EEG分析结果请求
2026-03-07 14:28:31,524 - app - INFO - 原始fileUrl: data/chb01/chb01_03.edf
2026-03-07 14:28:31,524 - app - INFO - 解析后的URL: scheme=, netloc=, path=data/chb01/chb01_03.edf
2026-03-07 14:28:31,524 - app - INFO - 使用本地路径: data/chb01/chb01_03.edf
2026-03-07 14:28:31,525 - app - INFO - 文件存在: data/chb01/chb01_03.edf
2026-03-07 14:28:31,525 - app - INFO - 最终分析文件: data/chb01/chb01_03.edf
2026-03-07 14:29:26,085 - app - INFO - 返回EEG分析结果: patientId=1, riskLevel=16
2026-03-07 14:31:25,093 - app - INFO - 上传目录已存在: E:\Seizure_monitoring\Seizure_monitoring_python\uploads
2026-03-07 14:31:25,101 - app - INFO - 服务启动在 http://127.0.0.1:5001
2026-03-07 14:31:25,101 - app - INFO - 上传目录: E:\Seizure_monitoring\Seizure_monitoring_python\uploads
2026-03-07 14:31:32,314 - app - INFO - 上传目录已存在: E:\Seizure_monitoring\Seizure_monitoring_python\uploads
2026-03-07 14:31:32,321 - app - INFO - 服务启动在 http://127.0.0.1:5001
2026-03-07 14:31:32,321 - app - INFO - 上传目录: E:\Seizure_monitoring\Seizure_monitoring_python\uploads
2026-03-07 14:31:33,599 - app - INFO - 获取EEG分析结果请求
2026-03-07 14:31:33,614 - app - INFO - 原始fileUrl: data/chb01/chb01_03.edf
2026-03-07 14:31:33,614 - app - INFO - 解析后的URL: scheme=, netloc=, path=data/chb01/chb01_03.edf
2026-03-07 14:31:33,614 - app - INFO - 使用本地路径: data/chb01/chb01_03.edf
2026-03-07 14:31:33,615 - app - INFO - 文件存在: data/chb01/chb01_03.edf
2026-03-07 14:31:33,615 - app - INFO - 最终分析文件: data/chb01/chb01_03.edf
2026-03-07 14:32:25,592 - app - INFO - 返回EEG分析结果: patientId=1, riskLevel=3
2026-03-07 14:33:02,534 - app - INFO - 获取用户信息请求: token=b9c7bb86-3827-4db0-a528-110bab517030
2026-03-07 14:33:02,534 - app - INFO - 获取所有病人列表请求
2026-03-07 14:33:02,535 - app - INFO - 分页查询EEG分析记录请求
2026-03-07 14:33:02,544 - app - INFO - 获取用户信息成功: username=admin
2026-03-07 14:33:02,549 - app - INFO - 获取用户信息请求: token=b9c7bb86-3827-4db0-a528-110bab517030
2026-03-07 14:33:02,550 - app - INFO - 返回所有患者列表: 共2条
2026-03-07 14:33:02,556 - app - INFO - 获取用户信息成功: username=admin
2026-03-07 14:33:02,558 - app - ERROR - 分页查询EEG分析记录失败: 'EegRecord' object has no attribute 'patientName'
Traceback (most recent call last):
  File "E:\Seizure_monitoring\seizure_monitoring_python\app.py", line 1944, in get_eeg_analysis_list
    "patientName": record.patientName,
                   ^^^^^^^^^^^^^^^^^^
AttributeError: 'EegRecord' object has no attribute 'patientName'
2026-03-07 14:33:06,521 - app - INFO - 获取用户信息请求: token=b9c7bb86-3827-4db0-a528-110bab517030
2026-03-07 14:33:06,521 - app - INFO - 获取所有病人列表请求
2026-03-07 14:33:06,523 - app - INFO - 获取用户信息成功: username=admin
2026-03-07 14:33:06,523 - app - INFO - 返回所有患者列表: 共2条
2026-03-07 14:33:06,657 - app - INFO - 分页查询EEG分析记录请求
2026-03-07 14:33:06,660 - app - ERROR - 分页查询EEG分析记录失败: 'EegRecord' object has no attribute 'patientName'
Traceback (most recent call last):
  File "E:\Seizure_monitoring\seizure_monitoring_python\app.py", line 1944, in get_eeg_analysis_list
    "patientName": record.patientName,
                   ^^^^^^^^^^^^^^^^^^
AttributeError: 'EegRecord' object has no attribute 'patientName'
2026-03-07 14:33:06,673 - app - INFO - 获取用户信息请求: token=b9c7bb86-3827-4db0-a528-110bab517030
2026-03-07 14:33:06,675 - app - INFO - 获取用户信息成功: username=admin
2026-03-07 14:33:15,204 - app - INFO - 分页查询病人请求
2026-03-07 14:33:15,205 - app - INFO - 分页查询病人请求
2026-03-07 14:33:15,207 - app - INFO - 返回患者列表: 共2条，当前页1，每页10条
2026-03-07 14:33:15,210 - app - INFO - 返回患者列表: 共2条，当前页1，每页1000条
2026-03-07 14:33:20,039 - app - INFO - 获取所有病人列表请求
2026-03-07 14:33:20,039 - app - INFO - 获取用户信息请求: token=b9c7bb86-3827-4db0-a528-110bab517030
2026-03-07 14:33:20,042 - app - INFO - 返回所有患者列表: 共2条
2026-03-07 14:33:20,044 - app - INFO - 获取用户信息成功: username=admin
2026-03-07 14:33:22,411 - app - INFO - 获取所有病人列表请求
2026-03-07 14:33:22,412 - app - INFO - 获取用户信息请求: token=b9c7bb86-3827-4db0-a528-110bab517030
2026-03-07 14:33:22,413 - app - INFO - 分页查询EEG分析记录请求
2026-03-07 14:33:22,415 - app - INFO - 返回所有患者列表: 共2条
2026-03-07 14:33:22,417 - app - ERROR - 分页查询EEG分析记录失败: 'EegRecord' object has no attribute 'patientName'
Traceback (most recent call last):
  File "E:\Seizure_monitoring\seizure_monitoring_python\app.py", line 1944, in get_eeg_analysis_list
    "patientName": record.patientName,
                   ^^^^^^^^^^^^^^^^^^
AttributeError: 'EegRecord' object has no attribute 'patientName'
2026-03-07 14:33:22,425 - app - INFO - 获取用户信息成功: username=admin
2026-03-07 14:56:00,741 - app - INFO - 上传目录已存在: E:\Seizure_monitoring\seizure_monitoring_python\uploads
2026-03-07 14:56:00,750 - app - INFO - 服务启动在 http://127.0.0.1:5001
2026-03-07 14:56:00,750 - app - INFO - 上传目录: E:\Seizure_monitoring\seizure_monitoring_python\uploads
2026-03-07 14:56:08,717 - app - INFO - 上传目录已存在: E:\Seizure_monitoring\seizure_monitoring_python\uploads
2026-03-07 14:56:08,722 - app - INFO - 服务启动在 http://127.0.0.1:5001
2026-03-07 14:56:08,722 - app - INFO - 上传目录: E:\Seizure_monitoring\seizure_monitoring_python\uploads
2026-03-07 14:59:11,647 - app - INFO - 获取EEG分析结果请求
2026-03-07 14:59:11,683 - app - INFO - 原始fileUrl: data/chb01/chb01_03.edf
2026-03-07 14:59:11,684 - app - INFO - 解析后的URL: scheme=, netloc=, path=data/chb01/chb01_03.edf
2026-03-07 14:59:11,684 - app - INFO - 使用本地路径: data/chb01/chb01_03.edf
2026-03-07 14:59:11,685 - app - INFO - 文件存在: data/chb01/chb01_03.edf
2026-03-07 14:59:11,685 - app - INFO - 最终分析文件: data/chb01/chb01_03.edf
2026-03-07 15:00:07,440 - app - INFO - 返回EEG分析结果: patientId=1, riskLevel=9
2026-03-07 15:02:59,732 - app - INFO - 登录请求: username=admin
2026-03-07 15:02:59,796 - app - INFO - 登录成功: username=admin, token=b607c6b0-4e4e-404d-bb6f-a55f99206bbe
2026-03-07 15:03:03,200 - app - INFO - 获取用户信息请求: token=b607c6b0-4e4e-404d-bb6f-a55f99206bbe
2026-03-07 15:03:03,201 - app - INFO - 获取待办事项列表请求
2026-03-07 15:03:03,202 - app - INFO - 获取通知列表请求
2026-03-07 15:03:03,273 - app - INFO - 返回通知列表: 共0条
2026-03-07 15:03:03,275 - app - INFO - 获取用户信息成功: username=admin
2026-03-07 15:03:03,279 - app - INFO - 返回待办事项列表: 共0条，当前页1，每页5条
2026-03-07 15:03:03,282 - app - INFO - 获取用户信息请求: token=b607c6b0-4e4e-404d-bb6f-a55f99206bbe
2026-03-07 15:03:03,290 - app - INFO - 获取用户信息成功: username=admin
2026-03-07 15:03:05,552 - app - INFO - 获取所有病人列表请求
2026-03-07 15:03:05,558 - app - INFO - 返回所有患者列表: 共2条
2026-03-07 15:03:05,673 - app - INFO - 获取用户信息请求: token=b607c6b0-4e4e-404d-bb6f-a55f99206bbe
2026-03-07 15:03:05,674 - app - INFO - 分页查询EEG分析记录请求
2026-03-07 15:03:05,678 - app - INFO - 获取用户信息成功: username=admin
2026-03-07 15:03:05,682 - app - ERROR - 分页查询EEG分析记录失败: 'EegRecord' object has no attribute 'patientName'
Traceback (most recent call last):
  File "E:\Seizure_monitoring\seizure_monitoring_python\app.py", line 1944, in get_eeg_analysis_list
    "patientName": record.patientName,
                   ^^^^^^^^^^^^^^^^^^
AttributeError: 'EegRecord' object has no attribute 'patientName'
2026-03-07 15:03:35,878 - app - INFO - 获取用户信息请求: token=b607c6b0-4e4e-404d-bb6f-a55f99206bbe
2026-03-07 15:03:35,891 - app - INFO - 获取所有病人列表请求
2026-03-07 15:03:35,892 - app - INFO - 分页查询EEG分析记录请求
2026-03-07 15:03:35,902 - app - INFO - 获取用户信息成功: username=admin
2026-03-07 15:03:35,905 - app - INFO - 返回所有患者列表: 共2条
2026-03-07 15:03:35,907 - app - ERROR - 分页查询EEG分析记录失败: 'EegRecord' object has no attribute 'patientName'
Traceback (most recent call last):
  File "E:\Seizure_monitoring\seizure_monitoring_python\app.py", line 1944, in get_eeg_analysis_list
    "patientName": record.patientName,
                   ^^^^^^^^^^^^^^^^^^
AttributeError: 'EegRecord' object has no attribute 'patientName'
2026-03-07 15:03:35,934 - app - INFO - 获取用户信息请求: token=b607c6b0-4e4e-404d-bb6f-a55f99206bbe
2026-03-07 15:03:35,948 - app - INFO - 获取用户信息成功: username=admin
2026-03-07 15:04:05,621 - app - INFO - 获取EEG分析结果请求
2026-03-07 15:04:05,649 - app - INFO - 原始fileUrl: data/chb01/chb01_03.edf
2026-03-07 15:04:05,649 - app - INFO - 解析后的URL: scheme=, netloc=, path=data/chb01/chb01_03.edf
2026-03-07 15:04:05,649 - app - INFO - 使用本地路径: data/chb01/chb01_03.edf
2026-03-07 15:04:05,649 - app - INFO - 文件存在: data/chb01/chb01_03.edf
2026-03-07 15:04:05,650 - app - INFO - 最终分析文件: data/chb01/chb01_03.edf
2026-03-07 15:04:48,914 - app - INFO - 返回EEG分析结果: patientId=1, riskLevel=7
2026-03-07 15:06:43,294 - app - INFO - 上传目录已存在: E:\Seizure_monitoring\seizure_monitoring_python\uploads
2026-03-07 15:06:43,301 - app - INFO - 服务启动在 http://127.0.0.1:5001
2026-03-07 15:06:43,301 - app - INFO - 上传目录: E:\Seizure_monitoring\seizure_monitoring_python\uploads
2026-03-07 15:06:48,775 - app - INFO - 分页查询EEG分析记录请求
2026-03-07 15:06:48,790 - app - INFO - 返回EEG分析记录列表: 共7条，当前页1，每页10条
2026-03-07 15:07:10,457 - app - INFO - 获取用户信息请求: token=b607c6b0-4e4e-404d-bb6f-a55f99206bbe
2026-03-07 15:07:10,458 - app - ERROR - 无效的token
2026-03-07 15:07:10,459 - app - INFO - 获取所有病人列表请求
2026-03-07 15:07:10,461 - app - INFO - 分页查询EEG分析记录请求
2026-03-07 15:07:10,470 - app - INFO - 返回所有患者列表: 共2条
2026-03-07 15:07:10,476 - app - INFO - 获取用户信息请求: token=b607c6b0-4e4e-404d-bb6f-a55f99206bbe
2026-03-07 15:07:10,477 - app - ERROR - 无效的token
2026-03-07 15:07:10,478 - app - INFO - 返回EEG分析记录列表: 共7条，当前页1，每页10条
2026-03-07 15:07:11,849 - app - INFO - 登录请求: username=admin
2026-03-07 15:07:11,852 - app - INFO - 登录成功: username=admin, token=c16542fd-1c5d-4a01-8a21-6b7e423ab4e4
2026-03-07 15:07:14,924 - app - INFO - 获取用户信息请求: token=c16542fd-1c5d-4a01-8a21-6b7e423ab4e4
2026-03-07 15:07:14,924 - app - INFO - 获取待办事项列表请求
2026-03-07 15:07:14,925 - app - INFO - 获取通知列表请求
2026-03-07 15:07:14,931 - app - INFO - 返回通知列表: 共0条
2026-03-07 15:07:14,932 - app - INFO - 返回待办事项列表: 共0条，当前页1，每页5条
2026-03-07 15:07:14,939 - app - INFO - 获取用户信息成功: username=admin
2026-03-07 15:07:15,178 - app - INFO - 获取用户信息请求: token=c16542fd-1c5d-4a01-8a21-6b7e423ab4e4
2026-03-07 15:07:15,187 - app - INFO - 获取用户信息成功: username=admin
2026-03-07 15:07:16,952 - app - INFO - 获取所有病人列表请求
2026-03-07 15:07:16,954 - app - INFO - 返回所有患者列表: 共2条
2026-03-07 15:07:17,256 - app - INFO - 获取用户信息请求: token=c16542fd-1c5d-4a01-8a21-6b7e423ab4e4
2026-03-07 15:07:17,257 - app - INFO - 分页查询EEG分析记录请求
2026-03-07 15:07:17,258 - app - INFO - 获取用户信息成功: username=admin
2026-03-07 15:07:17,264 - app - INFO - 返回EEG分析记录列表: 共7条，当前页1，每页10条
2026-03-07 15:07:24,947 - app - INFO - 上传EEG文件请求
2026-03-07 15:07:25,396 - app - INFO - 生成的fileUrl: file:///E:/Seizure_monitoring/seizure_monitoring_python/uploads/chb01_04.edf
2026-03-07 15:07:25,396 - app - INFO - 上传EEG文件成功: chb01_04.edf
2026-03-07 15:07:26,912 - app - INFO - 获取EEG分析结果请求
2026-03-07 15:07:26,914 - app - INFO - 原始fileUrl: file:///E:/Seizure_monitoring/seizure_monitoring_python/uploads/chb01_04.edf
2026-03-07 15:07:26,915 - app - INFO - 解析后的URL: scheme=file, netloc=, path=/E:/Seizure_monitoring/seizure_monitoring_python/uploads/chb01_04.edf
2026-03-07 15:07:26,915 - app - INFO - 解码后的路径: /E:/Seizure_monitoring/seizure_monitoring_python/uploads/chb01_04.edf
2026-03-07 15:07:26,915 - app - INFO - 移除开头斜杠后: E:/Seizure_monitoring/seizure_monitoring_python/uploads/chb01_04.edf
2026-03-07 15:07:26,915 - app - INFO - 转换斜杠后: E:\Seizure_monitoring\seizure_monitoring_python\uploads\chb01_04.edf
2026-03-07 15:07:26,916 - app - INFO - 文件存在: E:\Seizure_monitoring\seizure_monitoring_python\uploads\chb01_04.edf
2026-03-07 15:07:26,916 - app - INFO - 最终分析文件: E:\Seizure_monitoring\seizure_monitoring_python\uploads\chb01_04.edf
2026-03-07 15:08:22,950 - app - INFO - 返回EEG分析结果: patientId=1, riskLevel=12
2026-03-07 15:08:23,269 - app - INFO - 分页查询EEG分析记录请求
2026-03-07 15:08:23,287 - app - INFO - 返回EEG分析记录列表: 共8条，当前页1，每页10条
2026-03-07 15:08:54,464 - app - INFO - 上传EEG文件请求
2026-03-07 15:08:54,667 - app - INFO - 生成的fileUrl: file:///E:/Seizure_monitoring/seizure_monitoring_python/uploads/chb01_15.edf
2026-03-07 15:08:54,667 - app - INFO - 上传EEG文件成功: chb01_15.edf
2026-03-07 15:08:59,192 - app - INFO - 获取EEG分析结果请求
2026-03-07 15:08:59,194 - app - INFO - 原始fileUrl: file:///E:/Seizure_monitoring/seizure_monitoring_python/uploads/chb01_15.edf
2026-03-07 15:08:59,194 - app - INFO - 解析后的URL: scheme=file, netloc=, path=/E:/Seizure_monitoring/seizure_monitoring_python/uploads/chb01_15.edf
2026-03-07 15:08:59,194 - app - INFO - 解码后的路径: /E:/Seizure_monitoring/seizure_monitoring_python/uploads/chb01_15.edf
2026-03-07 15:08:59,194 - app - INFO - 移除开头斜杠后: E:/Seizure_monitoring/seizure_monitoring_python/uploads/chb01_15.edf
2026-03-07 15:08:59,194 - app - INFO - 转换斜杠后: E:\Seizure_monitoring\seizure_monitoring_python\uploads\chb01_15.edf
2026-03-07 15:08:59,195 - app - INFO - 文件存在: E:\Seizure_monitoring\seizure_monitoring_python\uploads\chb01_15.edf
2026-03-07 15:08:59,195 - app - INFO - 最终分析文件: E:\Seizure_monitoring\seizure_monitoring_python\uploads\chb01_15.edf
2026-03-07 15:09:53,680 - app - INFO - 返回EEG分析结果: patientId=2, riskLevel=9
2026-03-07 15:09:53,694 - app - INFO - 分页查询EEG分析记录请求
2026-03-07 15:09:53,698 - app - INFO - 返回EEG分析记录列表: 共1条，当前页1，每页10条
2026-03-07 15:10:08,441 - app - INFO - 获取所有病人列表请求
2026-03-07 15:10:08,442 - app - INFO - 返回所有患者列表: 共2条
2026-03-07 15:10:08,563 - app - INFO - 获取用户信息请求: token=c16542fd-1c5d-4a01-8a21-6b7e423ab4e4
2026-03-07 15:10:08,565 - app - INFO - 获取用户信息成功: username=admin
2026-03-07 15:10:19,893 - app - INFO - 获得Eeg可视化特征分析请求
2026-03-07 15:10:19,893 - app - ERROR - 缺少文件URL
2026-03-07 15:10:23,792 - app - INFO - 获得Eeg可视化特征分析请求
2026-03-07 15:10:23,792 - app - ERROR - 缺少文件URL
2026-03-07 15:13:28,596 - app - INFO - 上传目录已存在: E:\Seizure_monitoring\seizure_monitoring_python\uploads
2026-03-07 15:13:28,601 - app - INFO - 服务启动在 http://127.0.0.1:5001
2026-03-07 15:13:28,601 - app - INFO - 上传目录: E:\Seizure_monitoring\seizure_monitoring_python\uploads
2026-03-07 15:14:09,199 - app - INFO - 上传目录已存在: E:\Seizure_monitoring\seizure_monitoring_python\uploads
2026-03-07 15:14:09,207 - app - INFO - 服务启动在 http://127.0.0.1:5001
2026-03-07 15:14:09,207 - app - INFO - 上传目录: E:\Seizure_monitoring\seizure_monitoring_python\uploads
2026-03-07 15:15:06,137 - app - INFO - 上传目录已存在: E:\Seizure_monitoring\seizure_monitoring_python\uploads
2026-03-07 15:15:06,143 - app - INFO - 服务启动在 http://127.0.0.1:5001
2026-03-07 15:15:06,143 - app - INFO - 上传目录: E:\Seizure_monitoring\seizure_monitoring_python\uploads
2026-03-07 15:15:43,044 - app - INFO - 上传目录已存在: E:\Seizure_monitoring\Seizure_monitoring_python\uploads
2026-03-07 15:15:43,052 - app - INFO - 服务启动在 http://127.0.0.1:5001
2026-03-07 15:15:43,052 - app - INFO - 上传目录: E:\Seizure_monitoring\Seizure_monitoring_python\uploads
2026-03-07 15:15:51,294 - app - INFO - 上传目录已存在: E:\Seizure_monitoring\Seizure_monitoring_python\uploads
2026-03-07 15:15:51,303 - app - INFO - 服务启动在 http://127.0.0.1:5001
2026-03-07 15:15:51,304 - app - INFO - 上传目录: E:\Seizure_monitoring\Seizure_monitoring_python\uploads
2026-03-07 15:15:59,177 - app - INFO - 获取EEG信息请求
2026-03-07 15:15:59,178 - app - INFO - 返回EEG信息: 22个通道
2026-03-07 15:16:08,375 - app - INFO - 启动EEG数据流请求
2026-03-07 15:16:08,379 - app - INFO - EEG数据流已启动: 窗口大小=5.0秒, 步长=1.5秒
2026-03-07 15:16:20,609 - app - INFO - 停止EEG数据流请求
2026-03-07 15:16:20,609 - app - INFO - EEG数据流已停止
2026-03-07 15:16:20,630 - app - INFO - EEG数据流已结束
2026-03-07 15:16:45,504 - app - INFO - 获取用户信息请求: token=c16542fd-1c5d-4a01-8a21-6b7e423ab4e4
2026-03-07 15:16:45,504 - app - ERROR - 无效的token
2026-03-07 15:16:45,505 - app - INFO - 获取所有病人列表请求
2026-03-07 15:16:45,527 - app - INFO - 获取用户信息请求: token=c16542fd-1c5d-4a01-8a21-6b7e423ab4e4
2026-03-07 15:16:45,528 - app - ERROR - 无效的token
2026-03-07 15:16:45,533 - app - INFO - 返回所有患者列表: 共2条
2026-03-07 15:16:46,706 - app - INFO - 登录请求: username=admin
2026-03-07 15:16:46,725 - app - INFO - 登录成功: username=admin, token=440aa2fb-a3bf-43e0-b9eb-cfc39131bf5a
2026-03-07 15:16:49,846 - app - INFO - 获取用户信息请求: token=440aa2fb-a3bf-43e0-b9eb-cfc39131bf5a
2026-03-07 15:16:49,848 - app - INFO - 获取待办事项列表请求
2026-03-07 15:16:49,857 - app - INFO - 返回待办事项列表: 共0条，当前页1，每页5条
2026-03-07 15:16:49,858 - app - INFO - 获取用户信息成功: username=admin
2026-03-07 15:16:49,860 - app - INFO - 获取通知列表请求
2026-03-07 15:16:49,864 - app - INFO - 返回通知列表: 共0条
2026-03-07 15:16:50,048 - app - INFO - 获取用户信息请求: token=440aa2fb-a3bf-43e0-b9eb-cfc39131bf5a
2026-03-07 15:16:50,052 - app - INFO - 获取用户信息成功: username=admin
2026-03-07 15:16:51,625 - app - INFO - 获取所有病人列表请求
2026-03-07 15:16:51,628 - app - INFO - 返回所有患者列表: 共2条
2026-03-07 15:16:51,925 - app - INFO - 获取用户信息请求: token=440aa2fb-a3bf-43e0-b9eb-cfc39131bf5a
2026-03-07 15:16:51,939 - app - INFO - 获取用户信息成功: username=admin
2026-03-07 15:17:11,528 - app - INFO - 获得Eeg可视化特征分析请求
2026-03-07 15:17:11,528 - app - ERROR - 缺少文件URL
2026-03-07 15:18:08,525 - app - INFO - 获得Eeg可视化特征分析请求
2026-03-07 15:18:08,526 - app - INFO - 返回Eeg可视化特征分析结果
2026-03-07 15:19:00,475 - app - INFO - 上传目录已存在: E:\Seizure_monitoring\Seizure_monitoring_python\uploads
2026-03-07 15:19:00,483 - app - INFO - 服务启动在 http://127.0.0.1:5001
2026-03-07 15:19:00,484 - app - INFO - 上传目录: E:\Seizure_monitoring\Seizure_monitoring_python\uploads
2026-03-07 15:19:02,530 - app - INFO - 上传目录已存在: E:\Seizure_monitoring\seizure_monitoring_python\uploads
2026-03-07 15:19:02,538 - app - INFO - 服务启动在 http://127.0.0.1:5001
2026-03-07 15:19:02,539 - app - INFO - 上传目录: E:\Seizure_monitoring\seizure_monitoring_python\uploads
2026-03-07 15:19:19,524 - app - INFO - 上传目录已存在: E:\Seizure_monitoring\Seizure_monitoring_python\uploads
2026-03-07 15:19:19,529 - app - INFO - 服务启动在 http://127.0.0.1:5001
2026-03-07 15:19:19,529 - app - INFO - 上传目录: E:\Seizure_monitoring\Seizure_monitoring_python\uploads
2026-03-07 15:19:22,724 - app - INFO - 上传目录已存在: E:\Seizure_monitoring\seizure_monitoring_python\uploads
2026-03-07 15:19:22,731 - app - INFO - 服务启动在 http://127.0.0.1:5001
2026-03-07 15:19:22,731 - app - INFO - 上传目录: E:\Seizure_monitoring\seizure_monitoring_python\uploads
2026-03-07 15:19:41,497 - app - INFO - 上传目录已存在: E:\Seizure_monitoring\Seizure_monitoring_python\uploads
2026-03-07 15:19:41,504 - app - INFO - 服务启动在 http://127.0.0.1:5001
2026-03-07 15:19:41,505 - app - INFO - 上传目录: E:\Seizure_monitoring\Seizure_monitoring_python\uploads
2026-03-07 15:19:49,700 - app - INFO - 上传目录已存在: E:\Seizure_monitoring\Seizure_monitoring_python\uploads
2026-03-07 15:19:49,705 - app - INFO - 服务启动在 http://127.0.0.1:5001
2026-03-07 15:19:49,706 - app - INFO - 上传目录: E:\Seizure_monitoring\Seizure_monitoring_python\uploads
2026-03-07 15:28:32,271 - app - INFO - 上传目录已存在: E:\Seizure_monitoring\Seizure_monitoring_python\uploads
2026-03-07 15:28:32,277 - app - INFO - 服务启动在 http://127.0.0.1:5001
2026-03-07 15:28:32,277 - app - INFO - 上传目录: E:\Seizure_monitoring\Seizure_monitoring_python\uploads
2026-03-07 15:28:32,416 - app - INFO - 上传目录已存在: E:\Seizure_monitoring\Seizure_monitoring_python\uploads
2026-03-07 15:28:32,421 - app - INFO - 服务启动在 http://127.0.0.1:5001
2026-03-07 15:28:32,422 - app - INFO - 上传目录: E:\Seizure_monitoring\Seizure_monitoring_python\uploads
2026-03-07 15:28:52,010 - app - INFO - 上传目录已存在: E:\Seizure_monitoring\seizure_monitoring_python\uploads
2026-03-07 15:28:52,016 - app - INFO - 服务启动在 http://127.0.0.1:5001
2026-03-07 15:28:52,016 - app - INFO - 上传目录: E:\Seizure_monitoring\seizure_monitoring_python\uploads
2026-03-07 15:28:59,214 - app - INFO - 上传目录已存在: E:\Seizure_monitoring\seizure_monitoring_python\uploads
2026-03-07 15:28:59,219 - app - INFO - 服务启动在 http://127.0.0.1:5001
2026-03-07 15:28:59,219 - app - INFO - 上传目录: E:\Seizure_monitoring\seizure_monitoring_python\uploads
2026-03-07 15:29:07,239 - app - INFO - 获得Eeg可视化特征分析请求
2026-03-07 15:29:07,243 - app - INFO - 从数据库获取文件URL: file:///E:/Seizure_monitoring/seizure_monitoring_python/uploads/chb01_04.edf
2026-03-07 15:29:07,244 - app - INFO - 返回Eeg可视化特征分析结果
2026-03-07 15:43:33,832 - app - INFO - 获取所有病人列表请求
2026-03-07 15:43:33,842 - app - INFO - 返回所有患者列表: 共2条
2026-03-07 15:43:34,028 - app - INFO - 获取用户信息请求: token=440aa2fb-a3bf-43e0-b9eb-cfc39131bf5a
2026-03-07 15:43:34,030 - app - ERROR - 无效的token
2026-03-07 15:43:35,273 - app - INFO - 登录请求: username=admin
2026-03-07 15:43:35,276 - app - INFO - 登录成功: username=admin, token=69652dc4-0ee7-4e47-a001-cc745dc4cca9
2026-03-07 15:43:38,362 - app - INFO - 获取用户信息请求: token=69652dc4-0ee7-4e47-a001-cc745dc4cca9
2026-03-07 15:43:38,364 - app - INFO - 获取用户信息成功: username=admin
2026-03-07 15:43:38,365 - app - INFO - 获取待办事项列表请求
2026-03-07 15:43:38,389 - app - INFO - 返回待办事项列表: 共0条，当前页1，每页5条
2026-03-07 15:43:38,390 - app - INFO - 获取通知列表请求
2026-03-07 15:43:38,396 - app - INFO - 返回通知列表: 共0条
2026-03-07 15:43:38,668 - app - INFO - 获取用户信息请求: token=69652dc4-0ee7-4e47-a001-cc745dc4cca9
2026-03-07 15:43:38,669 - app - INFO - 获取用户信息成功: username=admin
2026-03-07 15:43:40,713 - app - INFO - 获取所有病人列表请求
2026-03-07 15:43:40,715 - app - INFO - 返回所有患者列表: 共2条
2026-03-07 15:43:40,716 - app - INFO - 获取用户信息请求: token=69652dc4-0ee7-4e47-a001-cc745dc4cca9
2026-03-07 15:43:40,727 - app - INFO - 获取用户信息成功: username=admin
2026-03-07 15:43:48,311 - app - INFO - 获得Eeg可视化特征分析请求
2026-03-07 15:43:48,326 - app - INFO - 从数据库获取文件URL: file:///E:/Seizure_monitoring/seizure_monitoring_python/uploads/chb01_04.edf
2026-03-07 15:43:48,327 - app - INFO - 返回Eeg可视化特征分析结果
2026-03-07 15:48:20,114 - app - INFO - 获取用户信息请求: token=69652dc4-0ee7-4e47-a001-cc745dc4cca9
2026-03-07 15:48:20,151 - app - INFO - 获取用户信息成功: username=admin
2026-03-07 15:48:20,157 - app - INFO - 获取所有病人列表请求
2026-03-07 15:48:20,172 - app - INFO - 返回所有患者列表: 共2条
2026-03-07 15:48:20,175 - app - INFO - 获取用户信息请求: token=69652dc4-0ee7-4e47-a001-cc745dc4cca9
2026-03-07 15:48:20,190 - app - INFO - 获取用户信息成功: username=admin
2026-03-07 15:48:29,522 - app - INFO - 上传目录已存在: E:\Seizure_monitoring\seizure_monitoring_python\uploads
2026-03-07 15:48:29,527 - app - INFO - 服务启动在 http://127.0.0.1:5001
2026-03-07 15:48:29,527 - app - INFO - 上传目录: E:\Seizure_monitoring\seizure_monitoring_python\uploads
2026-03-07 15:48:29,628 - app - INFO - 上传目录已存在: E:\Seizure_monitoring\Seizure_monitoring_python\uploads
2026-03-07 15:48:29,634 - app - INFO - 服务启动在 http://127.0.0.1:5001
2026-03-07 15:48:29,634 - app - INFO - 上传目录: E:\Seizure_monitoring\Seizure_monitoring_python\uploads
2026-03-07 15:48:30,665 - app - INFO - 上传目录已存在: E:\Seizure_monitoring\Seizure_monitoring_python\uploads
2026-03-07 15:48:30,675 - app - INFO - 服务启动在 http://127.0.0.1:5001
2026-03-07 15:48:30,675 - app - INFO - 上传目录: E:\Seizure_monitoring\Seizure_monitoring_python\uploads
2026-03-07 15:49:30,106 - app - INFO - 上传目录已存在: E:\Seizure_monitoring\Seizure_monitoring_python\uploads
2026-03-07 15:49:30,114 - app - INFO - 服务启动在 http://127.0.0.1:5001
2026-03-07 15:49:30,114 - app - INFO - 上传目录: E:\Seizure_monitoring\Seizure_monitoring_python\uploads
2026-03-07 15:49:30,437 - app - INFO - 上传目录已存在: E:\Seizure_monitoring\seizure_monitoring_python\uploads
2026-03-07 15:49:30,445 - app - INFO - 服务启动在 http://127.0.0.1:5001
2026-03-07 15:49:30,446 - app - INFO - 上传目录: E:\Seizure_monitoring\seizure_monitoring_python\uploads
2026-03-07 15:49:32,368 - app - INFO - 上传目录已存在: E:\Seizure_monitoring\Seizure_monitoring_python\uploads
2026-03-07 15:49:32,376 - app - INFO - 服务启动在 http://127.0.0.1:5001
2026-03-07 15:49:32,376 - app - INFO - 上传目录: E:\Seizure_monitoring\Seizure_monitoring_python\uploads
2026-03-07 15:50:07,151 - app - INFO - 上传目录已存在: E:\Seizure_monitoring\Seizure_monitoring_python\uploads
2026-03-07 15:50:07,156 - app - INFO - 服务启动在 http://127.0.0.1:5001
2026-03-07 15:50:07,157 - app - INFO - 上传目录: E:\Seizure_monitoring\Seizure_monitoring_python\uploads
2026-03-07 15:50:08,418 - app - INFO - 上传目录已存在: E:\Seizure_monitoring\Seizure_monitoring_python\uploads
2026-03-07 15:50:08,423 - app - INFO - 服务启动在 http://127.0.0.1:5001
2026-03-07 15:50:08,424 - app - INFO - 上传目录: E:\Seizure_monitoring\Seizure_monitoring_python\uploads
2026-03-07 15:50:08,593 - app - INFO - 上传目录已存在: E:\Seizure_monitoring\seizure_monitoring_python\uploads
2026-03-07 15:50:08,599 - app - INFO - 服务启动在 http://127.0.0.1:5001
2026-03-07 15:50:08,599 - app - INFO - 上传目录: E:\Seizure_monitoring\seizure_monitoring_python\uploads
2026-03-07 15:50:33,591 - app - INFO - 上传目录已存在: E:\Seizure_monitoring\Seizure_monitoring_python\uploads
2026-03-07 15:50:33,597 - app - INFO - 服务启动在 http://127.0.0.1:5001
2026-03-07 15:50:33,597 - app - INFO - 上传目录: E:\Seizure_monitoring\Seizure_monitoring_python\uploads
2026-03-07 15:50:34,811 - app - INFO - 上传目录已存在: E:\Seizure_monitoring\Seizure_monitoring_python\uploads
2026-03-07 15:50:34,817 - app - INFO - 服务启动在 http://127.0.0.1:5001
2026-03-07 15:50:34,817 - app - INFO - 上传目录: E:\Seizure_monitoring\Seizure_monitoring_python\uploads
2026-03-07 15:50:35,302 - app - INFO - 上传目录已存在: E:\Seizure_monitoring\seizure_monitoring_python\uploads
2026-03-07 15:50:35,308 - app - INFO - 服务启动在 http://127.0.0.1:5001
2026-03-07 15:50:35,309 - app - INFO - 上传目录: E:\Seizure_monitoring\seizure_monitoring_python\uploads
2026-03-07 15:50:55,794 - app - INFO - 上传目录已存在: E:\Seizure_monitoring\seizure_monitoring_python\uploads
2026-03-07 15:50:55,799 - app - INFO - 服务启动在 http://127.0.0.1:5001
2026-03-07 15:50:55,799 - app - INFO - 上传目录: E:\Seizure_monitoring\seizure_monitoring_python\uploads
2026-03-07 15:50:55,923 - app - INFO - 上传目录已存在: E:\Seizure_monitoring\Seizure_monitoring_python\uploads
2026-03-07 15:50:55,928 - app - INFO - 服务启动在 http://127.0.0.1:5001
2026-03-07 15:50:55,928 - app - INFO - 上传目录: E:\Seizure_monitoring\Seizure_monitoring_python\uploads
2026-03-07 15:50:57,006 - app - INFO - 上传目录已存在: E:\Seizure_monitoring\Seizure_monitoring_python\uploads
2026-03-07 15:50:57,012 - app - INFO - 服务启动在 http://127.0.0.1:5001
2026-03-07 15:50:57,012 - app - INFO - 上传目录: E:\Seizure_monitoring\Seizure_monitoring_python\uploads
2026-03-07 15:51:20,653 - app - INFO - 上传目录已存在: E:\Seizure_monitoring\Seizure_monitoring_python\uploads
2026-03-07 15:51:20,659 - app - INFO - 服务启动在 http://127.0.0.1:5001
2026-03-07 15:51:20,660 - app - INFO - 上传目录: E:\Seizure_monitoring\Seizure_monitoring_python\uploads
2026-03-07 15:51:27,961 - app - INFO - 上传目录已存在: E:\Seizure_monitoring\Seizure_monitoring_python\uploads
2026-03-07 15:51:27,969 - app - INFO - 服务启动在 http://127.0.0.1:5001
2026-03-07 15:51:27,969 - app - INFO - 上传目录: E:\Seizure_monitoring\Seizure_monitoring_python\uploads
2026-03-07 15:52:19,735 - app - INFO - 上传目录已存在: E:\Seizure_monitoring\Seizure_monitoring_python\uploads
2026-03-07 15:52:19,740 - app - INFO - 服务启动在 http://127.0.0.1:5001
2026-03-07 15:52:19,741 - app - INFO - 上传目录: E:\Seizure_monitoring\Seizure_monitoring_python\uploads
2026-03-07 15:52:28,217 - app - INFO - 上传目录已存在: E:\Seizure_monitoring\Seizure_monitoring_python\uploads
2026-03-07 15:52:28,222 - app - INFO - 服务启动在 http://127.0.0.1:5001
2026-03-07 15:52:28,222 - app - INFO - 上传目录: E:\Seizure_monitoring\Seizure_monitoring_python\uploads
2026-03-07 15:52:37,441 - app - INFO - 获得Eeg可视化特征分析请求
2026-03-07 15:52:37,444 - app - INFO - 从数据库获取文件URL: file:///E:/Seizure_monitoring/seizure_monitoring_python/uploads/chb01_04.edf
2026-03-07 15:52:37,445 - app - INFO - 开始分析EEG文件: chb01_04.edf, 大小: 42399744字节
2026-03-07 15:52:37,446 - app - INFO - 开始过零点特征提取
2026-03-07 15:52:37,446 - app - INFO - 开始短时傅里叶变换
2026-03-07 15:52:37,446 - app - INFO - 开始离散小波变换
2026-03-07 15:52:37,448 - app - ERROR - 过零点特征提取失败: [WinError 5] 拒绝访问。: 'e:\\Code'
2026-03-07 15:52:37,448 - app - ERROR - 短时傅里叶变换失败: [WinError 5] 拒绝访问。: 'e:\\Code'
2026-03-07 15:52:37,448 - app - ERROR - 离散小波变换失败: [WinError 5] 拒绝访问。: 'e:\\Code'
2026-03-07 15:52:37,450 - app - INFO - 返回Eeg可视化特征分析结果
2026-03-07 15:52:58,095 - app - INFO - 上传目录已存在: E:\Seizure_monitoring\Seizure_monitoring_python\uploads
2026-03-07 15:52:58,106 - app - INFO - 服务启动在 http://127.0.0.1:5001
2026-03-07 15:52:58,106 - app - INFO - 上传目录: E:\Seizure_monitoring\Seizure_monitoring_python\uploads
2026-03-07 15:52:59,986 - app - INFO - 上传目录已存在: E:\Seizure_monitoring\Seizure_monitoring_python\uploads
2026-03-07 15:52:59,992 - app - INFO - 服务启动在 http://127.0.0.1:5001
2026-03-07 15:52:59,992 - app - INFO - 上传目录: E:\Seizure_monitoring\Seizure_monitoring_python\uploads
2026-03-07 15:53:00,153 - app - INFO - 上传目录已存在: E:\Seizure_monitoring\Seizure_monitoring_python\uploads
2026-03-07 15:53:00,159 - app - INFO - 服务启动在 http://127.0.0.1:5001
2026-03-07 15:53:00,160 - app - INFO - 上传目录: E:\Seizure_monitoring\Seizure_monitoring_python\uploads
2026-03-07 15:53:00,790 - app - INFO - 上传目录已存在: E:\Seizure_monitoring\Seizure_monitoring_python\uploads
2026-03-07 15:53:00,795 - app - INFO - 服务启动在 http://127.0.0.1:5001
2026-03-07 15:53:00,795 - app - INFO - 上传目录: E:\Seizure_monitoring\Seizure_monitoring_python\uploads
2026-03-07 15:53:18,986 - app - INFO - 上传目录已存在: E:\Seizure_monitoring\Seizure_monitoring_python\uploads
2026-03-07 15:53:18,993 - app - INFO - 服务启动在 http://127.0.0.1:5001
2026-03-07 15:53:18,993 - app - INFO - 上传目录: E:\Seizure_monitoring\Seizure_monitoring_python\uploads
2026-03-07 15:53:19,112 - app - INFO - 上传目录已存在: E:\Seizure_monitoring\Seizure_monitoring_python\uploads
2026-03-07 15:53:19,118 - app - INFO - 服务启动在 http://127.0.0.1:5001
2026-03-07 15:53:19,118 - app - INFO - 上传目录: E:\Seizure_monitoring\Seizure_monitoring_python\uploads
2026-03-07 15:53:19,285 - app - INFO - 上传目录已存在: E:\Seizure_monitoring\Seizure_monitoring_python\uploads
2026-03-07 15:53:19,293 - app - INFO - 服务启动在 http://127.0.0.1:5001
2026-03-07 15:53:19,293 - app - INFO - 上传目录: E:\Seizure_monitoring\Seizure_monitoring_python\uploads
2026-03-07 15:53:22,807 - app - INFO - 上传目录已存在: E:\Seizure_monitoring\Seizure_monitoring_python\uploads
2026-03-07 15:53:22,812 - app - INFO - 服务启动在 http://127.0.0.1:5001
2026-03-07 15:53:22,812 - app - INFO - 上传目录: E:\Seizure_monitoring\Seizure_monitoring_python\uploads
2026-03-07 15:53:31,964 - app - INFO - 上传目录已存在: E:\Seizure_monitoring\seizure_monitoring_python\uploads
2026-03-07 15:53:31,969 - app - INFO - 服务启动在 http://127.0.0.1:5001
2026-03-07 15:53:31,969 - app - INFO - 上传目录: E:\Seizure_monitoring\seizure_monitoring_python\uploads
2026-03-07 15:53:39,728 - app - INFO - 上传目录已存在: E:\Seizure_monitoring\seizure_monitoring_python\uploads
2026-03-07 15:53:39,736 - app - INFO - 服务启动在 http://127.0.0.1:5001
2026-03-07 15:53:39,736 - app - INFO - 上传目录: E:\Seizure_monitoring\seizure_monitoring_python\uploads
2026-03-07 15:54:18,964 - app - INFO - 上传目录已存在: E:\Seizure_monitoring\Seizure_monitoring_python\uploads
2026-03-07 15:54:18,976 - app - INFO - 服务启动在 http://127.0.0.1:5001
2026-03-07 15:54:18,976 - app - INFO - 上传目录: E:\Seizure_monitoring\Seizure_monitoring_python\uploads
2026-03-07 15:54:26,995 - app - INFO - 上传目录已存在: E:\Seizure_monitoring\Seizure_monitoring_python\uploads
2026-03-07 15:54:27,003 - app - INFO - 服务启动在 http://127.0.0.1:5001
2026-03-07 15:54:27,004 - app - INFO - 上传目录: E:\Seizure_monitoring\Seizure_monitoring_python\uploads
2026-03-07 15:54:38,356 - app - INFO - 获得Eeg可视化特征分析请求
2026-03-07 15:54:38,359 - app - INFO - 从数据库获取文件URL: file:///E:/Seizure_monitoring/seizure_monitoring_python/uploads/chb01_04.edf
2026-03-07 15:54:38,360 - app - INFO - 开始分析EEG文件: chb01_04.edf, 大小: 42399744字节
2026-03-07 15:54:38,361 - app - INFO - 开始过零点特征提取
2026-03-07 15:54:38,361 - app - INFO - 开始短时傅里叶变换
2026-03-07 15:54:38,361 - app - INFO - 开始离散小波变换
2026-03-07 15:54:39,129 - app - ERROR - 短时傅里叶变换失败: 'numpy.ndarray' object has no attribute 'ptp'
2026-03-07 15:54:39,950 - app - INFO - 过零点特征提取完成
2026-03-07 15:54:40,824 - app - INFO - 离散小波变换完成
2026-03-07 15:54:40,825 - app - INFO - 返回Eeg可视化特征分析结果
2026-03-07 15:55:07,630 - app - INFO - 上传目录已存在: E:\Seizure_monitoring\seizure_monitoring_python\uploads
2026-03-07 15:55:07,636 - app - INFO - 服务启动在 http://127.0.0.1:5001
2026-03-07 15:55:07,636 - app - INFO - 上传目录: E:\Seizure_monitoring\seizure_monitoring_python\uploads
2026-03-07 15:55:10,118 - app - INFO - 上传目录已存在: E:\Seizure_monitoring\Seizure_monitoring_python\uploads
2026-03-07 15:55:10,124 - app - INFO - 服务启动在 http://127.0.0.1:5001
2026-03-07 15:55:10,124 - app - INFO - 上传目录: E:\Seizure_monitoring\Seizure_monitoring_python\uploads
2026-03-07 15:55:10,350 - app - INFO - 上传目录已存在: E:\Seizure_monitoring\Seizure_monitoring_python\uploads
2026-03-07 15:55:10,358 - app - INFO - 服务启动在 http://127.0.0.1:5001
2026-03-07 15:55:10,359 - app - INFO - 上传目录: E:\Seizure_monitoring\Seizure_monitoring_python\uploads
2026-03-07 15:55:14,156 - app - INFO - 上传目录已存在: E:\Seizure_monitoring\Seizure_monitoring_python\uploads
2026-03-07 15:55:14,162 - app - INFO - 服务启动在 http://127.0.0.1:5001
2026-03-07 15:55:14,162 - app - INFO - 上传目录: E:\Seizure_monitoring\Seizure_monitoring_python\uploads
2026-03-07 15:56:41,969 - app - INFO - 上传目录已存在: E:\Seizure_monitoring\Seizure_monitoring_python\uploads
2026-03-07 15:56:41,976 - app - INFO - 服务启动在 http://127.0.0.1:5001
2026-03-07 15:56:41,976 - app - INFO - 上传目录: E:\Seizure_monitoring\Seizure_monitoring_python\uploads
2026-03-07 15:56:49,591 - app - INFO - 上传目录已存在: E:\Seizure_monitoring\Seizure_monitoring_python\uploads
2026-03-07 15:56:49,600 - app - INFO - 服务启动在 http://127.0.0.1:5001
2026-03-07 15:56:49,600 - app - INFO - 上传目录: E:\Seizure_monitoring\Seizure_monitoring_python\uploads
2026-03-07 16:01:13,655 - app - INFO - 上传目录已存在: E:\Seizure_monitoring\Seizure_monitoring_python\uploads
2026-03-07 16:01:13,661 - app - INFO - 服务启动在 http://127.0.0.1:5001
2026-03-07 16:01:13,661 - app - INFO - 上传目录: E:\Seizure_monitoring\Seizure_monitoring_python\uploads
2026-03-07 16:01:15,128 - app - INFO - 上传目录已存在: E:\Seizure_monitoring\Seizure_monitoring_python\uploads
2026-03-07 16:01:15,134 - app - INFO - 服务启动在 http://127.0.0.1:5001
2026-03-07 16:01:15,134 - app - INFO - 上传目录: E:\Seizure_monitoring\Seizure_monitoring_python\uploads
2026-03-07 16:01:15,744 - app - INFO - 上传目录已存在: E:\Seizure_monitoring\Seizure_monitoring_python\uploads
2026-03-07 16:01:15,752 - app - INFO - 服务启动在 http://127.0.0.1:5001
2026-03-07 16:01:15,752 - app - INFO - 上传目录: E:\Seizure_monitoring\Seizure_monitoring_python\uploads
2026-03-07 16:01:16,100 - app - INFO - 上传目录已存在: E:\Seizure_monitoring\Seizure_monitoring_python\uploads
2026-03-07 16:01:16,105 - app - INFO - 服务启动在 http://127.0.0.1:5001
2026-03-07 16:01:16,105 - app - INFO - 上传目录: E:\Seizure_monitoring\Seizure_monitoring_python\uploads
2026-03-07 16:02:33,412 - app - INFO - 上传目录已存在: E:\Seizure_monitoring\Seizure_monitoring_python\uploads
2026-03-07 16:02:33,417 - app - INFO - 服务启动在 http://127.0.0.1:5001
2026-03-07 16:02:33,417 - app - INFO - 上传目录: E:\Seizure_monitoring\Seizure_monitoring_python\uploads
2026-03-07 16:02:35,581 - app - INFO - 上传目录已存在: E:\Seizure_monitoring\Seizure_monitoring_python\uploads
2026-03-07 16:02:35,588 - app - INFO - 服务启动在 http://127.0.0.1:5001
2026-03-07 16:02:35,588 - app - INFO - 上传目录: E:\Seizure_monitoring\Seizure_monitoring_python\uploads
2026-03-07 16:02:37,612 - app - INFO - 上传目录已存在: E:\Seizure_monitoring\Seizure_monitoring_python\uploads
2026-03-07 16:02:37,619 - app - INFO - 服务启动在 http://127.0.0.1:5001
2026-03-07 16:02:37,619 - app - INFO - 上传目录: E:\Seizure_monitoring\Seizure_monitoring_python\uploads
2026-03-07 16:02:37,979 - app - INFO - 上传目录已存在: E:\Seizure_monitoring\Seizure_monitoring_python\uploads
2026-03-07 16:02:37,989 - app - INFO - 服务启动在 http://127.0.0.1:5001
2026-03-07 16:02:37,989 - app - INFO - 上传目录: E:\Seizure_monitoring\Seizure_monitoring_python\uploads
2026-03-07 16:02:55,717 - app - INFO - 上传目录已存在: E:\Seizure_monitoring\Seizure_monitoring_python\uploads
2026-03-07 16:02:55,722 - app - INFO - 服务启动在 http://127.0.0.1:5001
2026-03-07 16:02:55,722 - app - INFO - 上传目录: E:\Seizure_monitoring\Seizure_monitoring_python\uploads
2026-03-07 16:02:56,522 - app - INFO - 上传目录已存在: E:\Seizure_monitoring\Seizure_monitoring_python\uploads
2026-03-07 16:02:56,528 - app - INFO - 服务启动在 http://127.0.0.1:5001
2026-03-07 16:02:56,528 - app - INFO - 上传目录: E:\Seizure_monitoring\Seizure_monitoring_python\uploads
2026-03-07 16:02:56,902 - app - INFO - 上传目录已存在: E:\Seizure_monitoring\Seizure_monitoring_python\uploads
2026-03-07 16:02:56,907 - app - INFO - 服务启动在 http://127.0.0.1:5001
2026-03-07 16:02:56,908 - app - INFO - 上传目录: E:\Seizure_monitoring\Seizure_monitoring_python\uploads
2026-03-07 16:03:21,050 - app - INFO - 上传目录已存在: E:\Seizure_monitoring\Seizure_monitoring_python\uploads
2026-03-07 16:03:21,056 - app - INFO - 服务启动在 http://127.0.0.1:5001
2026-03-07 16:03:21,056 - app - INFO - 上传目录: E:\Seizure_monitoring\Seizure_monitoring_python\uploads
2026-03-07 16:03:21,216 - app - INFO - 上传目录已存在: E:\Seizure_monitoring\Seizure_monitoring_python\uploads
2026-03-07 16:03:21,222 - app - INFO - 服务启动在 http://127.0.0.1:5001
2026-03-07 16:03:21,222 - app - INFO - 上传目录: E:\Seizure_monitoring\Seizure_monitoring_python\uploads
2026-03-07 16:03:23,938 - app - INFO - 上传目录已存在: E:\Seizure_monitoring\Seizure_monitoring_python\uploads
2026-03-07 16:03:23,944 - app - INFO - 服务启动在 http://127.0.0.1:5001
2026-03-07 16:03:23,944 - app - INFO - 上传目录: E:\Seizure_monitoring\Seizure_monitoring_python\uploads
2026-03-07 16:03:38,687 - app - INFO - 上传目录已存在: E:\Seizure_monitoring\Seizure_monitoring_python\uploads
2026-03-07 16:03:38,692 - app - INFO - 服务启动在 http://127.0.0.1:5001
2026-03-07 16:03:38,693 - app - INFO - 上传目录: E:\Seizure_monitoring\Seizure_monitoring_python\uploads
2026-03-07 16:03:46,074 - app - INFO - 上传目录已存在: E:\Seizure_monitoring\Seizure_monitoring_python\uploads
2026-03-07 16:03:46,081 - app - INFO - 服务启动在 http://127.0.0.1:5001
2026-03-07 16:03:46,081 - app - INFO - 上传目录: E:\Seizure_monitoring\Seizure_monitoring_python\uploads
2026-03-07 16:04:20,871 - app - INFO - 上传目录已存在: E:\Seizure_monitoring\Seizure_monitoring_python\uploads
2026-03-07 16:04:20,880 - app - INFO - 服务启动在 http://127.0.0.1:5001
2026-03-07 16:04:20,880 - app - INFO - 上传目录: E:\Seizure_monitoring\Seizure_monitoring_python\uploads
2026-03-07 16:04:28,834 - app - INFO - 上传目录已存在: E:\Seizure_monitoring\Seizure_monitoring_python\uploads
2026-03-07 16:04:28,844 - app - INFO - 服务启动在 http://127.0.0.1:5001
2026-03-07 16:04:28,844 - app - INFO - 上传目录: E:\Seizure_monitoring\Seizure_monitoring_python\uploads
2026-03-07 16:04:41,989 - app - INFO - 获得Eeg可视化特征分析请求
2026-03-07 16:04:41,992 - app - INFO - 从数据库获取文件URL: file:///E:/Seizure_monitoring/seizure_monitoring_python/uploads/chb01_04.edf
2026-03-07 16:04:41,993 - app - INFO - 开始分析EEG文件: chb01_04.edf, 大小: 42399744字节
2026-03-07 16:04:41,993 - app - INFO - 开始过零点特征提取
2026-03-07 16:04:41,994 - app - INFO - 开始短时傅里叶变换
2026-03-07 16:04:41,994 - app - INFO - 开始离散小波变换
2026-03-07 16:04:43,659 - app - INFO - 短时傅里叶变换完成
2026-03-07 16:04:43,688 - app - INFO - 过零点特征提取完成
2026-03-07 16:04:44,449 - app - INFO - 离散小波变换完成
2026-03-07 16:04:44,449 - app - INFO - 返回Eeg可视化特征分析结果
2026-03-07 16:05:13,666 - app - INFO - 上传目录已存在: E:\Seizure_monitoring\Seizure_monitoring_python\uploads
2026-03-07 16:05:13,671 - app - INFO - 服务启动在 http://127.0.0.1:5001
2026-03-07 16:05:13,671 - app - INFO - 上传目录: E:\Seizure_monitoring\Seizure_monitoring_python\uploads
2026-03-07 16:05:14,298 - app - INFO - 上传目录已存在: E:\Seizure_monitoring\Seizure_monitoring_python\uploads
2026-03-07 16:05:14,303 - app - INFO - 服务启动在 http://127.0.0.1:5001
2026-03-07 16:05:14,304 - app - INFO - 上传目录: E:\Seizure_monitoring\Seizure_monitoring_python\uploads
2026-03-07 16:05:15,787 - app - INFO - 上传目录已存在: E:\Seizure_monitoring\Seizure_monitoring_python\uploads
2026-03-07 16:05:15,793 - app - INFO - 服务启动在 http://127.0.0.1:5001
2026-03-07 16:05:15,793 - app - INFO - 上传目录: E:\Seizure_monitoring\Seizure_monitoring_python\uploads
2026-03-07 16:05:31,586 - app - INFO - 上传目录已存在: E:\Seizure_monitoring\Seizure_monitoring_python\uploads
2026-03-07 16:05:31,593 - app - INFO - 服务启动在 http://127.0.0.1:5001
2026-03-07 16:05:31,593 - app - INFO - 上传目录: E:\Seizure_monitoring\Seizure_monitoring_python\uploads
2026-03-07 16:05:38,828 - app - INFO - 上传目录已存在: E:\Seizure_monitoring\Seizure_monitoring_python\uploads
2026-03-07 16:05:38,833 - app - INFO - 服务启动在 http://127.0.0.1:5001
2026-03-07 16:05:38,833 - app - INFO - 上传目录: E:\Seizure_monitoring\Seizure_monitoring_python\uploads
2026-03-07 16:06:13,221 - app - INFO - 上传目录已存在: E:\Seizure_monitoring\Seizure_monitoring_python\uploads
2026-03-07 16:06:13,231 - app - INFO - 服务启动在 http://127.0.0.1:5001
2026-03-07 16:06:13,231 - app - INFO - 上传目录: E:\Seizure_monitoring\Seizure_monitoring_python\uploads
2026-03-07 16:06:20,573 - app - INFO - 上传目录已存在: E:\Seizure_monitoring\Seizure_monitoring_python\uploads
2026-03-07 16:06:20,579 - app - INFO - 服务启动在 http://127.0.0.1:5001
2026-03-07 16:06:20,579 - app - INFO - 上传目录: E:\Seizure_monitoring\Seizure_monitoring_python\uploads
2026-03-07 16:06:34,465 - app - INFO - 获得Eeg可视化特征分析请求
2026-03-07 16:06:34,468 - app - INFO - 从数据库获取文件URL: file:///E:/Seizure_monitoring/seizure_monitoring_python/uploads/chb01_04.edf
2026-03-07 16:06:34,468 - app - INFO - 开始分析EEG文件: chb01_04.edf, 大小: 42399744字节
2026-03-07 16:06:34,469 - app - INFO - 开始过零点特征提取
2026-03-07 16:06:34,469 - app - INFO - 开始短时傅里叶变换
2026-03-07 16:06:34,469 - app - INFO - 开始离散小波变换
2026-03-07 16:06:36,025 - app - INFO - 短时傅里叶变换完成
2026-03-07 16:06:36,053 - app - INFO - 过零点特征提取完成
2026-03-07 16:06:36,875 - app - INFO - 离散小波变换完成
2026-03-07 16:06:36,876 - app - INFO - 返回Eeg可视化特征分析结果
2026-03-07 16:11:32,700 - app - INFO - 上传目录已存在: E:\Seizure_monitoring\Seizure_monitoring_python\uploads
2026-03-07 16:11:32,706 - app - INFO - 服务启动在 http://127.0.0.1:5001
2026-03-07 16:11:32,706 - app - INFO - 上传目录: E:\Seizure_monitoring\Seizure_monitoring_python\uploads
2026-03-07 16:11:34,598 - app - INFO - 上传目录已存在: E:\Seizure_monitoring\Seizure_monitoring_python\uploads
2026-03-07 16:11:34,604 - app - INFO - 服务启动在 http://127.0.0.1:5001
2026-03-07 16:11:34,604 - app - INFO - 上传目录: E:\Seizure_monitoring\Seizure_monitoring_python\uploads
2026-03-07 16:11:34,862 - app - INFO - 上传目录已存在: E:\Seizure_monitoring\Seizure_monitoring_python\uploads
2026-03-07 16:11:34,866 - app - INFO - 服务启动在 http://127.0.0.1:5001
2026-03-07 16:11:34,867 - app - INFO - 上传目录: E:\Seizure_monitoring\Seizure_monitoring_python\uploads
2026-03-07 16:12:24,023 - app - INFO - 上传目录已存在: E:\Seizure_monitoring\Seizure_monitoring_python\uploads
2026-03-07 16:12:24,028 - app - INFO - 服务启动在 http://127.0.0.1:5001
2026-03-07 16:12:24,028 - app - INFO - 上传目录: E:\Seizure_monitoring\Seizure_monitoring_python\uploads
2026-03-07 16:12:30,523 - app - INFO - 上传目录已存在: E:\Seizure_monitoring\Seizure_monitoring_python\uploads
2026-03-07 16:12:30,527 - app - INFO - 服务启动在 http://127.0.0.1:5001
2026-03-07 16:12:30,528 - app - INFO - 上传目录: E:\Seizure_monitoring\Seizure_monitoring_python\uploads
2026-03-07 16:12:49,174 - app - INFO - 获取用户信息请求: token=69652dc4-0ee7-4e47-a001-cc745dc4cca9
2026-03-07 16:12:49,174 - app - INFO - 获取所有病人列表请求
2026-03-07 16:12:49,174 - app - ERROR - 无效的token
2026-03-07 16:12:49,177 - app - INFO - 返回所有患者列表: 共2条
2026-03-07 16:12:49,180 - app - INFO - 获取用户信息请求: token=69652dc4-0ee7-4e47-a001-cc745dc4cca9
2026-03-07 16:12:49,181 - app - ERROR - 无效的token
2026-03-07 16:12:53,012 - app - INFO - 登录请求: username=admin
2026-03-07 16:12:53,015 - app - INFO - 登录成功: username=admin, token=0f9bc59b-6ccd-492e-84a7-3e405e8bee92
2026-03-07 16:12:56,174 - app - INFO - 获取用户信息请求: token=0f9bc59b-6ccd-492e-84a7-3e405e8bee92
2026-03-07 16:12:56,175 - app - INFO - 获取待办事项列表请求
2026-03-07 16:12:56,188 - app - INFO - 获取用户信息成功: username=admin
2026-03-07 16:12:56,191 - app - INFO - 返回待办事项列表: 共0条，当前页1，每页5条
2026-03-07 16:12:56,374 - app - INFO - 获取通知列表请求
2026-03-07 16:12:56,375 - app - INFO - 获取用户信息请求: token=0f9bc59b-6ccd-492e-84a7-3e405e8bee92
2026-03-07 16:12:56,378 - app - INFO - 获取用户信息成功: username=admin
2026-03-07 16:12:56,387 - app - INFO - 返回通知列表: 共0条
2026-03-07 16:12:58,862 - app - INFO - 获取EEG分析结果请求
2026-03-07 16:12:58,871 - app - INFO - 原始fileUrl: data/chb01/chb01_03.edf
2026-03-07 16:12:58,872 - app - INFO - 解析后的URL: scheme=, netloc=, path=data/chb01/chb01_03.edf
2026-03-07 16:12:58,872 - app - INFO - 使用本地路径: data/chb01/chb01_03.edf
2026-03-07 16:12:58,872 - app - INFO - 文件存在: data/chb01/chb01_03.edf
2026-03-07 16:12:58,873 - app - INFO - 最终分析文件: data/chb01/chb01_03.edf
2026-03-07 16:12:59,046 - app - INFO - 获取所有病人列表请求
2026-03-07 16:12:59,047 - app - INFO - 获取用户信息请求: token=0f9bc59b-6ccd-492e-84a7-3e405e8bee92
2026-03-07 16:12:59,048 - app - INFO - 获取用户信息成功: username=admin
2026-03-07 16:12:59,048 - app - INFO - 返回所有患者列表: 共2条
2026-03-07 16:12:59,196 - app - INFO - 分页查询EEG分析记录请求
2026-03-07 16:12:59,207 - app - INFO - 返回EEG分析记录列表: 共9条，当前页1，每页10条
2026-03-07 16:13:01,538 - app - INFO - 获取所有病人列表请求
2026-03-07 16:13:01,538 - app - INFO - 获取用户信息请求: token=0f9bc59b-6ccd-492e-84a7-3e405e8bee92
2026-03-07 16:13:01,541 - app - INFO - 获取用户信息成功: username=admin
2026-03-07 16:13:01,542 - app - INFO - 返回所有患者列表: 共2条
2026-03-07 16:13:45,612 - app - INFO - 返回EEG分析结果: patientId=1, riskLevel=13
2026-03-08 16:32:10,299 - app - INFO - 上传目录已存在: E:\Seizure_monitoring\seizure_monitoring_python\uploads
2026-03-08 16:32:10,304 - app - INFO - 服务启动在 http://127.0.0.1:5001
2026-03-08 16:32:10,304 - app - INFO - 上传目录: E:\Seizure_monitoring\seizure_monitoring_python\uploads
2026-03-08 16:32:16,867 - app - INFO - 上传目录已存在: E:\Seizure_monitoring\seizure_monitoring_python\uploads
2026-03-08 16:32:16,871 - app - INFO - 服务启动在 http://127.0.0.1:5001
2026-03-08 16:32:16,871 - app - INFO - 上传目录: E:\Seizure_monitoring\seizure_monitoring_python\uploads
2026-03-08 16:33:39,722 - app - INFO - 登录请求: username=admin
2026-03-08 16:33:39,745 - app - INFO - 登录成功: username=admin, token=ac12b1da-5d8c-4123-837b-54577a22a759
2026-03-08 16:33:43,002 - app - INFO - 获取用户信息请求: token=ac12b1da-5d8c-4123-837b-54577a22a759
2026-03-08 16:33:43,002 - app - INFO - 获取待办事项列表请求
2026-03-08 16:33:43,002 - app - INFO - 获取通知列表请求
2026-03-08 16:33:43,013 - app - INFO - 获取用户信息成功: username=admin
2026-03-08 16:33:43,015 - app - INFO - 返回待办事项列表: 共0条，当前页1，每页5条
2026-03-08 16:33:43,016 - app - INFO - 返回通知列表: 共0条
2026-03-08 16:33:43,019 - app - INFO - 获取用户信息请求: token=ac12b1da-5d8c-4123-837b-54577a22a759
2026-03-08 16:33:43,024 - app - INFO - 获取用户信息成功: username=admin
2026-03-08 16:33:45,783 - app - INFO - 获取所有病人列表请求
2026-03-08 16:33:45,790 - app - INFO - 返回所有患者列表: 共2条
2026-03-08 16:33:46,045 - app - INFO - 获取用户信息请求: token=ac12b1da-5d8c-4123-837b-54577a22a759
2026-03-08 16:33:46,058 - app - INFO - 获取用户信息成功: username=admin
2026-03-08 16:35:28,802 - app - INFO - 获取所有病人列表请求
2026-03-08 16:35:28,815 - app - INFO - 返回所有患者列表: 共2条
2026-03-08 16:35:28,844 - app - INFO - 获取用户信息请求: token=ac12b1da-5d8c-4123-837b-54577a22a759
2026-03-08 16:35:28,846 - app - INFO - 获取用户信息成功: username=admin
2026-03-08 16:35:28,973 - app - INFO - 分页查询EEG分析记录请求
2026-03-08 16:35:28,987 - app - INFO - 返回EEG分析记录列表: 共10条，当前页1，每页10条
2026-03-08 16:35:30,336 - app - INFO - 获取所有病人列表请求
2026-03-08 16:35:30,337 - app - INFO - 获取用户信息请求: token=ac12b1da-5d8c-4123-837b-54577a22a759
2026-03-08 16:35:30,338 - app - INFO - 返回所有患者列表: 共2条
2026-03-08 16:35:30,351 - app - INFO - 获取用户信息成功: username=admin
2026-03-08 16:38:39,334 - app - INFO - 获取所有病人列表请求
2026-03-08 16:38:39,358 - app - INFO - 返回所有患者列表: 共2条
2026-03-08 16:38:39,503 - app - INFO - 获取用户信息请求: token=ac12b1da-5d8c-4123-837b-54577a22a759
2026-03-08 16:38:39,518 - app - INFO - 获取用户信息成功: username=admin
2026-03-08 16:38:49,448 - app - INFO - 获取所有病人列表请求
2026-03-08 16:38:49,449 - app - INFO - 获取用户信息请求: token=ac12b1da-5d8c-4123-837b-54577a22a759
2026-03-08 16:38:49,474 - app - INFO - 获取用户信息成功: username=admin
2026-03-08 16:38:49,476 - app - INFO - 返回所有患者列表: 共2条
2026-03-08 16:39:02,949 - app - INFO - 获取所有病人列表请求
2026-03-08 16:39:02,950 - app - INFO - 返回所有患者列表: 共2条
2026-03-08 16:39:03,225 - app - INFO - 获取用户信息请求: token=ac12b1da-5d8c-4123-837b-54577a22a759
2026-03-08 16:39:03,226 - app - INFO - 获取用户信息成功: username=admin
2026-03-08 16:40:04,634 - app - INFO - 上传目录已存在: E:\Seizure_monitoring\seizure_monitoring_python\uploads
2026-03-08 16:40:04,638 - app - INFO - 服务启动在 http://127.0.0.1:5001
2026-03-08 16:40:04,638 - app - INFO - 上传目录: E:\Seizure_monitoring\seizure_monitoring_python\uploads
2026-03-08 16:40:23,133 - app - INFO - 上传目录已存在: E:\Seizure_monitoring\Seizure_monitoring_python\uploads
2026-03-08 16:40:23,137 - app - INFO - 服务启动在 http://127.0.0.1:5001
2026-03-08 16:40:23,137 - app - INFO - 上传目录: E:\Seizure_monitoring\Seizure_monitoring_python\uploads
2026-03-08 16:40:29,800 - app - INFO - 上传目录已存在: E:\Seizure_monitoring\Seizure_monitoring_python\uploads
2026-03-08 16:40:29,805 - app - INFO - 服务启动在 http://127.0.0.1:5001
2026-03-08 16:40:29,805 - app - INFO - 上传目录: E:\Seizure_monitoring\Seizure_monitoring_python\uploads
2026-03-08 16:40:34,631 - app - INFO - 获得Eeg可视化特征分析请求
2026-03-08 16:40:34,632 - app - INFO - 开始分析文件: E:\Seizure_monitoring\Seizure_monitoring_python\data\chb01\chb01_03.edf
2026-03-08 16:40:34,632 - app - INFO - 开始过零点特征分析
2026-03-08 16:40:34,634 - app - ERROR - 过零点特征分析失败: [WinError 5] 拒绝访问。: 'e:\\Code'
2026-03-08 16:40:34,634 - app - INFO - 开始STFT分析
2026-03-08 16:40:34,635 - app - ERROR - STFT分析失败: [WinError 5] 拒绝访问。: 'e:\\Code'
2026-03-08 16:40:34,635 - app - INFO - 开始DWT分析
2026-03-08 16:40:34,635 - app - ERROR - DWT分析失败: [WinError 5] 拒绝访问。: 'e:\\Code'
2026-03-08 16:40:34,636 - app - INFO - 返回Eeg可视化特征分析结果
2026-03-08 16:40:53,925 - app - INFO - 上传目录已存在: E:\Seizure_monitoring\Seizure_monitoring_python\uploads
2026-03-08 16:40:53,930 - app - INFO - 服务启动在 http://127.0.0.1:5001
2026-03-08 16:40:53,930 - app - INFO - 上传目录: E:\Seizure_monitoring\Seizure_monitoring_python\uploads
2026-03-08 16:40:56,468 - app - INFO - 上传目录已存在: E:\Seizure_monitoring\seizure_monitoring_python\uploads
2026-03-08 16:40:56,473 - app - INFO - 服务启动在 http://127.0.0.1:5001
2026-03-08 16:40:56,473 - app - INFO - 上传目录: E:\Seizure_monitoring\seizure_monitoring_python\uploads
2026-03-08 16:41:11,714 - app - INFO - 上传目录已存在: E:\Seizure_monitoring\seizure_monitoring_python\uploads
2026-03-08 16:41:11,719 - app - INFO - 服务启动在 http://127.0.0.1:5001
2026-03-08 16:41:11,719 - app - INFO - 上传目录: E:\Seizure_monitoring\seizure_monitoring_python\uploads
2026-03-08 16:41:13,314 - app - INFO - 上传目录已存在: E:\Seizure_monitoring\Seizure_monitoring_python\uploads
2026-03-08 16:41:13,323 - app - INFO - 服务启动在 http://127.0.0.1:5001
2026-03-08 16:41:13,323 - app - INFO - 上传目录: E:\Seizure_monitoring\Seizure_monitoring_python\uploads
2026-03-08 16:41:32,650 - app - INFO - 上传目录已存在: E:\Seizure_monitoring\Seizure_monitoring_python\uploads
2026-03-08 16:41:32,655 - app - INFO - 服务启动在 http://127.0.0.1:5001
2026-03-08 16:41:32,655 - app - INFO - 上传目录: E:\Seizure_monitoring\Seizure_monitoring_python\uploads
2026-03-08 16:41:39,433 - app - INFO - 上传目录已存在: E:\Seizure_monitoring\Seizure_monitoring_python\uploads
2026-03-08 16:41:39,437 - app - INFO - 服务启动在 http://127.0.0.1:5001
2026-03-08 16:41:39,437 - app - INFO - 上传目录: E:\Seizure_monitoring\Seizure_monitoring_python\uploads
2026-03-08 16:41:40,612 - app - INFO - 获得Eeg可视化特征分析请求
2026-03-08 16:41:40,612 - app - INFO - 开始分析文件: E:\Seizure_monitoring\Seizure_monitoring_python\data\chb01\chb01_03.edf
2026-03-08 16:41:40,612 - app - INFO - 开始过零点特征分析
2026-03-08 16:41:41,738 - app - INFO - 过零点特征分析完成，生成 6 张图片
2026-03-08 16:41:41,739 - app - INFO - 开始STFT分析
2026-03-08 16:41:42,353 - app - ERROR - STFT分析失败: 'numpy.ndarray' object has no attribute 'ptp'
2026-03-08 16:41:42,364 - app - INFO - 开始DWT分析
2026-03-08 16:41:42,365 - app - ERROR - DWT分析失败: [WinError 5] 拒绝访问。: 'e:\\Code'
2026-03-08 16:41:42,366 - app - INFO - 返回Eeg可视化特征分析结果
2026-03-08 16:42:00,218 - app - INFO - 上传目录已存在: E:\Seizure_monitoring\seizure_monitoring_python\uploads
2026-03-08 16:42:00,222 - app - INFO - 服务启动在 http://127.0.0.1:5001
2026-03-08 16:42:00,223 - app - INFO - 上传目录: E:\Seizure_monitoring\seizure_monitoring_python\uploads
2026-03-08 16:42:01,345 - app - INFO - 上传目录已存在: E:\Seizure_monitoring\Seizure_monitoring_python\uploads
2026-03-08 16:42:01,350 - app - INFO - 服务启动在 http://127.0.0.1:5001
2026-03-08 16:42:01,350 - app - INFO - 上传目录: E:\Seizure_monitoring\Seizure_monitoring_python\uploads
2026-03-08 16:42:02,481 - app - INFO - 上传目录已存在: E:\Seizure_monitoring\Seizure_monitoring_python\uploads
2026-03-08 16:42:02,485 - app - INFO - 服务启动在 http://127.0.0.1:5001
2026-03-08 16:42:02,485 - app - INFO - 上传目录: E:\Seizure_monitoring\Seizure_monitoring_python\uploads
2026-03-08 16:42:23,671 - app - INFO - 上传目录已存在: E:\Seizure_monitoring\Seizure_monitoring_python\uploads
2026-03-08 16:42:23,676 - app - INFO - 服务启动在 http://127.0.0.1:5001
2026-03-08 16:42:23,676 - app - INFO - 上传目录: E:\Seizure_monitoring\Seizure_monitoring_python\uploads
2026-03-08 16:42:30,574 - app - INFO - 上传目录已存在: E:\Seizure_monitoring\Seizure_monitoring_python\uploads
2026-03-08 16:42:30,579 - app - INFO - 服务启动在 http://127.0.0.1:5001
2026-03-08 16:42:30,579 - app - INFO - 上传目录: E:\Seizure_monitoring\Seizure_monitoring_python\uploads
2026-03-08 16:42:32,458 - app - INFO - 获得Eeg可视化特征分析请求
2026-03-08 16:42:32,459 - app - INFO - 开始分析文件: E:\Seizure_monitoring\Seizure_monitoring_python\data\chb01\chb01_03.edf
2026-03-08 16:42:32,459 - app - INFO - 开始过零点特征分析
2026-03-08 16:42:33,388 - app - INFO - 过零点特征分析完成，生成 6 张图片
2026-03-08 16:42:33,389 - app - INFO - 开始STFT分析
2026-03-08 16:42:39,610 - app - ERROR - STFT分析失败: not enough values to unpack (expected 3, got 2)
2026-03-08 16:42:39,610 - app - INFO - 开始DWT分析
2026-03-08 16:42:46,466 - app - INFO - DWT分析完成，生成 6 张图片
2026-03-08 16:42:46,466 - app - INFO - 返回Eeg可视化特征分析结果
2026-03-08 16:43:33,959 - app - INFO - 上传目录已存在: E:\Seizure_monitoring\Seizure_monitoring_python\uploads
2026-03-08 16:43:33,964 - app - INFO - 服务启动在 http://127.0.0.1:5001
2026-03-08 16:43:33,964 - app - INFO - 上传目录: E:\Seizure_monitoring\Seizure_monitoring_python\uploads
2026-03-08 16:43:34,550 - app - INFO - 上传目录已存在: E:\Seizure_monitoring\Seizure_monitoring_python\uploads
2026-03-08 16:43:34,554 - app - INFO - 服务启动在 http://127.0.0.1:5001
2026-03-08 16:43:34,554 - app - INFO - 上传目录: E:\Seizure_monitoring\Seizure_monitoring_python\uploads
2026-03-08 16:43:38,665 - app - INFO - 上传目录已存在: E:\Seizure_monitoring\Seizure_monitoring_python\uploads
2026-03-08 16:43:38,670 - app - INFO - 服务启动在 http://127.0.0.1:5001
2026-03-08 16:43:38,670 - app - INFO - 上传目录: E:\Seizure_monitoring\Seizure_monitoring_python\uploads
2026-03-08 16:43:46,842 - app - INFO - 上传目录已存在: E:\Seizure_monitoring\seizure_monitoring_python\uploads
2026-03-08 16:43:46,847 - app - INFO - 服务启动在 http://127.0.0.1:5001
2026-03-08 16:43:46,847 - app - INFO - 上传目录: E:\Seizure_monitoring\seizure_monitoring_python\uploads
2026-03-08 16:43:53,804 - app - INFO - 上传目录已存在: E:\Seizure_monitoring\seizure_monitoring_python\uploads
2026-03-08 16:43:53,809 - app - INFO - 服务启动在 http://127.0.0.1:5001
2026-03-08 16:43:53,809 - app - INFO - 上传目录: E:\Seizure_monitoring\seizure_monitoring_python\uploads
2026-03-08 16:46:33,832 - app - INFO - 上传目录已存在: E:\Seizure_monitoring\Seizure_monitoring_python\uploads
2026-03-08 16:46:33,837 - app - INFO - 服务启动在 http://127.0.0.1:5001
2026-03-08 16:46:33,837 - app - INFO - 上传目录: E:\Seizure_monitoring\Seizure_monitoring_python\uploads
2026-03-08 16:46:41,127 - app - INFO - 上传目录已存在: E:\Seizure_monitoring\Seizure_monitoring_python\uploads
2026-03-08 16:46:41,132 - app - INFO - 服务启动在 http://127.0.0.1:5001
2026-03-08 16:46:41,132 - app - INFO - 上传目录: E:\Seizure_monitoring\Seizure_monitoring_python\uploads
2026-03-08 16:47:14,582 - app - INFO - 获取所有病人列表请求
2026-03-08 16:47:14,583 - app - INFO - 获取用户信息请求: token=ac12b1da-5d8c-4123-837b-54577a22a759
2026-03-08 16:47:14,594 - app - ERROR - 无效的token
2026-03-08 16:47:14,607 - app - INFO - 返回所有患者列表: 共2条
2026-03-08 16:47:14,609 - app - INFO - 获取用户信息请求: token=ac12b1da-5d8c-4123-837b-54577a22a759
2026-03-08 16:47:14,609 - app - ERROR - 无效的token
2026-03-08 16:47:15,965 - app - INFO - 登录请求: username=admin
2026-03-08 16:47:15,970 - app - INFO - 登录成功: username=admin, token=4726d47a-8134-44e7-b2fe-59d65bcf0fe1
2026-03-08 16:47:19,137 - app - INFO - 获取用户信息请求: token=4726d47a-8134-44e7-b2fe-59d65bcf0fe1
2026-03-08 16:47:19,140 - app - INFO - 获取待办事项列表请求
2026-03-08 16:47:19,149 - app - INFO - 返回待办事项列表: 共0条，当前页1，每页5条
2026-03-08 16:47:19,155 - app - INFO - 获取用户信息成功: username=admin
2026-03-08 16:47:19,347 - app - INFO - 获取通知列表请求
2026-03-08 16:47:19,348 - app - INFO - 获取用户信息请求: token=4726d47a-8134-44e7-b2fe-59d65bcf0fe1
2026-03-08 16:47:19,351 - app - INFO - 获取用户信息成功: username=admin
2026-03-08 16:47:19,360 - app - INFO - 返回通知列表: 共0条
2026-03-08 16:47:21,180 - app - INFO - 获取所有病人列表请求
2026-03-08 16:47:21,180 - app - INFO - 获取用户信息请求: token=4726d47a-8134-44e7-b2fe-59d65bcf0fe1
2026-03-08 16:47:21,183 - app - INFO - 返回所有患者列表: 共2条
2026-03-08 16:47:21,195 - app - INFO - 获取用户信息成功: username=admin
2026-03-08 16:47:21,362 - app - INFO - 分页查询EEG分析记录请求
2026-03-08 16:47:21,372 - app - INFO - 返回EEG分析记录列表: 共10条，当前页1，每页10条
2026-03-08 16:47:22,975 - app - INFO - 获取所有病人列表请求
2026-03-08 16:47:22,976 - app - INFO - 获取用户信息请求: token=4726d47a-8134-44e7-b2fe-59d65bcf0fe1
2026-03-08 16:47:22,977 - app - INFO - 获取用户信息成功: username=admin
2026-03-08 16:47:22,978 - app - INFO - 返回所有患者列表: 共2条
2026-03-08 16:47:33,967 - app - INFO - 上传EEG文件请求
2026-03-08 16:47:34,312 - app - INFO - 上传EEG文件成功: chb01_03.edf
2026-03-08 16:47:35,778 - app - INFO - 获得Eeg可视化特征分析请求
2026-03-08 16:47:35,778 - app - ERROR - 文件不存在: 
2026-03-08 16:47:40,483 - app - INFO - 获得Eeg可视化特征分析请求
2026-03-08 16:47:40,483 - app - ERROR - 文件不存在: 
2026-03-08 16:48:17,786 - app - INFO - 获得Eeg可视化特征分析请求
2026-03-08 16:48:17,787 - app - INFO - 开始分析文件: E:\Seizure_monitoring\Seizure_monitoring_python\data\chb01\chb01_03.edf
2026-03-08 16:48:17,787 - app - INFO - 开始过零点特征分析
2026-03-08 16:48:19,265 - app - INFO - 过零点特征分析完成，生成 6 张图片
2026-03-08 16:48:19,265 - app - INFO - 开始STFT分析
2026-03-08 16:48:26,289 - app - ERROR - STFT分析失败: not enough values to unpack (expected 3, got 2)
2026-03-08 16:48:26,290 - app - INFO - 开始DWT分析
2026-03-08 16:48:32,930 - app - INFO - DWT分析完成，生成 6 张图片
2026-03-08 16:48:32,930 - app - INFO - 返回Eeg可视化特征分析结果
2026-03-08 16:49:28,032 - app - INFO - 上传目录已存在: E:\Seizure_monitoring\Seizure_monitoring_python\uploads
2026-03-08 16:49:28,037 - app - INFO - 服务启动在 http://127.0.0.1:5001
2026-03-08 16:49:28,037 - app - INFO - 上传目录: E:\Seizure_monitoring\Seizure_monitoring_python\uploads
2026-03-08 16:49:28,090 - app - INFO - 上传目录已存在: E:\Seizure_monitoring\Seizure_monitoring_python\uploads
2026-03-08 16:49:28,095 - app - INFO - 服务启动在 http://127.0.0.1:5001
2026-03-08 16:49:28,095 - app - INFO - 上传目录: E:\Seizure_monitoring\Seizure_monitoring_python\uploads
2026-03-08 16:49:30,753 - app - INFO - 上传目录已存在: E:\Seizure_monitoring\seizure_monitoring_python\uploads
2026-03-08 16:49:30,758 - app - INFO - 服务启动在 http://127.0.0.1:5001
2026-03-08 16:49:30,758 - app - INFO - 上传目录: E:\Seizure_monitoring\seizure_monitoring_python\uploads
2026-03-08 16:49:40,071 - app - INFO - 上传目录已存在: E:\Seizure_monitoring\Seizure_monitoring_python\uploads
2026-03-08 16:49:40,077 - app - INFO - 服务启动在 http://127.0.0.1:5001
2026-03-08 16:49:40,077 - app - INFO - 上传目录: E:\Seizure_monitoring\Seizure_monitoring_python\uploads
2026-03-08 16:49:47,099 - app - INFO - 上传目录已存在: E:\Seizure_monitoring\Seizure_monitoring_python\uploads
2026-03-08 16:49:47,104 - app - INFO - 服务启动在 http://127.0.0.1:5001
2026-03-08 16:49:47,104 - app - INFO - 上传目录: E:\Seizure_monitoring\Seizure_monitoring_python\uploads
2026-03-08 16:49:52,322 - app - INFO - 获得Eeg可视化特征分析请求
2026-03-08 16:49:52,323 - app - INFO - 开始分析文件: E:\Seizure_monitoring\Seizure_monitoring_python\data\chb01\chb01_03.edf
2026-03-08 16:49:52,323 - app - INFO - 开始过零点特征分析
2026-03-08 16:49:53,443 - app - INFO - 过零点特征分析完成，生成 6 张图片
2026-03-08 16:49:53,444 - app - INFO - 开始STFT分析
2026-03-08 16:49:59,976 - app - ERROR - STFT分析失败: not enough values to unpack (expected 3, got 2)
2026-03-08 16:49:59,976 - app - INFO - 开始DWT分析
2026-03-08 16:50:06,919 - app - INFO - DWT分析完成，生成 6 张图片
2026-03-08 16:50:06,919 - app - INFO - 返回Eeg可视化特征分析结果
2026-03-08 16:51:09,141 - app - INFO - 上传目录已存在: E:\Seizure_monitoring\seizure_monitoring_python\uploads
2026-03-08 16:51:09,145 - app - INFO - 服务启动在 http://127.0.0.1:5001
2026-03-08 16:51:09,145 - app - INFO - 上传目录: E:\Seizure_monitoring\seizure_monitoring_python\uploads
2026-03-08 16:51:12,404 - app - INFO - 上传目录已存在: E:\Seizure_monitoring\Seizure_monitoring_python\uploads
2026-03-08 16:51:12,408 - app - INFO - 服务启动在 http://127.0.0.1:5001
2026-03-08 16:51:12,408 - app - INFO - 上传目录: E:\Seizure_monitoring\Seizure_monitoring_python\uploads
2026-03-08 16:51:13,422 - app - INFO - 上传目录已存在: E:\Seizure_monitoring\Seizure_monitoring_python\uploads
2026-03-08 16:51:13,427 - app - INFO - 服务启动在 http://127.0.0.1:5001
2026-03-08 16:51:13,427 - app - INFO - 上传目录: E:\Seizure_monitoring\Seizure_monitoring_python\uploads
2026-03-08 16:51:25,103 - app - INFO - 上传目录已存在: E:\Seizure_monitoring\Seizure_monitoring_python\uploads
2026-03-08 16:51:25,107 - app - INFO - 服务启动在 http://127.0.0.1:5001
2026-03-08 16:51:25,107 - app - INFO - 上传目录: E:\Seizure_monitoring\Seizure_monitoring_python\uploads
2026-03-08 16:51:32,193 - app - INFO - 上传目录已存在: E:\Seizure_monitoring\Seizure_monitoring_python\uploads
2026-03-08 16:51:32,198 - app - INFO - 服务启动在 http://127.0.0.1:5001
2026-03-08 16:51:32,199 - app - INFO - 上传目录: E:\Seizure_monitoring\Seizure_monitoring_python\uploads
2026-03-08 16:51:40,876 - app - INFO - 获得Eeg可视化特征分析请求
2026-03-08 16:51:40,877 - app - INFO - 开始分析文件: E:\Seizure_monitoring\Seizure_monitoring_python\data\chb01\chb01_03.edf
2026-03-08 16:51:40,878 - app - INFO - 开始过零点特征分析
2026-03-08 16:51:41,982 - app - INFO - 过零点特征分析完成，生成 6 张图片
2026-03-08 16:51:41,982 - app - INFO - 开始STFT分析
2026-03-08 16:51:48,329 - app - INFO - STFT分析完成，生成 6 张图片
2026-03-08 16:51:48,329 - app - INFO - 开始DWT分析
2026-03-08 16:51:54,845 - app - INFO - DWT分析完成，生成 6 张图片
2026-03-08 16:51:54,845 - app - INFO - 返回Eeg可视化特征分析结果
2026-03-08 16:52:07,034 - app - INFO - 获取用户信息请求: token=4726d47a-8134-44e7-b2fe-59d65bcf0fe1
2026-03-08 16:52:07,034 - app - INFO - 获取所有病人列表请求
2026-03-08 16:52:07,034 - app - ERROR - 无效的token
2026-03-08 16:52:07,037 - app - INFO - 返回所有患者列表: 共2条
2026-03-08 16:52:07,041 - app - INFO - 获取用户信息请求: token=4726d47a-8134-44e7-b2fe-59d65bcf0fe1
2026-03-08 16:52:07,041 - app - ERROR - 无效的token
2026-03-08 16:52:08,464 - app - INFO - 登录请求: username=admin
2026-03-08 16:52:08,468 - app - INFO - 登录成功: username=admin, token=b6485fe0-e173-4641-bc13-2a2d4e6b8c30
2026-03-08 16:52:12,364 - app - INFO - 获取用户信息请求: token=b6485fe0-e173-4641-bc13-2a2d4e6b8c30
2026-03-08 16:52:12,365 - app - INFO - 获取待办事项列表请求
2026-03-08 16:52:12,365 - app - INFO - 获取通知列表请求
2026-03-08 16:52:12,370 - app - INFO - 获取用户信息成功: username=admin
2026-03-08 16:52:12,374 - app - INFO - 返回通知列表: 共0条
2026-03-08 16:52:12,374 - app - INFO - 返回待办事项列表: 共0条，当前页1，每页5条
2026-03-08 16:52:12,677 - app - INFO - 获取用户信息请求: token=b6485fe0-e173-4641-bc13-2a2d4e6b8c30
2026-03-08 16:52:12,678 - app - INFO - 获取用户信息成功: username=admin
2026-03-08 16:52:22,167 - app - INFO - 获取所有病人列表请求
2026-03-08 16:52:22,167 - app - INFO - 获取用户信息请求: token=b6485fe0-e173-4641-bc13-2a2d4e6b8c30
2026-03-08 16:52:22,168 - app - INFO - 返回所有患者列表: 共2条
2026-03-08 16:52:22,181 - app - INFO - 获取用户信息成功: username=admin
2026-03-08 16:52:27,737 - app - INFO - 上传EEG文件请求
2026-03-08 16:52:28,138 - app - INFO - 上传EEG文件成功: chb01_03.edf
2026-03-08 16:52:29,601 - app - INFO - 获得Eeg可视化特征分析请求
2026-03-08 16:52:29,602 - app - ERROR - 文件不存在: 
2026-03-08 16:52:43,219 - app - INFO - 获得Eeg可视化特征分析请求
2026-03-08 16:52:43,220 - app - ERROR - 文件不存在: 
2026-03-08 16:53:35,924 - app - INFO - 上传目录已存在: E:\Seizure_monitoring\seizure_monitoring_python\uploads
2026-03-08 16:53:35,929 - app - INFO - 服务启动在 http://127.0.0.1:5001
2026-03-08 16:53:35,929 - app - INFO - 上传目录: E:\Seizure_monitoring\seizure_monitoring_python\uploads
2026-03-08 16:53:42,986 - app - INFO - 上传目录已存在: E:\Seizure_monitoring\seizure_monitoring_python\uploads
2026-03-08 16:53:42,990 - app - INFO - 服务启动在 http://127.0.0.1:5001
2026-03-08 16:53:42,991 - app - INFO - 上传目录: E:\Seizure_monitoring\seizure_monitoring_python\uploads
2026-03-08 16:53:50,120 - app - INFO - 获得Eeg可视化特征分析请求
2026-03-08 16:53:50,120 - app - INFO - 开始分析文件: E:\Seizure_monitoring\Seizure_monitoring_python\data\chb01\chb01_03.edf
2026-03-08 16:53:50,121 - app - INFO - 开始过零点特征分析
2026-03-08 16:53:51,010 - app - INFO - 过零点特征分析完成，生成 6 张图片
2026-03-08 16:53:51,010 - app - INFO - 开始STFT分析
2026-03-08 16:53:57,728 - app - INFO - STFT分析完成，生成 6 张图片
2026-03-08 16:53:57,729 - app - INFO - 开始DWT分析
2026-03-08 16:54:04,971 - app - INFO - DWT分析完成，生成 6 张图片
2026-03-08 16:54:04,972 - app - INFO - 返回Eeg可视化特征分析结果
2026-03-08 16:54:19,655 - app - INFO - 获取用户信息请求: token=b6485fe0-e173-4641-bc13-2a2d4e6b8c30
2026-03-08 16:54:19,655 - app - INFO - 获取所有病人列表请求
2026-03-08 16:54:19,668 - app - INFO - 返回所有患者列表: 共2条
2026-03-08 16:54:19,668 - app - INFO - 获取用户信息成功: username=admin
2026-03-08 16:54:19,673 - app - INFO - 获取用户信息请求: token=b6485fe0-e173-4641-bc13-2a2d4e6b8c30
2026-03-08 16:54:19,675 - app - INFO - 获取用户信息成功: username=admin
2026-03-08 16:54:58,038 - app - INFO - 获取用户信息请求: token=b6485fe0-e173-4641-bc13-2a2d4e6b8c30
2026-03-08 16:54:58,043 - app - INFO - 获取所有病人列表请求
2026-03-08 16:54:58,044 - app - INFO - 获取用户信息成功: username=admin
2026-03-08 16:54:58,046 - app - INFO - 返回所有患者列表: 共2条
2026-03-08 16:54:58,224 - app - INFO - 获取用户信息请求: token=b6485fe0-e173-4641-bc13-2a2d4e6b8c30
2026-03-08 16:54:58,240 - app - INFO - 获取用户信息成功: username=admin
2026-03-08 16:54:59,727 - app - INFO - 获取用户信息请求: token=b6485fe0-e173-4641-bc13-2a2d4e6b8c30
2026-03-08 16:54:59,727 - app - INFO - 获取所有病人列表请求
2026-03-08 16:54:59,730 - app - INFO - 返回所有患者列表: 共2条
2026-03-08 16:54:59,740 - app - INFO - 获取用户信息成功: username=admin
2026-03-08 16:54:59,743 - app - INFO - 获取用户信息请求: token=b6485fe0-e173-4641-bc13-2a2d4e6b8c30
2026-03-08 16:54:59,747 - app - INFO - 获取用户信息成功: username=admin
2026-03-08 16:55:00,294 - app - INFO - 获取用户信息请求: token=b6485fe0-e173-4641-bc13-2a2d4e6b8c30
2026-03-08 16:55:00,294 - app - INFO - 获取所有病人列表请求
2026-03-08 16:55:00,298 - app - INFO - 返回所有患者列表: 共2条
2026-03-08 16:55:00,306 - app - INFO - 获取用户信息成功: username=admin
2026-03-08 16:55:00,310 - app - INFO - 获取用户信息请求: token=b6485fe0-e173-4641-bc13-2a2d4e6b8c30
2026-03-08 16:55:00,323 - app - INFO - 获取用户信息成功: username=admin
2026-03-08 16:55:01,310 - app - INFO - 获取用户信息请求: token=b6485fe0-e173-4641-bc13-2a2d4e6b8c30
2026-03-08 16:55:01,312 - app - INFO - 获取待办事项列表请求
2026-03-08 16:55:01,316 - app - INFO - 获取通知列表请求
2026-03-08 16:55:01,320 - app - INFO - 获取用户信息成功: username=admin
2026-03-08 16:55:01,323 - app - INFO - 返回通知列表: 共0条
2026-03-08 16:55:01,323 - app - INFO - 返回待办事项列表: 共0条，当前页1，每页5条
2026-03-08 16:55:03,815 - app - INFO - 获取所有病人列表请求
2026-03-08 16:55:04,116 - app - INFO - 获取用户信息请求: token=b6485fe0-e173-4641-bc13-2a2d4e6b8c30
2026-03-08 16:55:10,107 - app - INFO - 返回所有患者列表: 共2条
2026-03-08 16:55:10,107 - app - INFO - 获取用户信息成功: username=admin
2026-03-08 16:55:10,112 - app - INFO - 分页查询病人请求
2026-03-08 16:55:10,125 - app - INFO - 返回患者列表: 共2条，当前页1，每页10条
2026-03-08 16:55:10,302 - app - INFO - 分页查询病人请求
2026-03-08 16:55:10,303 - app - INFO - 返回患者列表: 共2条，当前页1，每页1000条
2026-03-08 16:55:13,665 - app - INFO - 获取所有病人列表请求
2026-03-08 16:55:13,665 - app - INFO - 获取用户信息请求: token=b6485fe0-e173-4641-bc13-2a2d4e6b8c30
2026-03-08 16:55:13,666 - app - INFO - 返回所有患者列表: 共2条
2026-03-08 16:55:13,667 - app - INFO - 获取用户信息成功: username=admin
2026-03-08 16:55:19,826 - app - INFO - 上传EEG文件请求
2026-03-08 16:55:20,011 - app - INFO - 上传EEG文件成功: chb01_03.edf
2026-03-08 16:55:21,251 - app - INFO - 获得Eeg可视化特征分析请求
2026-03-08 16:55:21,251 - app - ERROR - 文件不存在: 
2026-03-08 16:55:25,003 - app - INFO - 获得Eeg可视化特征分析请求
2026-03-08 16:55:25,003 - app - ERROR - 文件不存在: 
2026-03-08 16:55:29,325 - app - INFO - 获得Eeg可视化特征分析请求
2026-03-08 16:55:29,326 - app - ERROR - 文件不存在: 
2026-03-08 16:56:29,415 - app - INFO - 上传目录已存在: E:\Seizure_monitoring\Seizure_monitoring_python\uploads
2026-03-08 16:56:29,419 - app - INFO - 服务启动在 http://127.0.0.1:5001
2026-03-08 16:56:29,420 - app - INFO - 上传目录: E:\Seizure_monitoring\Seizure_monitoring_python\uploads
2026-03-08 16:56:37,760 - app - INFO - 上传目录已存在: E:\Seizure_monitoring\Seizure_monitoring_python\uploads
2026-03-08 16:56:37,765 - app - INFO - 服务启动在 http://127.0.0.1:5001
2026-03-08 16:56:37,766 - app - INFO - 上传目录: E:\Seizure_monitoring\Seizure_monitoring_python\uploads
2026-03-08 16:57:12,155 - app - INFO - 获取用户信息请求: token=b6485fe0-e173-4641-bc13-2a2d4e6b8c30
2026-03-08 16:57:12,156 - app - INFO - 获取所有病人列表请求
2026-03-08 16:57:12,157 - app - ERROR - 无效的token
2026-03-08 16:57:12,187 - app - INFO - 返回所有患者列表: 共2条
2026-03-08 16:57:12,189 - app - INFO - 获取用户信息请求: token=b6485fe0-e173-4641-bc13-2a2d4e6b8c30
2026-03-08 16:57:12,189 - app - ERROR - 无效的token
2026-03-08 16:57:13,462 - app - INFO - 登录请求: username=admin
2026-03-08 16:57:13,473 - app - INFO - 登录成功: username=admin, token=b741413a-f637-4bb6-a7cb-cf7c020d6de5
2026-03-08 16:57:16,669 - app - INFO - 获取用户信息请求: token=b741413a-f637-4bb6-a7cb-cf7c020d6de5
2026-03-08 16:57:16,669 - app - INFO - 获取待办事项列表请求
2026-03-08 16:57:16,675 - app - INFO - 获取用户信息成功: username=admin
2026-03-08 16:57:16,693 - app - INFO - 返回待办事项列表: 共0条，当前页1，每页5条
2026-03-08 16:57:16,880 - app - INFO - 获取通知列表请求
2026-03-08 16:57:16,880 - app - INFO - 获取用户信息请求: token=b741413a-f637-4bb6-a7cb-cf7c020d6de5
2026-03-08 16:57:16,885 - app - INFO - 获取用户信息成功: username=admin
2026-03-08 16:57:16,886 - app - INFO - 返回通知列表: 共0条
2026-03-08 16:57:19,210 - app - INFO - 获取所有病人列表请求
2026-03-08 16:57:19,211 - app - INFO - 获取用户信息请求: token=b741413a-f637-4bb6-a7cb-cf7c020d6de5
2026-03-08 16:57:19,212 - app - INFO - 返回所有患者列表: 共2条
2026-03-08 16:57:19,213 - app - INFO - 获取用户信息成功: username=admin
2026-03-08 16:57:25,423 - app - INFO - 上传EEG文件请求
2026-03-08 16:57:25,798 - app - INFO - 上传EEG文件成功: chb01_03.edf
2026-03-08 16:57:27,089 - app - INFO - 获得Eeg可视化特征分析请求
2026-03-08 16:57:27,090 - app - ERROR - 文件不存在: 
2026-03-08 16:58:32,377 - app - INFO - 上传目录已存在: E:\Seizure_monitoring\Seizure_monitoring_python\uploads
2026-03-08 16:58:32,382 - app - INFO - 服务启动在 http://127.0.0.1:5001
2026-03-08 16:58:32,382 - app - INFO - 上传目录: E:\Seizure_monitoring\Seizure_monitoring_python\uploads
2026-03-08 16:58:40,342 - app - INFO - 上传目录已存在: E:\Seizure_monitoring\Seizure_monitoring_python\uploads
2026-03-08 16:58:40,348 - app - INFO - 服务启动在 http://127.0.0.1:5001
2026-03-08 16:58:40,348 - app - INFO - 上传目录: E:\Seizure_monitoring\Seizure_monitoring_python\uploads
2026-03-08 16:58:42,478 - app - INFO - 获得Eeg可视化特征分析请求
2026-03-08 16:58:42,480 - app - INFO - 开始分析文件: E:\Seizure_monitoring\Seizure_monitoring_python\data\chb01\chb01_03.edf
2026-03-08 16:58:42,480 - app - INFO - 开始过零点特征分析
2026-03-08 16:58:43,763 - app - INFO - 过零点特征分析完成，生成 6 张图片
2026-03-08 16:58:43,763 - app - INFO - 开始STFT分析
2026-03-08 16:58:51,447 - app - INFO - STFT分析完成，生成 6 张图片
2026-03-08 16:58:51,448 - app - INFO - 开始DWT分析
2026-03-08 16:58:59,897 - app - INFO - DWT分析完成，生成 6 张图片
2026-03-08 16:58:59,897 - app - INFO - 返回Eeg可视化特征分析结果
2026-03-08 17:00:46,087 - app - INFO - 获取用户信息请求: token=b741413a-f637-4bb6-a7cb-cf7c020d6de5
2026-03-08 17:00:46,088 - app - ERROR - 无效的token
2026-03-08 17:00:46,090 - app - INFO - 获取所有病人列表请求
2026-03-08 17:00:46,125 - app - INFO - 获取用户信息请求: token=b741413a-f637-4bb6-a7cb-cf7c020d6de5
2026-03-08 17:00:46,126 - app - ERROR - 无效的token
2026-03-08 17:00:46,130 - app - INFO - 返回所有患者列表: 共2条
2026-03-08 17:00:47,431 - app - INFO - 登录请求: username=admin
2026-03-08 17:00:47,442 - app - INFO - 登录成功: username=admin, token=75796a66-eee4-4a2b-99c8-30db406e2727
2026-03-08 17:00:51,439 - app - INFO - 获取用户信息请求: token=75796a66-eee4-4a2b-99c8-30db406e2727
2026-03-08 17:00:51,441 - app - INFO - 获取待办事项列表请求
2026-03-08 17:00:51,460 - app - INFO - 获取用户信息成功: username=admin
2026-03-08 17:00:51,463 - app - INFO - 返回待办事项列表: 共0条，当前页1，每页5条
2026-03-08 17:00:51,614 - app - INFO - 获取通知列表请求
2026-03-08 17:00:51,620 - app - INFO - 返回通知列表: 共0条
2026-03-08 17:00:51,625 - app - INFO - 获取用户信息请求: token=75796a66-eee4-4a2b-99c8-30db406e2727
2026-03-08 17:00:51,627 - app - INFO - 获取用户信息成功: username=admin
2026-03-08 17:00:55,035 - app - INFO - 获取所有病人列表请求
2026-03-08 17:00:55,036 - app - INFO - 获取用户信息请求: token=75796a66-eee4-4a2b-99c8-30db406e2727
2026-03-08 17:00:55,037 - app - INFO - 返回所有患者列表: 共2条
2026-03-08 17:00:55,038 - app - INFO - 获取用户信息成功: username=admin
2026-03-08 17:01:01,472 - app - INFO - 上传EEG文件请求
2026-03-08 17:01:01,844 - app - INFO - 上传EEG文件成功: chb01_03.edf
2026-03-08 17:01:03,371 - app - INFO - 获得Eeg可视化特征分析请求
2026-03-08 17:01:03,371 - app - ERROR - 文件不存在: 
2026-03-08 17:01:05,676 - app - INFO - 获得Eeg可视化特征分析请求
2026-03-08 17:01:05,676 - app - ERROR - 文件不存在: 
2026-03-08 17:01:06,849 - app - INFO - 获得Eeg可视化特征分析请求
2026-03-08 17:01:06,850 - app - ERROR - 文件不存在: 
2026-03-08 17:01:08,544 - app - INFO - 获得Eeg可视化特征分析请求
2026-03-08 17:01:08,544 - app - ERROR - 文件不存在: 
2026-03-08 17:02:09,870 - app - INFO - 上传目录已存在: E:\Seizure_monitoring\Seizure_monitoring_python\uploads
2026-03-08 17:02:09,875 - app - INFO - 服务启动在 http://127.0.0.1:5001
2026-03-08 17:02:09,875 - app - INFO - 上传目录: E:\Seizure_monitoring\Seizure_monitoring_python\uploads
2026-03-08 17:02:17,772 - app - INFO - 上传目录已存在: E:\Seizure_monitoring\Seizure_monitoring_python\uploads
2026-03-08 17:02:17,777 - app - INFO - 服务启动在 http://127.0.0.1:5001
2026-03-08 17:02:17,777 - app - INFO - 上传目录: E:\Seizure_monitoring\Seizure_monitoring_python\uploads
2026-03-08 17:02:21,091 - app - INFO - 获得Eeg可视化特征分析请求
2026-03-08 17:02:21,093 - app - INFO - 开始分析文件: E:\Seizure_monitoring\Seizure_monitoring_python\data\chb01\chb01_03.edf
2026-03-08 17:02:21,094 - app - INFO - 开始过零点特征分析
2026-03-08 17:02:22,795 - app - INFO - 过零点特征分析完成，生成 6 张图片
2026-03-08 17:02:22,796 - app - INFO - 开始STFT分析
2026-03-08 17:02:30,454 - app - INFO - STFT分析完成，生成 6 张图片
2026-03-08 17:02:30,454 - app - INFO - 开始DWT分析
2026-03-08 17:02:39,451 - app - INFO - DWT分析完成，生成 6 张图片
2026-03-08 17:02:39,451 - app - INFO - 返回Eeg可视化特征分析结果
2026-03-08 17:03:58,208 - app - INFO - 上传目录已存在: E:\Seizure_monitoring\Seizure_monitoring_python\uploads
2026-03-08 17:03:58,213 - app - INFO - 服务启动在 http://127.0.0.1:5001
2026-03-08 17:03:58,213 - app - INFO - 上传目录: E:\Seizure_monitoring\Seizure_monitoring_python\uploads
2026-03-08 17:03:58,532 - app - INFO - 上传目录已存在: E:\Seizure_monitoring\Seizure_monitoring_python\uploads
2026-03-08 17:03:58,537 - app - INFO - 服务启动在 http://127.0.0.1:5001
2026-03-08 17:03:58,537 - app - INFO - 上传目录: E:\Seizure_monitoring\Seizure_monitoring_python\uploads
2026-03-08 17:03:58,833 - app - INFO - 上传目录已存在: E:\Seizure_monitoring\Seizure_monitoring_python\uploads
2026-03-08 17:03:58,838 - app - INFO - 服务启动在 http://127.0.0.1:5001
2026-03-08 17:03:58,839 - app - INFO - 上传目录: E:\Seizure_monitoring\Seizure_monitoring_python\uploads
2026-03-08 17:04:10,567 - app - INFO - 上传目录已存在: E:\Seizure_monitoring\seizure_monitoring_python\uploads
2026-03-08 17:04:10,572 - app - INFO - 服务启动在 http://127.0.0.1:5001
2026-03-08 17:04:10,572 - app - INFO - 上传目录: E:\Seizure_monitoring\seizure_monitoring_python\uploads
2026-03-08 17:04:19,062 - app - INFO - 上传目录已存在: E:\Seizure_monitoring\seizure_monitoring_python\uploads
2026-03-08 17:04:19,068 - app - INFO - 服务启动在 http://127.0.0.1:5001
2026-03-08 17:04:19,068 - app - INFO - 上传目录: E:\Seizure_monitoring\seizure_monitoring_python\uploads
2026-03-08 17:05:49,305 - app - INFO - 获取用户信息请求: token=75796a66-eee4-4a2b-99c8-30db406e2727
2026-03-08 17:05:49,306 - app - INFO - 获取所有病人列表请求
2026-03-08 17:05:49,307 - app - ERROR - 无效的token
2026-03-08 17:05:49,339 - app - INFO - 获取用户信息请求: token=75796a66-eee4-4a2b-99c8-30db406e2727
2026-03-08 17:05:49,347 - app - INFO - 返回所有患者列表: 共2条
2026-03-08 17:05:49,347 - app - ERROR - 无效的token
2026-03-08 17:05:50,447 - app - INFO - 登录请求: username=admin
2026-03-08 17:05:50,468 - app - INFO - 登录成功: username=admin, token=eed281db-7e44-48b5-a9e3-9b591fc8a6eb
2026-03-08 17:05:53,666 - app - INFO - 获取用户信息请求: token=eed281db-7e44-48b5-a9e3-9b591fc8a6eb
2026-03-08 17:05:53,667 - app - INFO - 获取待办事项列表请求
2026-03-08 17:05:53,683 - app - INFO - 获取用户信息成功: username=admin
2026-03-08 17:05:53,689 - app - INFO - 返回待办事项列表: 共0条，当前页1，每页5条
2026-03-08 17:05:53,868 - app - INFO - 获取通知列表请求
2026-03-08 17:05:53,869 - app - INFO - 获取用户信息请求: token=eed281db-7e44-48b5-a9e3-9b591fc8a6eb
2026-03-08 17:05:53,873 - app - INFO - 获取用户信息成功: username=admin
2026-03-08 17:05:53,884 - app - INFO - 返回通知列表: 共0条
2026-03-08 17:05:55,476 - app - INFO - 获取所有病人列表请求
2026-03-08 17:05:55,477 - app - INFO - 获取用户信息请求: token=eed281db-7e44-48b5-a9e3-9b591fc8a6eb
2026-03-08 17:05:55,478 - app - INFO - 返回所有患者列表: 共2条
2026-03-08 17:05:55,479 - app - INFO - 获取用户信息成功: username=admin
2026-03-08 17:06:01,799 - app - INFO - 上传EEG文件请求
2026-03-08 17:06:02,231 - app - INFO - 上传EEG文件成功: chb01_03.edf
2026-03-08 17:06:03,391 - app - INFO - 获得Eeg可视化特征分析请求
2026-03-08 17:06:03,391 - app - ERROR - 文件不存在: 
2026-03-08 17:06:06,815 - app - INFO - 获取所有病人列表请求
2026-03-08 17:06:06,817 - app - INFO - 返回所有患者列表: 共2条
2026-03-08 17:06:06,839 - app - INFO - 获取用户信息请求: token=eed281db-7e44-48b5-a9e3-9b591fc8a6eb
2026-03-08 17:06:06,840 - app - INFO - 获取用户信息成功: username=admin
2026-03-08 17:06:06,964 - app - INFO - 分页查询EEG分析记录请求
2026-03-08 17:06:06,977 - app - INFO - 返回EEG分析记录列表: 共10条，当前页1，每页10条
2026-03-08 17:06:11,828 - app - INFO - 上传EEG文件请求
2026-03-08 17:06:12,044 - app - INFO - 生成的fileUrl: file:///E:/Seizure_monitoring/Seizure_monitoring_python/uploads/chb01_03.edf
2026-03-08 17:06:12,044 - app - INFO - 上传EEG文件成功: chb01_03.edf
2026-03-08 17:06:13,455 - app - INFO - 获取EEG分析结果请求
2026-03-08 17:06:13,472 - app - INFO - 原始fileUrl: file:///E:/Seizure_monitoring/Seizure_monitoring_python/uploads/chb01_03.edf
2026-03-08 17:06:13,472 - app - INFO - 解析后的URL: scheme=file, netloc=, path=/E:/Seizure_monitoring/Seizure_monitoring_python/uploads/chb01_03.edf
2026-03-08 17:06:13,472 - app - INFO - 解码后的路径: /E:/Seizure_monitoring/Seizure_monitoring_python/uploads/chb01_03.edf
2026-03-08 17:06:13,473 - app - INFO - 移除开头斜杠后: E:/Seizure_monitoring/Seizure_monitoring_python/uploads/chb01_03.edf
2026-03-08 17:06:13,473 - app - INFO - 转换斜杠后: E:\Seizure_monitoring\Seizure_monitoring_python\uploads\chb01_03.edf
2026-03-08 17:06:13,473 - app - INFO - 文件存在: E:\Seizure_monitoring\Seizure_monitoring_python\uploads\chb01_03.edf
2026-03-08 17:06:13,473 - app - INFO - 最终分析文件: E:\Seizure_monitoring\Seizure_monitoring_python\uploads\chb01_03.edf
2026-03-08 17:07:03,812 - app - INFO - 返回EEG分析结果: patientId=1, riskLevel=4
2026-03-08 17:07:03,828 - app - INFO - 分页查询EEG分析记录请求
2026-03-08 17:07:03,839 - app - INFO - 返回EEG分析记录列表: 共10条，当前页1，每页10条
2026-03-08 17:08:14,855 - app - INFO - 上传目录已存在: E:\Seizure_monitoring\Seizure_monitoring_python\uploads
2026-03-08 17:08:14,860 - app - INFO - 服务启动在 http://127.0.0.1:5001
2026-03-08 17:08:14,861 - app - INFO - 上传目录: E:\Seizure_monitoring\Seizure_monitoring_python\uploads
2026-03-08 17:08:22,961 - app - INFO - 上传目录已存在: E:\Seizure_monitoring\Seizure_monitoring_python\uploads
2026-03-08 17:08:22,968 - app - INFO - 服务启动在 http://127.0.0.1:5001
2026-03-08 17:08:22,969 - app - INFO - 上传目录: E:\Seizure_monitoring\Seizure_monitoring_python\uploads
2026-03-08 17:09:04,620 - app - INFO - 上传目录已存在: E:\Seizure_monitoring\Seizure_monitoring_python\uploads
2026-03-08 17:09:04,626 - app - INFO - 服务启动在 http://127.0.0.1:5001
2026-03-08 17:09:04,626 - app - INFO - 上传目录: E:\Seizure_monitoring\Seizure_monitoring_python\uploads
2026-03-08 17:09:05,292 - app - INFO - 上传目录已存在: E:\Seizure_monitoring\Seizure_monitoring_python\uploads
2026-03-08 17:09:05,297 - app - INFO - 服务启动在 http://127.0.0.1:5001
2026-03-08 17:09:05,297 - app - INFO - 上传目录: E:\Seizure_monitoring\Seizure_monitoring_python\uploads
2026-03-08 17:09:07,755 - app - INFO - 上传目录已存在: E:\Seizure_monitoring\Seizure_monitoring_python\uploads
2026-03-08 17:09:07,762 - app - INFO - 服务启动在 http://127.0.0.1:5001
2026-03-08 17:09:07,763 - app - INFO - 上传目录: E:\Seizure_monitoring\Seizure_monitoring_python\uploads
2026-03-08 17:09:09,214 - app - INFO - 上传目录已存在: E:\Seizure_monitoring\seizure_monitoring_python\uploads
2026-03-08 17:09:09,219 - app - INFO - 服务启动在 http://127.0.0.1:5001
2026-03-08 17:09:09,219 - app - INFO - 上传目录: E:\Seizure_monitoring\seizure_monitoring_python\uploads
2026-03-08 17:09:26,505 - app - INFO - 上传目录已存在: E:\Seizure_monitoring\Seizure_monitoring_python\uploads
2026-03-08 17:09:26,513 - app - INFO - 服务启动在 http://127.0.0.1:5001
2026-03-08 17:09:26,513 - app - INFO - 上传目录: E:\Seizure_monitoring\Seizure_monitoring_python\uploads
2026-03-08 17:09:27,379 - app - INFO - 上传目录已存在: E:\Seizure_monitoring\seizure_monitoring_python\uploads
2026-03-08 17:09:27,386 - app - INFO - 服务启动在 http://127.0.0.1:5001
2026-03-08 17:09:27,386 - app - INFO - 上传目录: E:\Seizure_monitoring\seizure_monitoring_python\uploads
2026-03-08 17:09:29,597 - app - INFO - 上传目录已存在: E:\Seizure_monitoring\Seizure_monitoring_python\uploads
2026-03-08 17:09:29,602 - app - INFO - 服务启动在 http://127.0.0.1:5001
2026-03-08 17:09:29,602 - app - INFO - 上传目录: E:\Seizure_monitoring\Seizure_monitoring_python\uploads
2026-03-08 17:09:29,867 - app - INFO - 上传目录已存在: E:\Seizure_monitoring\Seizure_monitoring_python\uploads
2026-03-08 17:09:29,874 - app - INFO - 服务启动在 http://127.0.0.1:5001
2026-03-08 17:09:29,874 - app - INFO - 上传目录: E:\Seizure_monitoring\Seizure_monitoring_python\uploads
2026-03-08 17:09:45,403 - app - INFO - 上传目录已存在: E:\Seizure_monitoring\seizure_monitoring_python\uploads
2026-03-08 17:09:45,408 - app - INFO - 服务启动在 http://127.0.0.1:5001
2026-03-08 17:09:45,408 - app - INFO - 上传目录: E:\Seizure_monitoring\seizure_monitoring_python\uploads
2026-03-08 17:09:47,336 - app - INFO - 上传目录已存在: E:\Seizure_monitoring\Seizure_monitoring_python\uploads
2026-03-08 17:09:47,341 - app - INFO - 服务启动在 http://127.0.0.1:5001
2026-03-08 17:09:47,341 - app - INFO - 上传目录: E:\Seizure_monitoring\Seizure_monitoring_python\uploads
2026-03-08 17:09:48,342 - app - INFO - 上传目录已存在: E:\Seizure_monitoring\Seizure_monitoring_python\uploads
2026-03-08 17:09:48,348 - app - INFO - 服务启动在 http://127.0.0.1:5001
2026-03-08 17:09:48,349 - app - INFO - 上传目录: E:\Seizure_monitoring\Seizure_monitoring_python\uploads
2026-03-08 17:09:57,799 - app - INFO - 上传目录已存在: E:\Seizure_monitoring\Seizure_monitoring_python\uploads
2026-03-08 17:09:57,807 - app - INFO - 服务启动在 http://127.0.0.1:5001
2026-03-08 17:09:57,807 - app - INFO - 上传目录: E:\Seizure_monitoring\Seizure_monitoring_python\uploads
2026-03-08 17:10:05,991 - app - INFO - 上传目录已存在: E:\Seizure_monitoring\Seizure_monitoring_python\uploads
2026-03-08 17:10:05,996 - app - INFO - 服务启动在 http://127.0.0.1:5001
2026-03-08 17:10:05,997 - app - INFO - 上传目录: E:\Seizure_monitoring\Seizure_monitoring_python\uploads
2026-03-08 17:10:32,891 - app - INFO - 获取用户信息请求: token=eed281db-7e44-48b5-a9e3-9b591fc8a6eb
2026-03-08 17:10:32,892 - app - INFO - 获取所有病人列表请求
2026-03-08 17:10:32,892 - app - INFO - 分页查询EEG分析记录请求
2026-03-08 17:10:32,892 - app - ERROR - 无效的token
2026-03-08 17:10:32,896 - app - INFO - 返回所有患者列表: 共2条
2026-03-08 17:10:32,904 - app - INFO - 获取用户信息请求: token=eed281db-7e44-48b5-a9e3-9b591fc8a6eb
2026-03-08 17:10:32,904 - app - ERROR - 无效的token
2026-03-08 17:10:32,912 - app - INFO - 返回EEG分析记录列表: 共11条，当前页1，每页10条
2026-03-08 17:10:34,428 - app - INFO - 登录请求: username=admin
2026-03-08 17:10:34,431 - app - INFO - 登录成功: username=admin, token=6114640e-8021-441e-9295-e224a564334f
2026-03-08 17:10:37,607 - app - INFO - 获取用户信息请求: token=6114640e-8021-441e-9295-e224a564334f
2026-03-08 17:10:37,625 - app - INFO - 获取用户信息成功: username=admin
2026-03-08 17:10:37,822 - app - INFO - 获取待办事项列表请求
2026-03-08 17:10:37,823 - app - INFO - 获取通知列表请求
2026-03-08 17:10:37,823 - app - INFO - 获取用户信息请求: token=6114640e-8021-441e-9295-e224a564334f
2026-03-08 17:10:37,829 - app - INFO - 获取用户信息成功: username=admin
2026-03-08 17:10:37,831 - app - INFO - 返回待办事项列表: 共0条，当前页1，每页5条
2026-03-08 17:10:37,833 - app - INFO - 返回通知列表: 共0条
2026-03-08 17:10:39,610 - app - INFO - 获取所有病人列表请求
2026-03-08 17:10:39,611 - app - INFO - 获取用户信息请求: token=6114640e-8021-441e-9295-e224a564334f
2026-03-08 17:10:39,615 - app - INFO - 获取用户信息成功: username=admin
2026-03-08 17:10:39,615 - app - INFO - 返回所有患者列表: 共2条
2026-03-08 17:10:46,637 - app - INFO - 上传EEG文件请求
2026-03-08 17:10:47,013 - app - INFO - 上传EEG文件成功: chb01_03.edf
2026-03-08 17:10:48,512 - app - INFO - 获得Eeg可视化特征分析请求
2026-03-08 17:10:48,512 - app - ERROR - 文件不存在: http://localhost:5001/uploads/chb01_03.edf
2026-03-08 17:11:31,038 - app - INFO - 上传目录已存在: E:\Seizure_monitoring\Seizure_monitoring_python\uploads
2026-03-08 17:11:31,043 - app - INFO - 服务启动在 http://127.0.0.1:5001
2026-03-08 17:11:31,043 - app - INFO - 上传目录: E:\Seizure_monitoring\Seizure_monitoring_python\uploads
2026-03-08 17:11:39,008 - app - INFO - 上传目录已存在: E:\Seizure_monitoring\Seizure_monitoring_python\uploads
2026-03-08 17:11:39,013 - app - INFO - 服务启动在 http://127.0.0.1:5001
2026-03-08 17:11:39,013 - app - INFO - 上传目录: E:\Seizure_monitoring\Seizure_monitoring_python\uploads
2026-03-08 17:12:08,944 - app - INFO - 获得Eeg可视化特征分析请求
2026-03-08 17:12:08,946 - app - INFO - 开始分析文件: E:\Seizure_monitoring\Seizure_monitoring_python\data\chb01\chb01_03.edf
2026-03-08 17:12:08,946 - app - INFO - 开始过零点特征分析
2026-03-08 17:12:10,112 - app - INFO - 过零点特征分析完成，生成 6 张图片
2026-03-08 17:12:10,113 - app - INFO - 开始STFT分析
2026-03-08 17:12:17,208 - app - INFO - STFT分析完成，生成 6 张图片
2026-03-08 17:12:17,208 - app - INFO - 开始DWT分析
2026-03-08 17:12:24,981 - app - INFO - DWT分析完成，生成 6 张图片
2026-03-08 17:12:24,981 - app - INFO - 返回Eeg可视化特征分析结果
2026-03-08 17:13:03,979 - app - INFO - 获取用户信息请求: token=6114640e-8021-441e-9295-e224a564334f
2026-03-08 17:13:03,981 - app - ERROR - 无效的token
2026-03-08 17:13:03,984 - app - INFO - 获取所有病人列表请求
2026-03-08 17:13:04,012 - app - INFO - 获取用户信息请求: token=6114640e-8021-441e-9295-e224a564334f
2026-03-08 17:13:04,013 - app - ERROR - 无效的token
2026-03-08 17:13:04,017 - app - INFO - 返回所有患者列表: 共2条
2026-03-08 17:13:05,650 - app - INFO - 登录请求: username=admin
2026-03-08 17:13:05,672 - app - INFO - 登录成功: username=admin, token=ee17c322-7ac9-4685-93e8-eb2531d8a254
2026-03-08 17:13:08,869 - app - INFO - 获取用户信息请求: token=ee17c322-7ac9-4685-93e8-eb2531d8a254
2026-03-08 17:13:08,870 - app - INFO - 获取待办事项列表请求
2026-03-08 17:13:08,891 - app - INFO - 获取用户信息成功: username=admin
2026-03-08 17:13:08,893 - app - INFO - 返回待办事项列表: 共0条，当前页1，每页5条
2026-03-08 17:13:09,083 - app - INFO - 获取通知列表请求
2026-03-08 17:13:09,083 - app - INFO - 获取用户信息请求: token=ee17c322-7ac9-4685-93e8-eb2531d8a254
2026-03-08 17:13:09,091 - app - INFO - 返回通知列表: 共0条
2026-03-08 17:13:09,097 - app - INFO - 获取用户信息成功: username=admin
2026-03-08 17:13:36,124 - app - INFO - 上传目录已存在: E:\Seizure_monitoring\seizure_monitoring_python\uploads
2026-03-08 17:13:36,130 - app - INFO - 服务启动在 http://127.0.0.1:5001
2026-03-08 17:13:36,130 - app - INFO - 上传目录: E:\Seizure_monitoring\seizure_monitoring_python\uploads
2026-03-08 17:13:44,049 - app - INFO - 上传目录已存在: E:\Seizure_monitoring\seizure_monitoring_python\uploads
2026-03-08 17:13:44,054 - app - INFO - 服务启动在 http://127.0.0.1:5001
2026-03-08 17:13:44,054 - app - INFO - 上传目录: E:\Seizure_monitoring\seizure_monitoring_python\uploads
2026-03-08 17:14:06,713 - app - INFO - 获取用户信息请求: token=ee17c322-7ac9-4685-93e8-eb2531d8a254
2026-03-08 17:14:06,718 - app - INFO - 获取待办事项列表请求
2026-03-08 17:14:06,720 - app - INFO - 获取用户信息成功: username=admin
2026-03-08 17:14:06,721 - app - INFO - 获取通知列表请求
2026-03-08 17:14:06,723 - app - INFO - 返回待办事项列表: 共0条，当前页1，每页5条
2026-03-08 17:14:06,725 - app - INFO - 返回通知列表: 共0条
2026-03-08 17:14:06,730 - app - INFO - 获取用户信息请求: token=ee17c322-7ac9-4685-93e8-eb2531d8a254
2026-03-08 17:14:06,733 - app - INFO - 获取用户信息成功: username=admin
2026-03-08 17:14:12,317 - app - INFO - 获取用户信息请求: token=ee17c322-7ac9-4685-93e8-eb2531d8a254
2026-03-08 17:14:12,317 - app - INFO - 获取待办事项列表请求
2026-03-08 17:14:12,321 - app - INFO - 获取用户信息成功: username=admin
2026-03-08 17:14:12,322 - app - INFO - 返回待办事项列表: 共0条，当前页1，每页5条
2026-03-08 17:14:12,469 - app - INFO - 获取通知列表请求
2026-03-08 17:14:12,482 - app - INFO - 返回通知列表: 共0条
2026-03-08 17:14:12,486 - app - INFO - 获取用户信息请求: token=ee17c322-7ac9-4685-93e8-eb2531d8a254
2026-03-08 17:14:12,499 - app - INFO - 获取用户信息成功: username=admin
2026-03-08 17:14:16,236 - app - INFO - 获取所有病人列表请求
2026-03-08 17:14:16,237 - app - INFO - 获取用户信息请求: token=ee17c322-7ac9-4685-93e8-eb2531d8a254
2026-03-08 17:14:16,241 - app - INFO - 获取用户信息成功: username=admin
2026-03-08 17:14:16,250 - app - INFO - 返回所有患者列表: 共2条
2026-03-08 17:14:16,346 - app - INFO - 分页查询EEG分析记录请求
2026-03-08 17:14:16,373 - app - INFO - 返回EEG分析记录列表: 共11条，当前页1，每页10条
2026-03-08 17:14:17,040 - app - INFO - 分页查询病人请求
2026-03-08 17:14:17,043 - app - INFO - 分页查询病人请求
2026-03-08 17:14:17,046 - app - INFO - 返回患者列表: 共2条，当前页1，每页10条
2026-03-08 17:14:17,046 - app - INFO - 返回患者列表: 共2条，当前页1，每页1000条
2026-03-08 17:14:20,824 - app - INFO - 获取所有病人列表请求
2026-03-08 17:14:20,825 - app - INFO - 返回所有患者列表: 共2条
2026-03-08 17:14:21,095 - app - INFO - 获取用户信息请求: token=ee17c322-7ac9-4685-93e8-eb2531d8a254
2026-03-08 17:14:21,097 - app - INFO - 获取用户信息成功: username=admin
2026-03-08 17:14:26,956 - app - INFO - 上传EEG文件请求
2026-03-08 17:14:27,315 - app - INFO - 上传EEG文件成功: chb01_03.edf
2026-03-08 17:14:28,702 - app - INFO - 获得Eeg可视化特征分析请求
2026-03-08 17:14:28,703 - app - ERROR - 文件不存在: http://localhost:5001/uploads/chb01_03.edf
2026-03-08 17:16:14,300 - app - INFO - 获得Eeg可视化特征分析请求
2026-03-08 17:16:14,302 - app - ERROR - 文件不存在: http://localhost:5001/uploads/chb01_03.edf
2026-03-08 17:18:16,300 - app - INFO - 上传目录已存在: E:\Seizure_monitoring\Seizure_monitoring_python\uploads
2026-03-08 17:18:16,305 - app - INFO - 服务启动在 http://127.0.0.1:5001
2026-03-08 17:18:16,305 - app - INFO - 上传目录: E:\Seizure_monitoring\Seizure_monitoring_python\uploads
2026-03-08 17:18:24,231 - app - INFO - 上传目录已存在: E:\Seizure_monitoring\Seizure_monitoring_python\uploads
2026-03-08 17:18:24,236 - app - INFO - 服务启动在 http://127.0.0.1:5001
2026-03-08 17:18:24,237 - app - INFO - 上传目录: E:\Seizure_monitoring\Seizure_monitoring_python\uploads
2026-03-08 17:18:27,955 - app - INFO - 获取用户信息请求: token=ee17c322-7ac9-4685-93e8-eb2531d8a254
2026-03-08 17:18:27,958 - app - INFO - 获取所有病人列表请求
2026-03-08 17:18:27,958 - app - ERROR - 无效的token
2026-03-08 17:18:27,990 - app - INFO - 返回所有患者列表: 共2条
2026-03-08 17:18:27,993 - app - INFO - 获取用户信息请求: token=ee17c322-7ac9-4685-93e8-eb2531d8a254
2026-03-08 17:18:27,994 - app - ERROR - 无效的token
2026-03-08 17:19:32,087 - app - INFO - 上传目录已存在: E:\Seizure_monitoring\Seizure_monitoring_python\uploads
2026-03-08 17:19:32,093 - app - INFO - 服务启动在 http://127.0.0.1:5001
2026-03-08 17:19:32,094 - app - INFO - 上传目录: E:\Seizure_monitoring\Seizure_monitoring_python\uploads
2026-03-08 17:19:33,402 - app - INFO - 上传目录已存在: E:\Seizure_monitoring\Seizure_monitoring_python\uploads
2026-03-08 17:19:33,409 - app - INFO - 服务启动在 http://127.0.0.1:5001
2026-03-08 17:19:33,409 - app - INFO - 上传目录: E:\Seizure_monitoring\Seizure_monitoring_python\uploads
2026-03-08 17:19:35,170 - app - INFO - 上传目录已存在: E:\Seizure_monitoring\seizure_monitoring_python\uploads
2026-03-08 17:19:35,180 - app - INFO - 服务启动在 http://127.0.0.1:5001
2026-03-08 17:19:35,180 - app - INFO - 上传目录: E:\Seizure_monitoring\seizure_monitoring_python\uploads
2026-03-08 17:19:57,076 - app - INFO - 上传目录已存在: E:\Seizure_monitoring\Seizure_monitoring_python\uploads
2026-03-08 17:19:57,085 - app - INFO - 服务启动在 http://127.0.0.1:5001
2026-03-08 17:19:57,086 - app - INFO - 上传目录: E:\Seizure_monitoring\Seizure_monitoring_python\uploads
2026-03-08 17:20:05,477 - app - INFO - 上传目录已存在: E:\Seizure_monitoring\Seizure_monitoring_python\uploads
2026-03-08 17:20:05,482 - app - INFO - 服务启动在 http://127.0.0.1:5001
2026-03-08 17:20:05,482 - app - INFO - 上传目录: E:\Seizure_monitoring\Seizure_monitoring_python\uploads
2026-03-08 17:20:24,678 - app - INFO - 登录请求: username=admin
2026-03-08 17:20:24,684 - app - INFO - 登录成功: username=admin, token=3afae759-9d4c-4454-98e3-9d7db4c345c5
2026-03-08 17:20:27,898 - app - INFO - 获取用户信息请求: token=3afae759-9d4c-4454-98e3-9d7db4c345c5
2026-03-08 17:20:27,898 - app - INFO - 获取待办事项列表请求
2026-03-08 17:20:27,899 - app - INFO - 获取通知列表请求
2026-03-08 17:20:27,901 - app - INFO - 获取用户信息成功: username=admin
2026-03-08 17:20:27,907 - app - INFO - 返回通知列表: 共0条
2026-03-08 17:20:27,907 - app - INFO - 获取用户信息请求: token=3afae759-9d4c-4454-98e3-9d7db4c345c5
2026-03-08 17:20:27,909 - app - INFO - 返回待办事项列表: 共0条，当前页1，每页5条
2026-03-08 17:20:27,913 - app - INFO - 获取用户信息成功: username=admin
2026-03-08 17:20:29,987 - app - INFO - 获取所有病人列表请求
2026-03-08 17:20:29,991 - app - INFO - 返回所有患者列表: 共2条
2026-03-08 17:20:30,261 - app - INFO - 获取用户信息请求: token=3afae759-9d4c-4454-98e3-9d7db4c345c5
2026-03-08 17:20:30,266 - app - INFO - 获取用户信息成功: username=admin
2026-03-08 17:20:35,826 - app - INFO - 上传EEG文件请求
2026-03-08 17:20:36,207 - app - INFO - 上传EEG文件成功: chb01_03.edf
2026-03-08 17:20:37,515 - app - INFO - 获得Eeg可视化特征分析请求
2026-03-08 17:20:37,516 - app - INFO - 开始分析文件: E:\Seizure_monitoring\Seizure_monitoring_python\uploads\chb01_03.edf
2026-03-08 17:20:37,516 - app - INFO - 开始过零点特征分析
2026-03-08 17:20:38,559 - app - INFO - 过零点特征分析完成，生成 6 张图片
2026-03-08 17:20:38,560 - app - INFO - 开始STFT分析
2026-03-08 17:20:45,001 - app - INFO - STFT分析完成，生成 6 张图片
2026-03-08 17:20:45,002 - app - INFO - 开始DWT分析
2026-03-08 17:20:51,739 - app - INFO - DWT分析完成，生成 6 张图片
2026-03-08 17:20:51,740 - app - INFO - 返回Eeg可视化特征分析结果
2026-03-08 17:21:11,338 - app - INFO - 获取所有病人列表请求
2026-03-08 17:21:11,338 - app - INFO - 获取用户信息请求: token=3afae759-9d4c-4454-98e3-9d7db4c345c5
2026-03-08 17:21:11,339 - app - INFO - 分页查询EEG分析记录请求
2026-03-08 17:21:11,342 - app - INFO - 获取用户信息成功: username=admin
2026-03-08 17:21:11,343 - app - INFO - 返回所有患者列表: 共2条
2026-03-08 17:21:11,354 - app - INFO - 返回EEG分析记录列表: 共11条，当前页1，每页10条
2026-03-08 17:26:22,986 - app - INFO - 上传目录已存在: E:\Seizure_monitoring\Seizure_monitoring_python\uploads
2026-03-08 17:26:22,991 - app - INFO - 服务启动在 http://127.0.0.1:5001
2026-03-08 17:26:22,991 - app - INFO - 上传目录: E:\Seizure_monitoring\Seizure_monitoring_python\uploads
2026-03-08 17:26:24,125 - app - INFO - 上传目录已存在: E:\Seizure_monitoring\Seizure_monitoring_python\uploads
2026-03-08 17:26:24,125 - app - INFO - 上传目录已存在: E:\Seizure_monitoring\seizure_monitoring_python\uploads
2026-03-08 17:26:24,127 - app - INFO - 上传目录已存在: E:\Seizure_monitoring\Seizure_monitoring_python\uploads
2026-03-08 17:26:24,130 - app - INFO - 服务启动在 http://127.0.0.1:5001
2026-03-08 17:26:24,131 - app - INFO - 上传目录: E:\Seizure_monitoring\Seizure_monitoring_python\uploads
2026-03-08 17:26:24,132 - app - INFO - 服务启动在 http://127.0.0.1:5001
2026-03-08 17:26:24,132 - app - INFO - 服务启动在 http://127.0.0.1:5001
2026-03-08 17:26:24,132 - app - INFO - 上传目录: E:\Seizure_monitoring\seizure_monitoring_python\uploads
2026-03-08 17:26:24,132 - app - INFO - 上传目录: E:\Seizure_monitoring\Seizure_monitoring_python\uploads
2026-03-08 17:26:41,288 - app - INFO - 上传目录已存在: E:\Seizure_monitoring\seizure_monitoring_python\uploads
2026-03-08 17:26:41,294 - app - INFO - 服务启动在 http://127.0.0.1:5001
2026-03-08 17:26:41,295 - app - INFO - 上传目录: E:\Seizure_monitoring\seizure_monitoring_python\uploads
2026-03-08 17:26:41,959 - app - INFO - 上传目录已存在: E:\Seizure_monitoring\Seizure_monitoring_python\uploads
2026-03-08 17:26:41,964 - app - INFO - 服务启动在 http://127.0.0.1:5001
2026-03-08 17:26:41,965 - app - INFO - 上传目录: E:\Seizure_monitoring\Seizure_monitoring_python\uploads
2026-03-08 17:26:42,691 - app - INFO - 上传目录已存在: E:\Seizure_monitoring\Seizure_monitoring_python\uploads
2026-03-08 17:26:42,698 - app - INFO - 服务启动在 http://127.0.0.1:5001
2026-03-08 17:26:42,698 - app - INFO - 上传目录: E:\Seizure_monitoring\Seizure_monitoring_python\uploads
2026-03-08 17:27:40,149 - app - INFO - 上传目录已存在: E:\Seizure_monitoring\Seizure_monitoring_python\uploads
2026-03-08 17:27:40,157 - app - INFO - 服务启动在 http://127.0.0.1:5001
2026-03-08 17:27:40,158 - app - INFO - 上传目录: E:\Seizure_monitoring\Seizure_monitoring_python\uploads
2026-03-08 17:27:40,880 - app - INFO - 上传目录已存在: E:\Seizure_monitoring\Seizure_monitoring_python\uploads
2026-03-08 17:27:40,890 - app - INFO - 服务启动在 http://127.0.0.1:5001
2026-03-08 17:27:40,890 - app - INFO - 上传目录: E:\Seizure_monitoring\Seizure_monitoring_python\uploads
2026-03-08 17:27:41,039 - app - INFO - 上传目录已存在: E:\Seizure_monitoring\seizure_monitoring_python\uploads
2026-03-08 17:27:41,047 - app - INFO - 服务启动在 http://127.0.0.1:5001
2026-03-08 17:27:41,047 - app - INFO - 上传目录: E:\Seizure_monitoring\seizure_monitoring_python\uploads
2026-03-08 17:29:38,549 - app - ERROR - 获取生命体征数据失败: QueuePool limit of size 5 overflow 10 reached, connection timed out, timeout 30.00 (Background on this error at: https://sqlalche.me/e/20/3o7r)
Traceback (most recent call last):
  File "E:\Seizure_monitoring\seizure_monitoring_python\app.py", line 2352, in get_ward_vitals
    ward = db.query(Ward).filter(Ward.id == ward_id).first()
  File "C:\Users\xihonglei\AppData\Local\Packages\PythonSoftwareFoundation.Python.3.13_qbz5n2kfra8p0\LocalCache\local-packages\Python313\site-packages\sqlalchemy\orm\query.py", line 2759, in first
    return self.limit(1)._iter().first()  # type: ignore
           ~~~~~~~~~~~~~~~~~~~^^
  File "C:\Users\xihonglei\AppData\Local\Packages\PythonSoftwareFoundation.Python.3.13_qbz5n2kfra8p0\LocalCache\local-packages\Python313\site-packages\sqlalchemy\orm\query.py", line 2857, in _iter
    result: Union[ScalarResult[_T], Result[_T]] = self.session.execute(
                                                  ~~~~~~~~~~~~~~~~~~~~^
        statement,
        ^^^^^^^^^^
        params,
        ^^^^^^^
        execution_options={"_sa_orm_load_options": self.load_options},
        ^^^^^^^^^^^^^^^^^^^^^^^^^^^^^^^^^^^^^^^^^^^^^^^^^^^^^^^^^^^^^^
    )
    ^
  File "C:\Users\xihonglei\AppData\Local\Packages\PythonSoftwareFoundation.Python.3.13_qbz5n2kfra8p0\LocalCache\local-packages\Python313\site-packages\sqlalchemy\orm\session.py", line 2351, in execute
    return self._execute_internal(
           ~~~~~~~~~~~~~~~~~~~~~~^
        statement,
        ^^^^^^^^^^
    ...<4 lines>...
        _add_event=_add_event,
        ^^^^^^^^^^^^^^^^^^^^^^
    )
    ^
  File "C:\Users\xihonglei\AppData\Local\Packages\PythonSoftwareFoundation.Python.3.13_qbz5n2kfra8p0\LocalCache\local-packages\Python313\site-packages\sqlalchemy\orm\session.py", line 2239, in _execute_internal
    conn = self._connection_for_bind(bind)
  File "C:\Users\xihonglei\AppData\Local\Packages\PythonSoftwareFoundation.Python.3.13_qbz5n2kfra8p0\LocalCache\local-packages\Python313\site-packages\sqlalchemy\orm\session.py", line 2108, in _connection_for_bind
    return trans._connection_for_bind(engine, execution_options)
           ~~~~~~~~~~~~~~~~~~~~~~~~~~^^^^^^^^^^^^^^^^^^^^^^^^^^^
  File "<string>", line 2, in _connection_for_bind
  File "C:\Users\xihonglei\AppData\Local\Packages\PythonSoftwareFoundation.Python.3.13_qbz5n2kfra8p0\LocalCache\local-packages\Python313\site-packages\sqlalchemy\orm\state_changes.py", line 137, in _go
    ret_value = fn(self, *arg, **kw)
  File "C:\Users\xihonglei\AppData\Local\Packages\PythonSoftwareFoundation.Python.3.13_qbz5n2kfra8p0\LocalCache\local-packages\Python313\site-packages\sqlalchemy\orm\session.py", line 1187, in _connection_for_bind
    conn = bind.connect()
  File "C:\Users\xihonglei\AppData\Local\Packages\PythonSoftwareFoundation.Python.3.13_qbz5n2kfra8p0\LocalCache\local-packages\Python313\site-packages\sqlalchemy\engine\base.py", line 3293, in connect
    return self._connection_cls(self)
           ~~~~~~~~~~~~~~~~~~~~^^^^^^
  File "C:\Users\xihonglei\AppData\Local\Packages\PythonSoftwareFoundation.Python.3.13_qbz5n2kfra8p0\LocalCache\local-packages\Python313\site-packages\sqlalchemy\engine\base.py", line 143, in __init__
    self._dbapi_connection = engine.raw_connection()
                             ~~~~~~~~~~~~~~~~~~~~~^^
  File "C:\Users\xihonglei\AppData\Local\Packages\PythonSoftwareFoundation.Python.3.13_qbz5n2kfra8p0\LocalCache\local-packages\Python313\site-packages\sqlalchemy\engine\base.py", line 3317, in raw_connection
    return self.pool.connect()
           ~~~~~~~~~~~~~~~~~^^
  File "C:\Users\xihonglei\AppData\Local\Packages\PythonSoftwareFoundation.Python.3.13_qbz5n2kfra8p0\LocalCache\local-packages\Python313\site-packages\sqlalchemy\pool\base.py", line 448, in connect
    return _ConnectionFairy._checkout(self)
           ~~~~~~~~~~~~~~~~~~~~~~~~~~^^^^^^
  File "C:\Users\xihonglei\AppData\Local\Packages\PythonSoftwareFoundation.Python.3.13_qbz5n2kfra8p0\LocalCache\local-packages\Python313\site-packages\sqlalchemy\pool\base.py", line 1272, in _checkout
    fairy = _ConnectionRecord.checkout(pool)
  File "C:\Users\xihonglei\AppData\Local\Packages\PythonSoftwareFoundation.Python.3.13_qbz5n2kfra8p0\LocalCache\local-packages\Python313\site-packages\sqlalchemy\pool\base.py", line 712, in checkout
    rec = pool._do_get()
  File "C:\Users\xihonglei\AppData\Local\Packages\PythonSoftwareFoundation.Python.3.13_qbz5n2kfra8p0\LocalCache\local-packages\Python313\site-packages\sqlalchemy\pool\impl.py", line 166, in _do_get
    raise exc.TimeoutError(
    ...<4 lines>...
    )
sqlalchemy.exc.TimeoutError: QueuePool limit of size 5 overflow 10 reached, connection timed out, timeout 30.00 (Background on this error at: https://sqlalche.me/e/20/3o7r)
2026-03-08 17:30:03,541 - app - ERROR - 获取病房列表失败: QueuePool limit of size 5 overflow 10 reached, connection timed out, timeout 30.00 (Background on this error at: https://sqlalche.me/e/20/3o7r)
Traceback (most recent call last):
  File "E:\Seizure_monitoring\seizure_monitoring_python\app.py", line 2147, in get_ward_list
    wards = db.query(Ward).all()
  File "C:\Users\xihonglei\AppData\Local\Packages\PythonSoftwareFoundation.Python.3.13_qbz5n2kfra8p0\LocalCache\local-packages\Python313\site-packages\sqlalchemy\orm\query.py", line 2704, in all
    return self._iter().all()  # type: ignore
           ~~~~~~~~~~^^
  File "C:\Users\xihonglei\AppData\Local\Packages\PythonSoftwareFoundation.Python.3.13_qbz5n2kfra8p0\LocalCache\local-packages\Python313\site-packages\sqlalchemy\orm\query.py", line 2857, in _iter
    result: Union[ScalarResult[_T], Result[_T]] = self.session.execute(
                                                  ~~~~~~~~~~~~~~~~~~~~^
        statement,
        ^^^^^^^^^^
        params,
        ^^^^^^^
        execution_options={"_sa_orm_load_options": self.load_options},
        ^^^^^^^^^^^^^^^^^^^^^^^^^^^^^^^^^^^^^^^^^^^^^^^^^^^^^^^^^^^^^^
    )
    ^
  File "C:\Users\xihonglei\AppData\Local\Packages\PythonSoftwareFoundation.Python.3.13_qbz5n2kfra8p0\LocalCache\local-packages\Python313\site-packages\sqlalchemy\orm\session.py", line 2351, in execute
    return self._execute_internal(
           ~~~~~~~~~~~~~~~~~~~~~~^
        statement,
        ^^^^^^^^^^
    ...<4 lines>...
        _add_event=_add_event,
        ^^^^^^^^^^^^^^^^^^^^^^
    )
    ^
  File "C:\Users\xihonglei\AppData\Local\Packages\PythonSoftwareFoundation.Python.3.13_qbz5n2kfra8p0\LocalCache\local-packages\Python313\site-packages\sqlalchemy\orm\session.py", line 2239, in _execute_internal
    conn = self._connection_for_bind(bind)
  File "C:\Users\xihonglei\AppData\Local\Packages\PythonSoftwareFoundation.Python.3.13_qbz5n2kfra8p0\LocalCache\local-packages\Python313\site-packages\sqlalchemy\orm\session.py", line 2108, in _connection_for_bind
    return trans._connection_for_bind(engine, execution_options)
           ~~~~~~~~~~~~~~~~~~~~~~~~~~^^^^^^^^^^^^^^^^^^^^^^^^^^^
  File "<string>", line 2, in _connection_for_bind
  File "C:\Users\xihonglei\AppData\Local\Packages\PythonSoftwareFoundation.Python.3.13_qbz5n2kfra8p0\LocalCache\local-packages\Python313\site-packages\sqlalchemy\orm\state_changes.py", line 137, in _go
    ret_value = fn(self, *arg, **kw)
  File "C:\Users\xihonglei\AppData\Local\Packages\PythonSoftwareFoundation.Python.3.13_qbz5n2kfra8p0\LocalCache\local-packages\Python313\site-packages\sqlalchemy\orm\session.py", line 1187, in _connection_for_bind
    conn = bind.connect()
  File "C:\Users\xihonglei\AppData\Local\Packages\PythonSoftwareFoundation.Python.3.13_qbz5n2kfra8p0\LocalCache\local-packages\Python313\site-packages\sqlalchemy\engine\base.py", line 3293, in connect
    return self._connection_cls(self)
           ~~~~~~~~~~~~~~~~~~~~^^^^^^
  File "C:\Users\xihonglei\AppData\Local\Packages\PythonSoftwareFoundation.Python.3.13_qbz5n2kfra8p0\LocalCache\local-packages\Python313\site-packages\sqlalchemy\engine\base.py", line 143, in __init__
    self._dbapi_connection = engine.raw_connection()
                             ~~~~~~~~~~~~~~~~~~~~~^^
  File "C:\Users\xihonglei\AppData\Local\Packages\PythonSoftwareFoundation.Python.3.13_qbz5n2kfra8p0\LocalCache\local-packages\Python313\site-packages\sqlalchemy\engine\base.py", line 3317, in raw_connection
    return self.pool.connect()
           ~~~~~~~~~~~~~~~~~^^
  File "C:\Users\xihonglei\AppData\Local\Packages\PythonSoftwareFoundation.Python.3.13_qbz5n2kfra8p0\LocalCache\local-packages\Python313\site-packages\sqlalchemy\pool\base.py", line 448, in connect
    return _ConnectionFairy._checkout(self)
           ~~~~~~~~~~~~~~~~~~~~~~~~~~^^^^^^
  File "C:\Users\xihonglei\AppData\Local\Packages\PythonSoftwareFoundation.Python.3.13_qbz5n2kfra8p0\LocalCache\local-packages\Python313\site-packages\sqlalchemy\pool\base.py", line 1272, in _checkout
    fairy = _ConnectionRecord.checkout(pool)
  File "C:\Users\xihonglei\AppData\Local\Packages\PythonSoftwareFoundation.Python.3.13_qbz5n2kfra8p0\LocalCache\local-packages\Python313\site-packages\sqlalchemy\pool\base.py", line 712, in checkout
    rec = pool._do_get()
  File "C:\Users\xihonglei\AppData\Local\Packages\PythonSoftwareFoundation.Python.3.13_qbz5n2kfra8p0\LocalCache\local-packages\Python313\site-packages\sqlalchemy\pool\impl.py", line 166, in _do_get
    raise exc.TimeoutError(
    ...<4 lines>...
    )
sqlalchemy.exc.TimeoutError: QueuePool limit of size 5 overflow 10 reached, connection timed out, timeout 30.00 (Background on this error at: https://sqlalche.me/e/20/3o7r)
2026-03-08 17:30:43,730 - app - INFO - 上传目录已存在: E:\Seizure_monitoring\Seizure_monitoring_python\uploads
2026-03-08 17:30:43,738 - app - INFO - 服务启动在 http://127.0.0.1:5001
2026-03-08 17:30:43,738 - app - INFO - 上传目录: E:\Seizure_monitoring\Seizure_monitoring_python\uploads
2026-03-08 17:30:50,969 - app - INFO - 上传目录已存在: E:\Seizure_monitoring\Seizure_monitoring_python\uploads
2026-03-08 17:30:50,975 - app - INFO - 服务启动在 http://127.0.0.1:5001
2026-03-08 17:30:50,975 - app - INFO - 上传目录: E:\Seizure_monitoring\Seizure_monitoring_python\uploads
2026-03-08 17:31:01,243 - app - ERROR - 创建病房失败: name 'datetime' is not defined
Traceback (most recent call last):
  File "E:\Seizure_monitoring\Seizure_monitoring_python\app.py", line 2219, in create_ward
    createTime=datetime.now(),
               ^^^^^^^^
NameError: name 'datetime' is not defined. Did you forget to import 'datetime'?
2026-03-08 17:31:21,588 - app - INFO - 上传目录已存在: E:\Seizure_monitoring\Seizure_monitoring_python\uploads
2026-03-08 17:31:21,596 - app - INFO - 服务启动在 http://127.0.0.1:5001
2026-03-08 17:31:21,596 - app - INFO - 上传目录: E:\Seizure_monitoring\Seizure_monitoring_python\uploads
2026-03-08 17:31:23,500 - app - INFO - 上传目录已存在: E:\Seizure_monitoring\Seizure_monitoring_python\uploads
2026-03-08 17:31:23,507 - app - INFO - 服务启动在 http://127.0.0.1:5001
2026-03-08 17:31:23,507 - app - INFO - 上传目录: E:\Seizure_monitoring\Seizure_monitoring_python\uploads
2026-03-08 17:31:24,927 - app - INFO - 上传目录已存在: E:\Seizure_monitoring\Seizure_monitoring_python\uploads
2026-03-08 17:31:24,933 - app - INFO - 服务启动在 http://127.0.0.1:5001
2026-03-08 17:31:24,933 - app - INFO - 上传目录: E:\Seizure_monitoring\Seizure_monitoring_python\uploads
2026-03-08 17:31:35,401 - app - INFO - 上传目录已存在: E:\Seizure_monitoring\seizure_monitoring_python\uploads
2026-03-08 17:31:35,408 - app - INFO - 服务启动在 http://127.0.0.1:5001
2026-03-08 17:31:35,408 - app - INFO - 上传目录: E:\Seizure_monitoring\seizure_monitoring_python\uploads
2026-03-08 17:31:42,211 - app - INFO - 上传目录已存在: E:\Seizure_monitoring\seizure_monitoring_python\uploads
2026-03-08 17:31:42,218 - app - INFO - 服务启动在 http://127.0.0.1:5001
2026-03-08 17:31:42,218 - app - INFO - 上传目录: E:\Seizure_monitoring\seizure_monitoring_python\uploads
2026-03-08 17:34:30,436 - app - INFO - 上传目录已存在: E:\Seizure_monitoring\Seizure_monitoring_python\uploads
2026-03-08 17:34:30,443 - app - INFO - 服务启动在 http://127.0.0.1:5001
2026-03-08 17:34:30,443 - app - INFO - 上传目录: E:\Seizure_monitoring\Seizure_monitoring_python\uploads
2026-03-08 17:34:37,825 - app - INFO - 上传目录已存在: E:\Seizure_monitoring\Seizure_monitoring_python\uploads
2026-03-08 17:34:37,833 - app - INFO - 服务启动在 http://127.0.0.1:5001
2026-03-08 17:34:37,833 - app - INFO - 上传目录: E:\Seizure_monitoring\Seizure_monitoring_python\uploads
2026-03-08 17:35:11,236 - app - INFO - 获取用户信息请求: token=3afae759-9d4c-4454-98e3-9d7db4c345c5
2026-03-08 17:35:11,237 - app - ERROR - 无效的token
2026-03-08 17:35:12,604 - app - INFO - 登录请求: username=admin
2026-03-08 17:35:12,619 - app - INFO - 登录成功: username=admin, token=ae1e289f-a220-49c9-862a-01eaed44aacb
2026-03-08 17:35:15,795 - app - INFO - 获取用户信息请求: token=ae1e289f-a220-49c9-862a-01eaed44aacb
2026-03-08 17:35:15,796 - app - INFO - 获取用户信息成功: username=admin
2026-03-08 17:35:15,988 - app - INFO - 获取待办事项列表请求
2026-03-08 17:35:15,997 - app - INFO - 返回待办事项列表: 共0条，当前页1，每页5条
2026-03-08 17:35:16,097 - app - INFO - 获取通知列表请求
2026-03-08 17:35:16,098 - app - INFO - 获取用户信息请求: token=ae1e289f-a220-49c9-862a-01eaed44aacb
2026-03-08 17:35:16,099 - app - INFO - 返回通知列表: 共0条
2026-03-08 17:35:16,100 - app - INFO - 获取用户信息成功: username=admin
2026-03-08 17:35:53,564 - app - INFO - 分页查询病人请求
2026-03-08 17:35:53,794 - app - INFO - 分页查询病人请求
2026-03-08 17:35:53,802 - app - INFO - 返回患者列表: 共2条，当前页1，每页10条
2026-03-08 17:35:53,809 - app - INFO - 返回患者列表: 共2条，当前页1，每页1000条
2026-03-08 17:35:55,647 - app - INFO - 获取用户信息请求: token=ae1e289f-a220-49c9-862a-01eaed44aacb
2026-03-08 17:35:55,950 - app - INFO - 获取待办事项列表请求
2026-03-08 17:35:55,951 - app - INFO - 获取通知列表请求
2026-03-08 17:36:00,043 - app - INFO - 获取用户信息请求: token=ae1e289f-a220-49c9-862a-01eaed44aacb
2026-03-08 17:36:00,155 - app - INFO - 获取待办事项列表请求
2026-03-08 17:36:00,162 - app - INFO - 获取用户信息成功: username=admin
2026-03-08 17:36:00,163 - app - INFO - 返回通知列表: 共0条
2026-03-08 17:36:00,164 - app - INFO - 获取用户信息成功: username=admin
2026-03-08 17:36:00,165 - app - INFO - 返回待办事项列表: 共0条，当前页1，每页5条
2026-03-08 17:36:00,166 - app - INFO - 获取通知列表请求
2026-03-08 17:36:00,166 - app - INFO - 返回待办事项列表: 共0条，当前页1，每页5条
2026-03-08 17:36:00,169 - app - INFO - 返回通知列表: 共0条
2026-03-08 17:36:00,174 - app - INFO - 获取用户信息请求: token=ae1e289f-a220-49c9-862a-01eaed44aacb
2026-03-08 17:36:00,175 - app - INFO - 获取用户信息成功: username=admin
2026-03-08 17:37:38,318 - app - INFO - 上传目录已存在: E:\Seizure_monitoring\Seizure_monitoring_python\uploads
2026-03-08 17:37:38,325 - app - INFO - 服务启动在 http://127.0.0.1:5001
2026-03-08 17:37:38,325 - app - INFO - 上传目录: E:\Seizure_monitoring\Seizure_monitoring_python\uploads
2026-03-08 17:37:40,658 - app - INFO - 上传目录已存在: E:\Seizure_monitoring\Seizure_monitoring_python\uploads
2026-03-08 17:37:40,665 - app - INFO - 服务启动在 http://127.0.0.1:5001
2026-03-08 17:37:40,665 - app - INFO - 上传目录: E:\Seizure_monitoring\Seizure_monitoring_python\uploads
2026-03-08 17:37:41,384 - app - INFO - 上传目录已存在: E:\Seizure_monitoring\Seizure_monitoring_python\uploads
2026-03-08 17:37:41,392 - app - INFO - 服务启动在 http://127.0.0.1:5001
2026-03-08 17:37:41,392 - app - INFO - 上传目录: E:\Seizure_monitoring\Seizure_monitoring_python\uploads
2026-03-08 17:37:42,009 - app - INFO - 上传目录已存在: E:\Seizure_monitoring\seizure_monitoring_python\uploads
2026-03-08 17:37:42,017 - app - INFO - 服务启动在 http://127.0.0.1:5001
2026-03-08 17:37:42,017 - app - INFO - 上传目录: E:\Seizure_monitoring\seizure_monitoring_python\uploads
2026-03-08 17:38:05,088 - app - INFO - 上传目录已存在: E:\Seizure_monitoring\Seizure_monitoring_python\uploads
2026-03-08 17:38:05,095 - app - INFO - 服务启动在 http://127.0.0.1:5001
2026-03-08 17:38:05,095 - app - INFO - 上传目录: E:\Seizure_monitoring\Seizure_monitoring_python\uploads
2026-03-08 17:38:13,463 - app - INFO - 上传目录已存在: E:\Seizure_monitoring\Seizure_monitoring_python\uploads
2026-03-08 17:38:13,470 - app - INFO - 服务启动在 http://127.0.0.1:5001
2026-03-08 17:38:13,470 - app - INFO - 上传目录: E:\Seizure_monitoring\Seizure_monitoring_python\uploads
2026-03-08 17:39:38,265 - app - INFO - 获取用户信息请求: token=ae1e289f-a220-49c9-862a-01eaed44aacb
2026-03-08 17:39:38,265 - app - INFO - 获取待办事项列表请求
2026-03-08 17:39:38,266 - app - INFO - 获取通知列表请求
2026-03-08 17:39:38,267 - app - ERROR - 无效的token
2026-03-08 17:39:38,270 - app - INFO - 返回通知列表: 共0条
2026-03-08 17:39:38,275 - app - INFO - 获取用户信息请求: token=ae1e289f-a220-49c9-862a-01eaed44aacb
2026-03-08 17:39:38,276 - app - INFO - 返回待办事项列表: 共0条，当前页1，每页5条
2026-03-08 17:39:38,276 - app - ERROR - 无效的token
2026-03-08 17:39:39,741 - app - INFO - 登录请求: username=admin
2026-03-08 17:39:39,756 - app - INFO - 登录成功: username=admin, token=f3702ce0-ba83-4c49-84f5-6928dae512dd
2026-03-08 17:39:42,800 - app - INFO - 获取用户信息请求: token=f3702ce0-ba83-4c49-84f5-6928dae512dd
2026-03-08 17:39:42,814 - app - INFO - 获取用户信息成功: username=admin
2026-03-08 17:39:43,103 - app - INFO - 获取待办事项列表请求
2026-03-08 17:39:43,120 - app - INFO - 获取用户信息请求: token=f3702ce0-ba83-4c49-84f5-6928dae512dd
2026-03-08 17:39:43,121 - app - INFO - 获取通知列表请求
2026-03-08 17:39:43,122 - app - INFO - 返回通知列表: 共0条
2026-03-08 17:39:43,122 - app - INFO - 获取用户信息成功: username=admin
2026-03-08 17:39:43,123 - app - INFO - 返回待办事项列表: 共0条，当前页1，每页5条
2026-03-08 17:41:14,546 - app - ERROR - 获取生命体征数据失败: QueuePool limit of size 5 overflow 10 reached, connection timed out, timeout 30.00 (Background on this error at: https://sqlalche.me/e/20/3o7r)
Traceback (most recent call last):
  File "E:\Seizure_monitoring\seizure_monitoring_python\app.py", line 2391, in get_ward_vitals
    ward = db.query(Ward).filter(Ward.id == ward_id).first()
  File "C:\Users\xihonglei\AppData\Local\Packages\PythonSoftwareFoundation.Python.3.13_qbz5n2kfra8p0\LocalCache\local-packages\Python313\site-packages\sqlalchemy\orm\query.py", line 2759, in first
    return self.limit(1)._iter().first()  # type: ignore
           ~~~~~~~~~~~~~~~~~~~^^
  File "C:\Users\xihonglei\AppData\Local\Packages\PythonSoftwareFoundation.Python.3.13_qbz5n2kfra8p0\LocalCache\local-packages\Python313\site-packages\sqlalchemy\orm\query.py", line 2857, in _iter
    result: Union[ScalarResult[_T], Result[_T]] = self.session.execute(
                                                  ~~~~~~~~~~~~~~~~~~~~^
        statement,
        ^^^^^^^^^^
        params,
        ^^^^^^^
        execution_options={"_sa_orm_load_options": self.load_options},
        ^^^^^^^^^^^^^^^^^^^^^^^^^^^^^^^^^^^^^^^^^^^^^^^^^^^^^^^^^^^^^^
    )
    ^
  File "C:\Users\xihonglei\AppData\Local\Packages\PythonSoftwareFoundation.Python.3.13_qbz5n2kfra8p0\LocalCache\local-packages\Python313\site-packages\sqlalchemy\orm\session.py", line 2351, in execute
    return self._execute_internal(
           ~~~~~~~~~~~~~~~~~~~~~~^
        statement,
        ^^^^^^^^^^
    ...<4 lines>...
        _add_event=_add_event,
        ^^^^^^^^^^^^^^^^^^^^^^
    )
    ^
  File "C:\Users\xihonglei\AppData\Local\Packages\PythonSoftwareFoundation.Python.3.13_qbz5n2kfra8p0\LocalCache\local-packages\Python313\site-packages\sqlalchemy\orm\session.py", line 2239, in _execute_internal
    conn = self._connection_for_bind(bind)
  File "C:\Users\xihonglei\AppData\Local\Packages\PythonSoftwareFoundation.Python.3.13_qbz5n2kfra8p0\LocalCache\local-packages\Python313\site-packages\sqlalchemy\orm\session.py", line 2108, in _connection_for_bind
    return trans._connection_for_bind(engine, execution_options)
           ~~~~~~~~~~~~~~~~~~~~~~~~~~^^^^^^^^^^^^^^^^^^^^^^^^^^^
  File "<string>", line 2, in _connection_for_bind
  File "C:\Users\xihonglei\AppData\Local\Packages\PythonSoftwareFoundation.Python.3.13_qbz5n2kfra8p0\LocalCache\local-packages\Python313\site-packages\sqlalchemy\orm\state_changes.py", line 137, in _go
    ret_value = fn(self, *arg, **kw)
  File "C:\Users\xihonglei\AppData\Local\Packages\PythonSoftwareFoundation.Python.3.13_qbz5n2kfra8p0\LocalCache\local-packages\Python313\site-packages\sqlalchemy\orm\session.py", line 1187, in _connection_for_bind
    conn = bind.connect()
  File "C:\Users\xihonglei\AppData\Local\Packages\PythonSoftwareFoundation.Python.3.13_qbz5n2kfra8p0\LocalCache\local-packages\Python313\site-packages\sqlalchemy\engine\base.py", line 3293, in connect
    return self._connection_cls(self)
           ~~~~~~~~~~~~~~~~~~~~^^^^^^
  File "C:\Users\xihonglei\AppData\Local\Packages\PythonSoftwareFoundation.Python.3.13_qbz5n2kfra8p0\LocalCache\local-packages\Python313\site-packages\sqlalchemy\engine\base.py", line 143, in __init__
    self._dbapi_connection = engine.raw_connection()
                             ~~~~~~~~~~~~~~~~~~~~~^^
  File "C:\Users\xihonglei\AppData\Local\Packages\PythonSoftwareFoundation.Python.3.13_qbz5n2kfra8p0\LocalCache\local-packages\Python313\site-packages\sqlalchemy\engine\base.py", line 3317, in raw_connection
    return self.pool.connect()
           ~~~~~~~~~~~~~~~~~^^
  File "C:\Users\xihonglei\AppData\Local\Packages\PythonSoftwareFoundation.Python.3.13_qbz5n2kfra8p0\LocalCache\local-packages\Python313\site-packages\sqlalchemy\pool\base.py", line 448, in connect
    return _ConnectionFairy._checkout(self)
           ~~~~~~~~~~~~~~~~~~~~~~~~~~^^^^^^
  File "C:\Users\xihonglei\AppData\Local\Packages\PythonSoftwareFoundation.Python.3.13_qbz5n2kfra8p0\LocalCache\local-packages\Python313\site-packages\sqlalchemy\pool\base.py", line 1272, in _checkout
    fairy = _ConnectionRecord.checkout(pool)
  File "C:\Users\xihonglei\AppData\Local\Packages\PythonSoftwareFoundation.Python.3.13_qbz5n2kfra8p0\LocalCache\local-packages\Python313\site-packages\sqlalchemy\pool\base.py", line 712, in checkout
    rec = pool._do_get()
  File "C:\Users\xihonglei\AppData\Local\Packages\PythonSoftwareFoundation.Python.3.13_qbz5n2kfra8p0\LocalCache\local-packages\Python313\site-packages\sqlalchemy\pool\impl.py", line 166, in _do_get
    raise exc.TimeoutError(
    ...<4 lines>...
    )
sqlalchemy.exc.TimeoutError: QueuePool limit of size 5 overflow 10 reached, connection timed out, timeout 30.00 (Background on this error at: https://sqlalche.me/e/20/3o7r)
2026-03-08 17:41:37,246 - app - ERROR - 获取生命体征数据失败: QueuePool limit of size 5 overflow 10 reached, connection timed out, timeout 30.00 (Background on this error at: https://sqlalche.me/e/20/3o7r)
Traceback (most recent call last):
  File "E:\Seizure_monitoring\seizure_monitoring_python\app.py", line 2391, in get_ward_vitals
    ward = db.query(Ward).filter(Ward.id == ward_id).first()
  File "C:\Users\xihonglei\AppData\Local\Packages\PythonSoftwareFoundation.Python.3.13_qbz5n2kfra8p0\LocalCache\local-packages\Python313\site-packages\sqlalchemy\orm\query.py", line 2759, in first
    return self.limit(1)._iter().first()  # type: ignore
           ~~~~~~~~~~~~~~~~~~~^^
  File "C:\Users\xihonglei\AppData\Local\Packages\PythonSoftwareFoundation.Python.3.13_qbz5n2kfra8p0\LocalCache\local-packages\Python313\site-packages\sqlalchemy\orm\query.py", line 2857, in _iter
    result: Union[ScalarResult[_T], Result[_T]] = self.session.execute(
                                                  ~~~~~~~~~~~~~~~~~~~~^
        statement,
        ^^^^^^^^^^
        params,
        ^^^^^^^
        execution_options={"_sa_orm_load_options": self.load_options},
        ^^^^^^^^^^^^^^^^^^^^^^^^^^^^^^^^^^^^^^^^^^^^^^^^^^^^^^^^^^^^^^
    )
    ^
  File "C:\Users\xihonglei\AppData\Local\Packages\PythonSoftwareFoundation.Python.3.13_qbz5n2kfra8p0\LocalCache\local-packages\Python313\site-packages\sqlalchemy\orm\session.py", line 2351, in execute
    return self._execute_internal(
           ~~~~~~~~~~~~~~~~~~~~~~^
        statement,
        ^^^^^^^^^^
    ...<4 lines>...
        _add_event=_add_event,
        ^^^^^^^^^^^^^^^^^^^^^^
    )
    ^
  File "C:\Users\xihonglei\AppData\Local\Packages\PythonSoftwareFoundation.Python.3.13_qbz5n2kfra8p0\LocalCache\local-packages\Python313\site-packages\sqlalchemy\orm\session.py", line 2239, in _execute_internal
    conn = self._connection_for_bind(bind)
  File "C:\Users\xihonglei\AppData\Local\Packages\PythonSoftwareFoundation.Python.3.13_qbz5n2kfra8p0\LocalCache\local-packages\Python313\site-packages\sqlalchemy\orm\session.py", line 2108, in _connection_for_bind
    return trans._connection_for_bind(engine, execution_options)
           ~~~~~~~~~~~~~~~~~~~~~~~~~~^^^^^^^^^^^^^^^^^^^^^^^^^^^
  File "<string>", line 2, in _connection_for_bind
  File "C:\Users\xihonglei\AppData\Local\Packages\PythonSoftwareFoundation.Python.3.13_qbz5n2kfra8p0\LocalCache\local-packages\Python313\site-packages\sqlalchemy\orm\state_changes.py", line 137, in _go
    ret_value = fn(self, *arg, **kw)
  File "C:\Users\xihonglei\AppData\Local\Packages\PythonSoftwareFoundation.Python.3.13_qbz5n2kfra8p0\LocalCache\local-packages\Python313\site-packages\sqlalchemy\orm\session.py", line 1187, in _connection_for_bind
    conn = bind.connect()
  File "C:\Users\xihonglei\AppData\Local\Packages\PythonSoftwareFoundation.Python.3.13_qbz5n2kfra8p0\LocalCache\local-packages\Python313\site-packages\sqlalchemy\engine\base.py", line 3293, in connect
    return self._connection_cls(self)
           ~~~~~~~~~~~~~~~~~~~~^^^^^^
  File "C:\Users\xihonglei\AppData\Local\Packages\PythonSoftwareFoundation.Python.3.13_qbz5n2kfra8p0\LocalCache\local-packages\Python313\site-packages\sqlalchemy\engine\base.py", line 143, in __init__
    self._dbapi_connection = engine.raw_connection()
                             ~~~~~~~~~~~~~~~~~~~~~^^
  File "C:\Users\xihonglei\AppData\Local\Packages\PythonSoftwareFoundation.Python.3.13_qbz5n2kfra8p0\LocalCache\local-packages\Python313\site-packages\sqlalchemy\engine\base.py", line 3317, in raw_connection
    return self.pool.connect()
           ~~~~~~~~~~~~~~~~~^^
  File "C:\Users\xihonglei\AppData\Local\Packages\PythonSoftwareFoundation.Python.3.13_qbz5n2kfra8p0\LocalCache\local-packages\Python313\site-packages\sqlalchemy\pool\base.py", line 448, in connect
    return _ConnectionFairy._checkout(self)
           ~~~~~~~~~~~~~~~~~~~~~~~~~~^^^^^^
  File "C:\Users\xihonglei\AppData\Local\Packages\PythonSoftwareFoundation.Python.3.13_qbz5n2kfra8p0\LocalCache\local-packages\Python313\site-packages\sqlalchemy\pool\base.py", line 1272, in _checkout
    fairy = _ConnectionRecord.checkout(pool)
  File "C:\Users\xihonglei\AppData\Local\Packages\PythonSoftwareFoundation.Python.3.13_qbz5n2kfra8p0\LocalCache\local-packages\Python313\site-packages\sqlalchemy\pool\base.py", line 712, in checkout
    rec = pool._do_get()
  File "C:\Users\xihonglei\AppData\Local\Packages\PythonSoftwareFoundation.Python.3.13_qbz5n2kfra8p0\LocalCache\local-packages\Python313\site-packages\sqlalchemy\pool\impl.py", line 166, in _do_get
    raise exc.TimeoutError(
    ...<4 lines>...
    )
sqlalchemy.exc.TimeoutError: QueuePool limit of size 5 overflow 10 reached, connection timed out, timeout 30.00 (Background on this error at: https://sqlalche.me/e/20/3o7r)
2026-03-08 17:41:44,870 - app - ERROR - 获取生命体征数据失败: QueuePool limit of size 5 overflow 10 reached, connection timed out, timeout 30.00 (Background on this error at: https://sqlalche.me/e/20/3o7r)
Traceback (most recent call last):
  File "E:\Seizure_monitoring\seizure_monitoring_python\app.py", line 2391, in get_ward_vitals
    ward = db.query(Ward).filter(Ward.id == ward_id).first()
  File "C:\Users\xihonglei\AppData\Local\Packages\PythonSoftwareFoundation.Python.3.13_qbz5n2kfra8p0\LocalCache\local-packages\Python313\site-packages\sqlalchemy\orm\query.py", line 2759, in first
    return self.limit(1)._iter().first()  # type: ignore
           ~~~~~~~~~~~~~~~~~~~^^
  File "C:\Users\xihonglei\AppData\Local\Packages\PythonSoftwareFoundation.Python.3.13_qbz5n2kfra8p0\LocalCache\local-packages\Python313\site-packages\sqlalchemy\orm\query.py", line 2857, in _iter
    result: Union[ScalarResult[_T], Result[_T]] = self.session.execute(
                                                  ~~~~~~~~~~~~~~~~~~~~^
        statement,
        ^^^^^^^^^^
        params,
        ^^^^^^^
        execution_options={"_sa_orm_load_options": self.load_options},
        ^^^^^^^^^^^^^^^^^^^^^^^^^^^^^^^^^^^^^^^^^^^^^^^^^^^^^^^^^^^^^^
    )
    ^
  File "C:\Users\xihonglei\AppData\Local\Packages\PythonSoftwareFoundation.Python.3.13_qbz5n2kfra8p0\LocalCache\local-packages\Python313\site-packages\sqlalchemy\orm\session.py", line 2351, in execute
    return self._execute_internal(
           ~~~~~~~~~~~~~~~~~~~~~~^
        statement,
        ^^^^^^^^^^
    ...<4 lines>...
        _add_event=_add_event,
        ^^^^^^^^^^^^^^^^^^^^^^
    )
    ^
  File "C:\Users\xihonglei\AppData\Local\Packages\PythonSoftwareFoundation.Python.3.13_qbz5n2kfra8p0\LocalCache\local-packages\Python313\site-packages\sqlalchemy\orm\session.py", line 2239, in _execute_internal
    conn = self._connection_for_bind(bind)
  File "C:\Users\xihonglei\AppData\Local\Packages\PythonSoftwareFoundation.Python.3.13_qbz5n2kfra8p0\LocalCache\local-packages\Python313\site-packages\sqlalchemy\orm\session.py", line 2108, in _connection_for_bind
    return trans._connection_for_bind(engine, execution_options)
           ~~~~~~~~~~~~~~~~~~~~~~~~~~^^^^^^^^^^^^^^^^^^^^^^^^^^^
  File "<string>", line 2, in _connection_for_bind
  File "C:\Users\xihonglei\AppData\Local\Packages\PythonSoftwareFoundation.Python.3.13_qbz5n2kfra8p0\LocalCache\local-packages\Python313\site-packages\sqlalchemy\orm\state_changes.py", line 137, in _go
    ret_value = fn(self, *arg, **kw)
  File "C:\Users\xihonglei\AppData\Local\Packages\PythonSoftwareFoundation.Python.3.13_qbz5n2kfra8p0\LocalCache\local-packages\Python313\site-packages\sqlalchemy\orm\session.py", line 1187, in _connection_for_bind
    conn = bind.connect()
  File "C:\Users\xihonglei\AppData\Local\Packages\PythonSoftwareFoundation.Python.3.13_qbz5n2kfra8p0\LocalCache\local-packages\Python313\site-packages\sqlalchemy\engine\base.py", line 3293, in connect
    return self._connection_cls(self)
           ~~~~~~~~~~~~~~~~~~~~^^^^^^
  File "C:\Users\xihonglei\AppData\Local\Packages\PythonSoftwareFoundation.Python.3.13_qbz5n2kfra8p0\LocalCache\local-packages\Python313\site-packages\sqlalchemy\engine\base.py", line 143, in __init__
    self._dbapi_connection = engine.raw_connection()
                             ~~~~~~~~~~~~~~~~~~~~~^^
  File "C:\Users\xihonglei\AppData\Local\Packages\PythonSoftwareFoundation.Python.3.13_qbz5n2kfra8p0\LocalCache\local-packages\Python313\site-packages\sqlalchemy\engine\base.py", line 3317, in raw_connection
    return self.pool.connect()
           ~~~~~~~~~~~~~~~~~^^
  File "C:\Users\xihonglei\AppData\Local\Packages\PythonSoftwareFoundation.Python.3.13_qbz5n2kfra8p0\LocalCache\local-packages\Python313\site-packages\sqlalchemy\pool\base.py", line 448, in connect
    return _ConnectionFairy._checkout(self)
           ~~~~~~~~~~~~~~~~~~~~~~~~~~^^^^^^
  File "C:\Users\xihonglei\AppData\Local\Packages\PythonSoftwareFoundation.Python.3.13_qbz5n2kfra8p0\LocalCache\local-packages\Python313\site-packages\sqlalchemy\pool\base.py", line 1272, in _checkout
    fairy = _ConnectionRecord.checkout(pool)
  File "C:\Users\xihonglei\AppData\Local\Packages\PythonSoftwareFoundation.Python.3.13_qbz5n2kfra8p0\LocalCache\local-packages\Python313\site-packages\sqlalchemy\pool\base.py", line 712, in checkout
    rec = pool._do_get()
  File "C:\Users\xihonglei\AppData\Local\Packages\PythonSoftwareFoundation.Python.3.13_qbz5n2kfra8p0\LocalCache\local-packages\Python313\site-packages\sqlalchemy\pool\impl.py", line 166, in _do_get
    raise exc.TimeoutError(
    ...<4 lines>...
    )
sqlalchemy.exc.TimeoutError: QueuePool limit of size 5 overflow 10 reached, connection timed out, timeout 30.00 (Background on this error at: https://sqlalche.me/e/20/3o7r)
2026-03-08 17:42:38,546 - app - ERROR - 获取生命体征数据失败: QueuePool limit of size 5 overflow 10 reached, connection timed out, timeout 30.00 (Background on this error at: https://sqlalche.me/e/20/3o7r)
Traceback (most recent call last):
  File "E:\Seizure_monitoring\seizure_monitoring_python\app.py", line 2391, in get_ward_vitals
    ward = db.query(Ward).filter(Ward.id == ward_id).first()
  File "C:\Users\xihonglei\AppData\Local\Packages\PythonSoftwareFoundation.Python.3.13_qbz5n2kfra8p0\LocalCache\local-packages\Python313\site-packages\sqlalchemy\orm\query.py", line 2759, in first
    return self.limit(1)._iter().first()  # type: ignore
           ~~~~~~~~~~~~~~~~~~~^^
  File "C:\Users\xihonglei\AppData\Local\Packages\PythonSoftwareFoundation.Python.3.13_qbz5n2kfra8p0\LocalCache\local-packages\Python313\site-packages\sqlalchemy\orm\query.py", line 2857, in _iter
    result: Union[ScalarResult[_T], Result[_T]] = self.session.execute(
                                                  ~~~~~~~~~~~~~~~~~~~~^
        statement,
        ^^^^^^^^^^
        params,
        ^^^^^^^
        execution_options={"_sa_orm_load_options": self.load_options},
        ^^^^^^^^^^^^^^^^^^^^^^^^^^^^^^^^^^^^^^^^^^^^^^^^^^^^^^^^^^^^^^
    )
    ^
  File "C:\Users\xihonglei\AppData\Local\Packages\PythonSoftwareFoundation.Python.3.13_qbz5n2kfra8p0\LocalCache\local-packages\Python313\site-packages\sqlalchemy\orm\session.py", line 2351, in execute
    return self._execute_internal(
           ~~~~~~~~~~~~~~~~~~~~~~^
        statement,
        ^^^^^^^^^^
    ...<4 lines>...
        _add_event=_add_event,
        ^^^^^^^^^^^^^^^^^^^^^^
    )
    ^
  File "C:\Users\xihonglei\AppData\Local\Packages\PythonSoftwareFoundation.Python.3.13_qbz5n2kfra8p0\LocalCache\local-packages\Python313\site-packages\sqlalchemy\orm\session.py", line 2239, in _execute_internal
    conn = self._connection_for_bind(bind)
  File "C:\Users\xihonglei\AppData\Local\Packages\PythonSoftwareFoundation.Python.3.13_qbz5n2kfra8p0\LocalCache\local-packages\Python313\site-packages\sqlalchemy\orm\session.py", line 2108, in _connection_for_bind
    return trans._connection_for_bind(engine, execution_options)
           ~~~~~~~~~~~~~~~~~~~~~~~~~~^^^^^^^^^^^^^^^^^^^^^^^^^^^
  File "<string>", line 2, in _connection_for_bind
  File "C:\Users\xihonglei\AppData\Local\Packages\PythonSoftwareFoundation.Python.3.13_qbz5n2kfra8p0\LocalCache\local-packages\Python313\site-packages\sqlalchemy\orm\state_changes.py", line 137, in _go
    ret_value = fn(self, *arg, **kw)
  File "C:\Users\xihonglei\AppData\Local\Packages\PythonSoftwareFoundation.Python.3.13_qbz5n2kfra8p0\LocalCache\local-packages\Python313\site-packages\sqlalchemy\orm\session.py", line 1187, in _connection_for_bind
    conn = bind.connect()
  File "C:\Users\xihonglei\AppData\Local\Packages\PythonSoftwareFoundation.Python.3.13_qbz5n2kfra8p0\LocalCache\local-packages\Python313\site-packages\sqlalchemy\engine\base.py", line 3293, in connect
    return self._connection_cls(self)
           ~~~~~~~~~~~~~~~~~~~~^^^^^^
  File "C:\Users\xihonglei\AppData\Local\Packages\PythonSoftwareFoundation.Python.3.13_qbz5n2kfra8p0\LocalCache\local-packages\Python313\site-packages\sqlalchemy\engine\base.py", line 143, in __init__
    self._dbapi_connection = engine.raw_connection()
                             ~~~~~~~~~~~~~~~~~~~~~^^
  File "C:\Users\xihonglei\AppData\Local\Packages\PythonSoftwareFoundation.Python.3.13_qbz5n2kfra8p0\LocalCache\local-packages\Python313\site-packages\sqlalchemy\engine\base.py", line 3317, in raw_connection
    return self.pool.connect()
           ~~~~~~~~~~~~~~~~~^^
  File "C:\Users\xihonglei\AppData\Local\Packages\PythonSoftwareFoundation.Python.3.13_qbz5n2kfra8p0\LocalCache\local-packages\Python313\site-packages\sqlalchemy\pool\base.py", line 448, in connect
    return _ConnectionFairy._checkout(self)
           ~~~~~~~~~~~~~~~~~~~~~~~~~~^^^^^^
  File "C:\Users\xihonglei\AppData\Local\Packages\PythonSoftwareFoundation.Python.3.13_qbz5n2kfra8p0\LocalCache\local-packages\Python313\site-packages\sqlalchemy\pool\base.py", line 1272, in _checkout
    fairy = _ConnectionRecord.checkout(pool)
  File "C:\Users\xihonglei\AppData\Local\Packages\PythonSoftwareFoundation.Python.3.13_qbz5n2kfra8p0\LocalCache\local-packages\Python313\site-packages\sqlalchemy\pool\base.py", line 712, in checkout
    rec = pool._do_get()
  File "C:\Users\xihonglei\AppData\Local\Packages\PythonSoftwareFoundation.Python.3.13_qbz5n2kfra8p0\LocalCache\local-packages\Python313\site-packages\sqlalchemy\pool\impl.py", line 166, in _do_get
    raise exc.TimeoutError(
    ...<4 lines>...
    )
sqlalchemy.exc.TimeoutError: QueuePool limit of size 5 overflow 10 reached, connection timed out, timeout 30.00 (Background on this error at: https://sqlalche.me/e/20/3o7r)
2026-03-08 17:43:38,245 - app - ERROR - 获取生命体征数据失败: QueuePool limit of size 5 overflow 10 reached, connection timed out, timeout 30.00 (Background on this error at: https://sqlalche.me/e/20/3o7r)
Traceback (most recent call last):
  File "E:\Seizure_monitoring\seizure_monitoring_python\app.py", line 2391, in get_ward_vitals
    ward = db.query(Ward).filter(Ward.id == ward_id).first()
  File "C:\Users\xihonglei\AppData\Local\Packages\PythonSoftwareFoundation.Python.3.13_qbz5n2kfra8p0\LocalCache\local-packages\Python313\site-packages\sqlalchemy\orm\query.py", line 2759, in first
    return self.limit(1)._iter().first()  # type: ignore
           ~~~~~~~~~~~~~~~~~~~^^
  File "C:\Users\xihonglei\AppData\Local\Packages\PythonSoftwareFoundation.Python.3.13_qbz5n2kfra8p0\LocalCache\local-packages\Python313\site-packages\sqlalchemy\orm\query.py", line 2857, in _iter
    result: Union[ScalarResult[_T], Result[_T]] = self.session.execute(
                                                  ~~~~~~~~~~~~~~~~~~~~^
        statement,
        ^^^^^^^^^^
        params,
        ^^^^^^^
        execution_options={"_sa_orm_load_options": self.load_options},
        ^^^^^^^^^^^^^^^^^^^^^^^^^^^^^^^^^^^^^^^^^^^^^^^^^^^^^^^^^^^^^^
    )
    ^
  File "C:\Users\xihonglei\AppData\Local\Packages\PythonSoftwareFoundation.Python.3.13_qbz5n2kfra8p0\LocalCache\local-packages\Python313\site-packages\sqlalchemy\orm\session.py", line 2351, in execute
    return self._execute_internal(
           ~~~~~~~~~~~~~~~~~~~~~~^
        statement,
        ^^^^^^^^^^
    ...<4 lines>...
        _add_event=_add_event,
        ^^^^^^^^^^^^^^^^^^^^^^
    )
    ^
  File "C:\Users\xihonglei\AppData\Local\Packages\PythonSoftwareFoundation.Python.3.13_qbz5n2kfra8p0\LocalCache\local-packages\Python313\site-packages\sqlalchemy\orm\session.py", line 2239, in _execute_internal
    conn = self._connection_for_bind(bind)
  File "C:\Users\xihonglei\AppData\Local\Packages\PythonSoftwareFoundation.Python.3.13_qbz5n2kfra8p0\LocalCache\local-packages\Python313\site-packages\sqlalchemy\orm\session.py", line 2108, in _connection_for_bind
    return trans._connection_for_bind(engine, execution_options)
           ~~~~~~~~~~~~~~~~~~~~~~~~~~^^^^^^^^^^^^^^^^^^^^^^^^^^^
  File "<string>", line 2, in _connection_for_bind
  File "C:\Users\xihonglei\AppData\Local\Packages\PythonSoftwareFoundation.Python.3.13_qbz5n2kfra8p0\LocalCache\local-packages\Python313\site-packages\sqlalchemy\orm\state_changes.py", line 137, in _go
    ret_value = fn(self, *arg, **kw)
  File "C:\Users\xihonglei\AppData\Local\Packages\PythonSoftwareFoundation.Python.3.13_qbz5n2kfra8p0\LocalCache\local-packages\Python313\site-packages\sqlalchemy\orm\session.py", line 1187, in _connection_for_bind
    conn = bind.connect()
  File "C:\Users\xihonglei\AppData\Local\Packages\PythonSoftwareFoundation.Python.3.13_qbz5n2kfra8p0\LocalCache\local-packages\Python313\site-packages\sqlalchemy\engine\base.py", line 3293, in connect
    return self._connection_cls(self)
           ~~~~~~~~~~~~~~~~~~~~^^^^^^
  File "C:\Users\xihonglei\AppData\Local\Packages\PythonSoftwareFoundation.Python.3.13_qbz5n2kfra8p0\LocalCache\local-packages\Python313\site-packages\sqlalchemy\engine\base.py", line 143, in __init__
    self._dbapi_connection = engine.raw_connection()
                             ~~~~~~~~~~~~~~~~~~~~~^^
  File "C:\Users\xihonglei\AppData\Local\Packages\PythonSoftwareFoundation.Python.3.13_qbz5n2kfra8p0\LocalCache\local-packages\Python313\site-packages\sqlalchemy\engine\base.py", line 3317, in raw_connection
    return self.pool.connect()
           ~~~~~~~~~~~~~~~~~^^
  File "C:\Users\xihonglei\AppData\Local\Packages\PythonSoftwareFoundation.Python.3.13_qbz5n2kfra8p0\LocalCache\local-packages\Python313\site-packages\sqlalchemy\pool\base.py", line 448, in connect
    return _ConnectionFairy._checkout(self)
           ~~~~~~~~~~~~~~~~~~~~~~~~~~^^^^^^
  File "C:\Users\xihonglei\AppData\Local\Packages\PythonSoftwareFoundation.Python.3.13_qbz5n2kfra8p0\LocalCache\local-packages\Python313\site-packages\sqlalchemy\pool\base.py", line 1272, in _checkout
    fairy = _ConnectionRecord.checkout(pool)
  File "C:\Users\xihonglei\AppData\Local\Packages\PythonSoftwareFoundation.Python.3.13_qbz5n2kfra8p0\LocalCache\local-packages\Python313\site-packages\sqlalchemy\pool\base.py", line 712, in checkout
    rec = pool._do_get()
  File "C:\Users\xihonglei\AppData\Local\Packages\PythonSoftwareFoundation.Python.3.13_qbz5n2kfra8p0\LocalCache\local-packages\Python313\site-packages\sqlalchemy\pool\impl.py", line 166, in _do_get
    raise exc.TimeoutError(
    ...<4 lines>...
    )
sqlalchemy.exc.TimeoutError: QueuePool limit of size 5 overflow 10 reached, connection timed out, timeout 30.00 (Background on this error at: https://sqlalche.me/e/20/3o7r)
2026-03-08 17:44:10,977 - app - INFO - 获取所有病人列表请求
2026-03-08 17:44:27,611 - app - INFO - 获取用户信息请求: token=f3702ce0-ba83-4c49-84f5-6928dae512dd
2026-03-08 17:44:38,548 - app - ERROR - 获取生命体征数据失败: QueuePool limit of size 5 overflow 10 reached, connection timed out, timeout 30.00 (Background on this error at: https://sqlalche.me/e/20/3o7r)
Traceback (most recent call last):
  File "E:\Seizure_monitoring\seizure_monitoring_python\app.py", line 2391, in get_ward_vitals
    ward = db.query(Ward).filter(Ward.id == ward_id).first()
  File "C:\Users\xihonglei\AppData\Local\Packages\PythonSoftwareFoundation.Python.3.13_qbz5n2kfra8p0\LocalCache\local-packages\Python313\site-packages\sqlalchemy\orm\query.py", line 2759, in first
    return self.limit(1)._iter().first()  # type: ignore
           ~~~~~~~~~~~~~~~~~~~^^
  File "C:\Users\xihonglei\AppData\Local\Packages\PythonSoftwareFoundation.Python.3.13_qbz5n2kfra8p0\LocalCache\local-packages\Python313\site-packages\sqlalchemy\orm\query.py", line 2857, in _iter
    result: Union[ScalarResult[_T], Result[_T]] = self.session.execute(
                                                  ~~~~~~~~~~~~~~~~~~~~^
        statement,
        ^^^^^^^^^^
        params,
        ^^^^^^^
        execution_options={"_sa_orm_load_options": self.load_options},
        ^^^^^^^^^^^^^^^^^^^^^^^^^^^^^^^^^^^^^^^^^^^^^^^^^^^^^^^^^^^^^^
    )
    ^
  File "C:\Users\xihonglei\AppData\Local\Packages\PythonSoftwareFoundation.Python.3.13_qbz5n2kfra8p0\LocalCache\local-packages\Python313\site-packages\sqlalchemy\orm\session.py", line 2351, in execute
    return self._execute_internal(
           ~~~~~~~~~~~~~~~~~~~~~~^
        statement,
        ^^^^^^^^^^
    ...<4 lines>...
        _add_event=_add_event,
        ^^^^^^^^^^^^^^^^^^^^^^
    )
    ^
  File "C:\Users\xihonglei\AppData\Local\Packages\PythonSoftwareFoundation.Python.3.13_qbz5n2kfra8p0\LocalCache\local-packages\Python313\site-packages\sqlalchemy\orm\session.py", line 2239, in _execute_internal
    conn = self._connection_for_bind(bind)
  File "C:\Users\xihonglei\AppData\Local\Packages\PythonSoftwareFoundation.Python.3.13_qbz5n2kfra8p0\LocalCache\local-packages\Python313\site-packages\sqlalchemy\orm\session.py", line 2108, in _connection_for_bind
    return trans._connection_for_bind(engine, execution_options)
           ~~~~~~~~~~~~~~~~~~~~~~~~~~^^^^^^^^^^^^^^^^^^^^^^^^^^^
  File "<string>", line 2, in _connection_for_bind
  File "C:\Users\xihonglei\AppData\Local\Packages\PythonSoftwareFoundation.Python.3.13_qbz5n2kfra8p0\LocalCache\local-packages\Python313\site-packages\sqlalchemy\orm\state_changes.py", line 137, in _go
    ret_value = fn(self, *arg, **kw)
  File "C:\Users\xihonglei\AppData\Local\Packages\PythonSoftwareFoundation.Python.3.13_qbz5n2kfra8p0\LocalCache\local-packages\Python313\site-packages\sqlalchemy\orm\session.py", line 1187, in _connection_for_bind
    conn = bind.connect()
  File "C:\Users\xihonglei\AppData\Local\Packages\PythonSoftwareFoundation.Python.3.13_qbz5n2kfra8p0\LocalCache\local-packages\Python313\site-packages\sqlalchemy\engine\base.py", line 3293, in connect
    return self._connection_cls(self)
           ~~~~~~~~~~~~~~~~~~~~^^^^^^
  File "C:\Users\xihonglei\AppData\Local\Packages\PythonSoftwareFoundation.Python.3.13_qbz5n2kfra8p0\LocalCache\local-packages\Python313\site-packages\sqlalchemy\engine\base.py", line 143, in __init__
    self._dbapi_connection = engine.raw_connection()
                             ~~~~~~~~~~~~~~~~~~~~~^^
  File "C:\Users\xihonglei\AppData\Local\Packages\PythonSoftwareFoundation.Python.3.13_qbz5n2kfra8p0\LocalCache\local-packages\Python313\site-packages\sqlalchemy\engine\base.py", line 3317, in raw_connection
    return self.pool.connect()
           ~~~~~~~~~~~~~~~~~^^
  File "C:\Users\xihonglei\AppData\Local\Packages\PythonSoftwareFoundation.Python.3.13_qbz5n2kfra8p0\LocalCache\local-packages\Python313\site-packages\sqlalchemy\pool\base.py", line 448, in connect
    return _ConnectionFairy._checkout(self)
           ~~~~~~~~~~~~~~~~~~~~~~~~~~^^^^^^
  File "C:\Users\xihonglei\AppData\Local\Packages\PythonSoftwareFoundation.Python.3.13_qbz5n2kfra8p0\LocalCache\local-packages\Python313\site-packages\sqlalchemy\pool\base.py", line 1272, in _checkout
    fairy = _ConnectionRecord.checkout(pool)
  File "C:\Users\xihonglei\AppData\Local\Packages\PythonSoftwareFoundation.Python.3.13_qbz5n2kfra8p0\LocalCache\local-packages\Python313\site-packages\sqlalchemy\pool\base.py", line 712, in checkout
    rec = pool._do_get()
  File "C:\Users\xihonglei\AppData\Local\Packages\PythonSoftwareFoundation.Python.3.13_qbz5n2kfra8p0\LocalCache\local-packages\Python313\site-packages\sqlalchemy\pool\impl.py", line 166, in _do_get
    raise exc.TimeoutError(
    ...<4 lines>...
    )
sqlalchemy.exc.TimeoutError: QueuePool limit of size 5 overflow 10 reached, connection timed out, timeout 30.00 (Background on this error at: https://sqlalche.me/e/20/3o7r)
2026-03-08 17:44:40,980 - app - ERROR - 获取所有病人列表失败: QueuePool limit of size 5 overflow 10 reached, connection timed out, timeout 30.00 (Background on this error at: https://sqlalche.me/e/20/3o7r)
Traceback (most recent call last):
  File "E:\Seizure_monitoring\seizure_monitoring_python\app.py", line 1197, in get_all_patients
    patients = db.query(Patient).all()
  File "C:\Users\xihonglei\AppData\Local\Packages\PythonSoftwareFoundation.Python.3.13_qbz5n2kfra8p0\LocalCache\local-packages\Python313\site-packages\sqlalchemy\orm\query.py", line 2704, in all
    return self._iter().all()  # type: ignore
           ~~~~~~~~~~^^
  File "C:\Users\xihonglei\AppData\Local\Packages\PythonSoftwareFoundation.Python.3.13_qbz5n2kfra8p0\LocalCache\local-packages\Python313\site-packages\sqlalchemy\orm\query.py", line 2857, in _iter
    result: Union[ScalarResult[_T], Result[_T]] = self.session.execute(
                                                  ~~~~~~~~~~~~~~~~~~~~^
        statement,
        ^^^^^^^^^^
        params,
        ^^^^^^^
        execution_options={"_sa_orm_load_options": self.load_options},
        ^^^^^^^^^^^^^^^^^^^^^^^^^^^^^^^^^^^^^^^^^^^^^^^^^^^^^^^^^^^^^^
    )
    ^
  File "C:\Users\xihonglei\AppData\Local\Packages\PythonSoftwareFoundation.Python.3.13_qbz5n2kfra8p0\LocalCache\local-packages\Python313\site-packages\sqlalchemy\orm\session.py", line 2351, in execute
    return self._execute_internal(
           ~~~~~~~~~~~~~~~~~~~~~~^
        statement,
        ^^^^^^^^^^
    ...<4 lines>...
        _add_event=_add_event,
        ^^^^^^^^^^^^^^^^^^^^^^
    )
    ^
  File "C:\Users\xihonglei\AppData\Local\Packages\PythonSoftwareFoundation.Python.3.13_qbz5n2kfra8p0\LocalCache\local-packages\Python313\site-packages\sqlalchemy\orm\session.py", line 2239, in _execute_internal
    conn = self._connection_for_bind(bind)
  File "C:\Users\xihonglei\AppData\Local\Packages\PythonSoftwareFoundation.Python.3.13_qbz5n2kfra8p0\LocalCache\local-packages\Python313\site-packages\sqlalchemy\orm\session.py", line 2108, in _connection_for_bind
    return trans._connection_for_bind(engine, execution_options)
           ~~~~~~~~~~~~~~~~~~~~~~~~~~^^^^^^^^^^^^^^^^^^^^^^^^^^^
  File "<string>", line 2, in _connection_for_bind
  File "C:\Users\xihonglei\AppData\Local\Packages\PythonSoftwareFoundation.Python.3.13_qbz5n2kfra8p0\LocalCache\local-packages\Python313\site-packages\sqlalchemy\orm\state_changes.py", line 137, in _go
    ret_value = fn(self, *arg, **kw)
  File "C:\Users\xihonglei\AppData\Local\Packages\PythonSoftwareFoundation.Python.3.13_qbz5n2kfra8p0\LocalCache\local-packages\Python313\site-packages\sqlalchemy\orm\session.py", line 1187, in _connection_for_bind
    conn = bind.connect()
  File "C:\Users\xihonglei\AppData\Local\Packages\PythonSoftwareFoundation.Python.3.13_qbz5n2kfra8p0\LocalCache\local-packages\Python313\site-packages\sqlalchemy\engine\base.py", line 3293, in connect
    return self._connection_cls(self)
           ~~~~~~~~~~~~~~~~~~~~^^^^^^
  File "C:\Users\xihonglei\AppData\Local\Packages\PythonSoftwareFoundation.Python.3.13_qbz5n2kfra8p0\LocalCache\local-packages\Python313\site-packages\sqlalchemy\engine\base.py", line 143, in __init__
    self._dbapi_connection = engine.raw_connection()
                             ~~~~~~~~~~~~~~~~~~~~~^^
  File "C:\Users\xihonglei\AppData\Local\Packages\PythonSoftwareFoundation.Python.3.13_qbz5n2kfra8p0\LocalCache\local-packages\Python313\site-packages\sqlalchemy\engine\base.py", line 3317, in raw_connection
    return self.pool.connect()
           ~~~~~~~~~~~~~~~~~^^
  File "C:\Users\xihonglei\AppData\Local\Packages\PythonSoftwareFoundation.Python.3.13_qbz5n2kfra8p0\LocalCache\local-packages\Python313\site-packages\sqlalchemy\pool\base.py", line 448, in connect
    return _ConnectionFairy._checkout(self)
           ~~~~~~~~~~~~~~~~~~~~~~~~~~^^^^^^
  File "C:\Users\xihonglei\AppData\Local\Packages\PythonSoftwareFoundation.Python.3.13_qbz5n2kfra8p0\LocalCache\local-packages\Python313\site-packages\sqlalchemy\pool\base.py", line 1272, in _checkout
    fairy = _ConnectionRecord.checkout(pool)
  File "C:\Users\xihonglei\AppData\Local\Packages\PythonSoftwareFoundation.Python.3.13_qbz5n2kfra8p0\LocalCache\local-packages\Python313\site-packages\sqlalchemy\pool\base.py", line 712, in checkout
    rec = pool._do_get()
  File "C:\Users\xihonglei\AppData\Local\Packages\PythonSoftwareFoundation.Python.3.13_qbz5n2kfra8p0\LocalCache\local-packages\Python313\site-packages\sqlalchemy\pool\impl.py", line 166, in _do_get
    raise exc.TimeoutError(
    ...<4 lines>...
    )
sqlalchemy.exc.TimeoutError: QueuePool limit of size 5 overflow 10 reached, connection timed out, timeout 30.00 (Background on this error at: https://sqlalche.me/e/20/3o7r)
2026-03-08 17:44:54,143 - app - INFO - 获取所有病人列表请求
2026-03-08 17:44:54,147 - app - INFO - 分页查询EEG分析记录请求
2026-03-08 17:44:54,946 - app - INFO - 分页查询病人请求
2026-03-08 17:44:54,950 - app - INFO - 获取用户信息成功: username=admin
2026-03-08 17:44:54,965 - app - INFO - 分页查询病人请求
2026-03-08 17:44:54,967 - app - INFO - 返回所有患者列表: 共2条
2026-03-08 17:44:54,970 - app - INFO - 返回患者列表: 共2条，当前页1，每页1000条
2026-03-08 17:44:54,974 - app - INFO - 返回患者列表: 共2条，当前页1，每页10条
2026-03-08 17:44:54,983 - app - INFO - 返回EEG分析记录列表: 共11条，当前页1，每页10条
2026-03-08 17:44:55,266 - app - INFO - 获取用户信息请求: token=f3702ce0-ba83-4c49-84f5-6928dae512dd
2026-03-08 17:44:55,267 - app - INFO - 获取用户信息成功: username=admin
2026-03-08 17:44:56,865 - app - INFO - 获取用户信息请求: token=f3702ce0-ba83-4c49-84f5-6928dae512dd
2026-03-08 17:44:57,168 - app - INFO - 获取待办事项列表请求
2026-03-08 17:44:57,169 - app - INFO - 获取通知列表请求
2026-03-08 17:44:59,460 - app - INFO - 分页查询病人请求
2026-03-08 17:45:25,911 - app - ERROR - 获取行为记录失败: QueuePool limit of size 5 overflow 10 reached, connection timed out, timeout 30.00 (Background on this error at: https://sqlalche.me/e/20/3o7r)
Traceback (most recent call last):
  File "E:\Seizure_monitoring\seizure_monitoring_python\app.py", line 2469, in get_ward_activities
    ward = db.query(Ward).filter(Ward.id == ward_id).first()
  File "C:\Users\xihonglei\AppData\Local\Packages\PythonSoftwareFoundation.Python.3.13_qbz5n2kfra8p0\LocalCache\local-packages\Python313\site-packages\sqlalchemy\orm\query.py", line 2759, in first
    return self.limit(1)._iter().first()  # type: ignore
           ~~~~~~~~~~~~~~~~~~~^^
  File "C:\Users\xihonglei\AppData\Local\Packages\PythonSoftwareFoundation.Python.3.13_qbz5n2kfra8p0\LocalCache\local-packages\Python313\site-packages\sqlalchemy\orm\query.py", line 2857, in _iter
    result: Union[ScalarResult[_T], Result[_T]] = self.session.execute(
                                                  ~~~~~~~~~~~~~~~~~~~~^
        statement,
        ^^^^^^^^^^
        params,
        ^^^^^^^
        execution_options={"_sa_orm_load_options": self.load_options},
        ^^^^^^^^^^^^^^^^^^^^^^^^^^^^^^^^^^^^^^^^^^^^^^^^^^^^^^^^^^^^^^
    )
    ^
  File "C:\Users\xihonglei\AppData\Local\Packages\PythonSoftwareFoundation.Python.3.13_qbz5n2kfra8p0\LocalCache\local-packages\Python313\site-packages\sqlalchemy\orm\session.py", line 2351, in execute
    return self._execute_internal(
           ~~~~~~~~~~~~~~~~~~~~~~^
        statement,
        ^^^^^^^^^^
    ...<4 lines>...
        _add_event=_add_event,
        ^^^^^^^^^^^^^^^^^^^^^^
    )
    ^
  File "C:\Users\xihonglei\AppData\Local\Packages\PythonSoftwareFoundation.Python.3.13_qbz5n2kfra8p0\LocalCache\local-packages\Python313\site-packages\sqlalchemy\orm\session.py", line 2239, in _execute_internal
    conn = self._connection_for_bind(bind)
  File "C:\Users\xihonglei\AppData\Local\Packages\PythonSoftwareFoundation.Python.3.13_qbz5n2kfra8p0\LocalCache\local-packages\Python313\site-packages\sqlalchemy\orm\session.py", line 2108, in _connection_for_bind
    return trans._connection_for_bind(engine, execution_options)
           ~~~~~~~~~~~~~~~~~~~~~~~~~~^^^^^^^^^^^^^^^^^^^^^^^^^^^
  File "<string>", line 2, in _connection_for_bind
  File "C:\Users\xihonglei\AppData\Local\Packages\PythonSoftwareFoundation.Python.3.13_qbz5n2kfra8p0\LocalCache\local-packages\Python313\site-packages\sqlalchemy\orm\state_changes.py", line 137, in _go
    ret_value = fn(self, *arg, **kw)
  File "C:\Users\xihonglei\AppData\Local\Packages\PythonSoftwareFoundation.Python.3.13_qbz5n2kfra8p0\LocalCache\local-packages\Python313\site-packages\sqlalchemy\orm\session.py", line 1187, in _connection_for_bind
    conn = bind.connect()
  File "C:\Users\xihonglei\AppData\Local\Packages\PythonSoftwareFoundation.Python.3.13_qbz5n2kfra8p0\LocalCache\local-packages\Python313\site-packages\sqlalchemy\engine\base.py", line 3293, in connect
    return self._connection_cls(self)
           ~~~~~~~~~~~~~~~~~~~~^^^^^^
  File "C:\Users\xihonglei\AppData\Local\Packages\PythonSoftwareFoundation.Python.3.13_qbz5n2kfra8p0\LocalCache\local-packages\Python313\site-packages\sqlalchemy\engine\base.py", line 143, in __init__
    self._dbapi_connection = engine.raw_connection()
                             ~~~~~~~~~~~~~~~~~~~~~^^
  File "C:\Users\xihonglei\AppData\Local\Packages\PythonSoftwareFoundation.Python.3.13_qbz5n2kfra8p0\LocalCache\local-packages\Python313\site-packages\sqlalchemy\engine\base.py", line 3317, in raw_connection
    return self.pool.connect()
           ~~~~~~~~~~~~~~~~~^^
  File "C:\Users\xihonglei\AppData\Local\Packages\PythonSoftwareFoundation.Python.3.13_qbz5n2kfra8p0\LocalCache\local-packages\Python313\site-packages\sqlalchemy\pool\base.py", line 448, in connect
    return _ConnectionFairy._checkout(self)
           ~~~~~~~~~~~~~~~~~~~~~~~~~~^^^^^^
  File "C:\Users\xihonglei\AppData\Local\Packages\PythonSoftwareFoundation.Python.3.13_qbz5n2kfra8p0\LocalCache\local-packages\Python313\site-packages\sqlalchemy\pool\base.py", line 1272, in _checkout
    fairy = _ConnectionRecord.checkout(pool)
  File "C:\Users\xihonglei\AppData\Local\Packages\PythonSoftwareFoundation.Python.3.13_qbz5n2kfra8p0\LocalCache\local-packages\Python313\site-packages\sqlalchemy\pool\base.py", line 712, in checkout
    rec = pool._do_get()
  File "C:\Users\xihonglei\AppData\Local\Packages\PythonSoftwareFoundation.Python.3.13_qbz5n2kfra8p0\LocalCache\local-packages\Python313\site-packages\sqlalchemy\pool\impl.py", line 166, in _do_get
    raise exc.TimeoutError(
    ...<4 lines>...
    )
sqlalchemy.exc.TimeoutError: QueuePool limit of size 5 overflow 10 reached, connection timed out, timeout 30.00 (Background on this error at: https://sqlalche.me/e/20/3o7r)
2026-03-08 17:45:26,227 - app - INFO - 分页查询病人请求
2026-03-08 17:45:26,866 - app - ERROR - 获取用户信息失败: QueuePool limit of size 5 overflow 10 reached, connection timed out, timeout 30.00 (Background on this error at: https://sqlalche.me/e/20/3o7r)
Traceback (most recent call last):
  File "E:\Seizure_monitoring\seizure_monitoring_python\app.py", line 561, in user_info
    user = db.query(User).filter(User.username == username).first()
  File "C:\Users\xihonglei\AppData\Local\Packages\PythonSoftwareFoundation.Python.3.13_qbz5n2kfra8p0\LocalCache\local-packages\Python313\site-packages\sqlalchemy\orm\query.py", line 2759, in first
    return self.limit(1)._iter().first()  # type: ignore
           ~~~~~~~~~~~~~~~~~~~^^
  File "C:\Users\xihonglei\AppData\Local\Packages\PythonSoftwareFoundation.Python.3.13_qbz5n2kfra8p0\LocalCache\local-packages\Python313\site-packages\sqlalchemy\orm\query.py", line 2857, in _iter
    result: Union[ScalarResult[_T], Result[_T]] = self.session.execute(
                                                  ~~~~~~~~~~~~~~~~~~~~^
        statement,
        ^^^^^^^^^^
        params,
        ^^^^^^^
        execution_options={"_sa_orm_load_options": self.load_options},
        ^^^^^^^^^^^^^^^^^^^^^^^^^^^^^^^^^^^^^^^^^^^^^^^^^^^^^^^^^^^^^^
    )
    ^
  File "C:\Users\xihonglei\AppData\Local\Packages\PythonSoftwareFoundation.Python.3.13_qbz5n2kfra8p0\LocalCache\local-packages\Python313\site-packages\sqlalchemy\orm\session.py", line 2351, in execute
    return self._execute_internal(
           ~~~~~~~~~~~~~~~~~~~~~~^
        statement,
        ^^^^^^^^^^
    ...<4 lines>...
        _add_event=_add_event,
        ^^^^^^^^^^^^^^^^^^^^^^
    )
    ^
  File "C:\Users\xihonglei\AppData\Local\Packages\PythonSoftwareFoundation.Python.3.13_qbz5n2kfra8p0\LocalCache\local-packages\Python313\site-packages\sqlalchemy\orm\session.py", line 2239, in _execute_internal
    conn = self._connection_for_bind(bind)
  File "C:\Users\xihonglei\AppData\Local\Packages\PythonSoftwareFoundation.Python.3.13_qbz5n2kfra8p0\LocalCache\local-packages\Python313\site-packages\sqlalchemy\orm\session.py", line 2108, in _connection_for_bind
    return trans._connection_for_bind(engine, execution_options)
           ~~~~~~~~~~~~~~~~~~~~~~~~~~^^^^^^^^^^^^^^^^^^^^^^^^^^^
  File "<string>", line 2, in _connection_for_bind
  File "C:\Users\xihonglei\AppData\Local\Packages\PythonSoftwareFoundation.Python.3.13_qbz5n2kfra8p0\LocalCache\local-packages\Python313\site-packages\sqlalchemy\orm\state_changes.py", line 137, in _go
    ret_value = fn(self, *arg, **kw)
  File "C:\Users\xihonglei\AppData\Local\Packages\PythonSoftwareFoundation.Python.3.13_qbz5n2kfra8p0\LocalCache\local-packages\Python313\site-packages\sqlalchemy\orm\session.py", line 1187, in _connection_for_bind
    conn = bind.connect()
  File "C:\Users\xihonglei\AppData\Local\Packages\PythonSoftwareFoundation.Python.3.13_qbz5n2kfra8p0\LocalCache\local-packages\Python313\site-packages\sqlalchemy\engine\base.py", line 3293, in connect
    return self._connection_cls(self)
           ~~~~~~~~~~~~~~~~~~~~^^^^^^
  File "C:\Users\xihonglei\AppData\Local\Packages\PythonSoftwareFoundation.Python.3.13_qbz5n2kfra8p0\LocalCache\local-packages\Python313\site-packages\sqlalchemy\engine\base.py", line 143, in __init__
    self._dbapi_connection = engine.raw_connection()
                             ~~~~~~~~~~~~~~~~~~~~~^^
  File "C:\Users\xihonglei\AppData\Local\Packages\PythonSoftwareFoundation.Python.3.13_qbz5n2kfra8p0\LocalCache\local-packages\Python313\site-packages\sqlalchemy\engine\base.py", line 3317, in raw_connection
    return self.pool.connect()
           ~~~~~~~~~~~~~~~~~^^
  File "C:\Users\xihonglei\AppData\Local\Packages\PythonSoftwareFoundation.Python.3.13_qbz5n2kfra8p0\LocalCache\local-packages\Python313\site-packages\sqlalchemy\pool\base.py", line 448, in connect
    return _ConnectionFairy._checkout(self)
           ~~~~~~~~~~~~~~~~~~~~~~~~~~^^^^^^
  File "C:\Users\xihonglei\AppData\Local\Packages\PythonSoftwareFoundation.Python.3.13_qbz5n2kfra8p0\LocalCache\local-packages\Python313\site-packages\sqlalchemy\pool\base.py", line 1272, in _checkout
    fairy = _ConnectionRecord.checkout(pool)
  File "C:\Users\xihonglei\AppData\Local\Packages\PythonSoftwareFoundation.Python.3.13_qbz5n2kfra8p0\LocalCache\local-packages\Python313\site-packages\sqlalchemy\pool\base.py", line 712, in checkout
    rec = pool._do_get()
  File "C:\Users\xihonglei\AppData\Local\Packages\PythonSoftwareFoundation.Python.3.13_qbz5n2kfra8p0\LocalCache\local-packages\Python313\site-packages\sqlalchemy\pool\impl.py", line 166, in _do_get
    raise exc.TimeoutError(
    ...<4 lines>...
    )
sqlalchemy.exc.TimeoutError: QueuePool limit of size 5 overflow 10 reached, connection timed out, timeout 30.00 (Background on this error at: https://sqlalche.me/e/20/3o7r)
2026-03-08 17:45:27,169 - app - ERROR - 获取首页统计数据失败: QueuePool limit of size 5 overflow 10 reached, connection timed out, timeout 30.00 (Background on this error at: https://sqlalche.me/e/20/3o7r)
Traceback (most recent call last):
  File "E:\Seizure_monitoring\seizure_monitoring_python\app.py", line 2150, in get_home_stats
    patient_count = db.query(Patient).count()
  File "C:\Users\xihonglei\AppData\Local\Packages\PythonSoftwareFoundation.Python.3.13_qbz5n2kfra8p0\LocalCache\local-packages\Python313\site-packages\sqlalchemy\orm\query.py", line 3146, in count
    self._legacy_from_self(col).enable_eagerloads(False).scalar()
    ~~~~~~~~~~~~~~~~~~~~~~~~~~~~~~~~~~~~~~~~~~~~~~~~~~~~~~~~~~~^^
  File "C:\Users\xihonglei\AppData\Local\Packages\PythonSoftwareFoundation.Python.3.13_qbz5n2kfra8p0\LocalCache\local-packages\Python313\site-packages\sqlalchemy\orm\query.py", line 2835, in scalar
    ret = self.one()
  File "C:\Users\xihonglei\AppData\Local\Packages\PythonSoftwareFoundation.Python.3.13_qbz5n2kfra8p0\LocalCache\local-packages\Python313\site-packages\sqlalchemy\orm\query.py", line 2808, in one
    return self._iter().one()  # type: ignore
           ~~~~~~~~~~^^
  File "C:\Users\xihonglei\AppData\Local\Packages\PythonSoftwareFoundation.Python.3.13_qbz5n2kfra8p0\LocalCache\local-packages\Python313\site-packages\sqlalchemy\orm\query.py", line 2857, in _iter
    result: Union[ScalarResult[_T], Result[_T]] = self.session.execute(
                                                  ~~~~~~~~~~~~~~~~~~~~^
        statement,
        ^^^^^^^^^^
        params,
        ^^^^^^^
        execution_options={"_sa_orm_load_options": self.load_options},
        ^^^^^^^^^^^^^^^^^^^^^^^^^^^^^^^^^^^^^^^^^^^^^^^^^^^^^^^^^^^^^^
    )
    ^
  File "C:\Users\xihonglei\AppData\Local\Packages\PythonSoftwareFoundation.Python.3.13_qbz5n2kfra8p0\LocalCache\local-packages\Python313\site-packages\sqlalchemy\orm\session.py", line 2351, in execute
    return self._execute_internal(
           ~~~~~~~~~~~~~~~~~~~~~~^
        statement,
        ^^^^^^^^^^
    ...<4 lines>...
        _add_event=_add_event,
        ^^^^^^^^^^^^^^^^^^^^^^
    )
    ^
  File "C:\Users\xihonglei\AppData\Local\Packages\PythonSoftwareFoundation.Python.3.13_qbz5n2kfra8p0\LocalCache\local-packages\Python313\site-packages\sqlalchemy\orm\session.py", line 2239, in _execute_internal
    conn = self._connection_for_bind(bind)
  File "C:\Users\xihonglei\AppData\Local\Packages\PythonSoftwareFoundation.Python.3.13_qbz5n2kfra8p0\LocalCache\local-packages\Python313\site-packages\sqlalchemy\orm\session.py", line 2108, in _connection_for_bind
    return trans._connection_for_bind(engine, execution_options)
           ~~~~~~~~~~~~~~~~~~~~~~~~~~^^^^^^^^^^^^^^^^^^^^^^^^^^^
  File "<string>", line 2, in _connection_for_bind
  File "C:\Users\xihonglei\AppData\Local\Packages\PythonSoftwareFoundation.Python.3.13_qbz5n2kfra8p0\LocalCache\local-packages\Python313\site-packages\sqlalchemy\orm\state_changes.py", line 137, in _go
    ret_value = fn(self, *arg, **kw)
  File "C:\Users\xihonglei\AppData\Local\Packages\PythonSoftwareFoundation.Python.3.13_qbz5n2kfra8p0\LocalCache\local-packages\Python313\site-packages\sqlalchemy\orm\session.py", line 1187, in _connection_for_bind
    conn = bind.connect()
  File "C:\Users\xihonglei\AppData\Local\Packages\PythonSoftwareFoundation.Python.3.13_qbz5n2kfra8p0\LocalCache\local-packages\Python313\site-packages\sqlalchemy\engine\base.py", line 3293, in connect
    return self._connection_cls(self)
           ~~~~~~~~~~~~~~~~~~~~^^^^^^
  File "C:\Users\xihonglei\AppData\Local\Packages\PythonSoftwareFoundation.Python.3.13_qbz5n2kfra8p0\LocalCache\local-packages\Python313\site-packages\sqlalchemy\engine\base.py", line 143, in __init__
    self._dbapi_connection = engine.raw_connection()
                             ~~~~~~~~~~~~~~~~~~~~~^^
  File "C:\Users\xihonglei\AppData\Local\Packages\PythonSoftwareFoundation.Python.3.13_qbz5n2kfra8p0\LocalCache\local-packages\Python313\site-packages\sqlalchemy\engine\base.py", line 3317, in raw_connection
    return self.pool.connect()
           ~~~~~~~~~~~~~~~~~^^
  File "C:\Users\xihonglei\AppData\Local\Packages\PythonSoftwareFoundation.Python.3.13_qbz5n2kfra8p0\LocalCache\local-packages\Python313\site-packages\sqlalchemy\pool\base.py", line 448, in connect
    return _ConnectionFairy._checkout(self)
           ~~~~~~~~~~~~~~~~~~~~~~~~~~^^^^^^
  File "C:\Users\xihonglei\AppData\Local\Packages\PythonSoftwareFoundation.Python.3.13_qbz5n2kfra8p0\LocalCache\local-packages\Python313\site-packages\sqlalchemy\pool\base.py", line 1272, in _checkout
    fairy = _ConnectionRecord.checkout(pool)
  File "C:\Users\xihonglei\AppData\Local\Packages\PythonSoftwareFoundation.Python.3.13_qbz5n2kfra8p0\LocalCache\local-packages\Python313\site-packages\sqlalchemy\pool\base.py", line 712, in checkout
    rec = pool._do_get()
  File "C:\Users\xihonglei\AppData\Local\Packages\PythonSoftwareFoundation.Python.3.13_qbz5n2kfra8p0\LocalCache\local-packages\Python313\site-packages\sqlalchemy\pool\impl.py", line 166, in _do_get
    raise exc.TimeoutError(
    ...<4 lines>...
    )
sqlalchemy.exc.TimeoutError: QueuePool limit of size 5 overflow 10 reached, connection timed out, timeout 30.00 (Background on this error at: https://sqlalche.me/e/20/3o7r)
2026-03-08 17:45:27,170 - app - ERROR - 获取待办事项列表失败: QueuePool limit of size 5 overflow 10 reached, connection timed out, timeout 30.00 (Background on this error at: https://sqlalche.me/e/20/3o7r)
Traceback (most recent call last):
  File "E:\Seizure_monitoring\seizure_monitoring_python\app.py", line 864, in get_todo_list
    total = db.query(Todo).count()
  File "C:\Users\xihonglei\AppData\Local\Packages\PythonSoftwareFoundation.Python.3.13_qbz5n2kfra8p0\LocalCache\local-packages\Python313\site-packages\sqlalchemy\orm\query.py", line 3146, in count
    self._legacy_from_self(col).enable_eagerloads(False).scalar()
    ~~~~~~~~~~~~~~~~~~~~~~~~~~~~~~~~~~~~~~~~~~~~~~~~~~~~~~~~~~~^^
  File "C:\Users\xihonglei\AppData\Local\Packages\PythonSoftwareFoundation.Python.3.13_qbz5n2kfra8p0\LocalCache\local-packages\Python313\site-packages\sqlalchemy\orm\query.py", line 2835, in scalar
    ret = self.one()
  File "C:\Users\xihonglei\AppData\Local\Packages\PythonSoftwareFoundation.Python.3.13_qbz5n2kfra8p0\LocalCache\local-packages\Python313\site-packages\sqlalchemy\orm\query.py", line 2808, in one
    return self._iter().one()  # type: ignore
           ~~~~~~~~~~^^
  File "C:\Users\xihonglei\AppData\Local\Packages\PythonSoftwareFoundation.Python.3.13_qbz5n2kfra8p0\LocalCache\local-packages\Python313\site-packages\sqlalchemy\orm\query.py", line 2857, in _iter
    result: Union[ScalarResult[_T], Result[_T]] = self.session.execute(
                                                  ~~~~~~~~~~~~~~~~~~~~^
        statement,
        ^^^^^^^^^^
        params,
        ^^^^^^^
        execution_options={"_sa_orm_load_options": self.load_options},
        ^^^^^^^^^^^^^^^^^^^^^^^^^^^^^^^^^^^^^^^^^^^^^^^^^^^^^^^^^^^^^^
    )
    ^
  File "C:\Users\xihonglei\AppData\Local\Packages\PythonSoftwareFoundation.Python.3.13_qbz5n2kfra8p0\LocalCache\local-packages\Python313\site-packages\sqlalchemy\orm\session.py", line 2351, in execute
    return self._execute_internal(
           ~~~~~~~~~~~~~~~~~~~~~~^
        statement,
        ^^^^^^^^^^
    ...<4 lines>...
        _add_event=_add_event,
        ^^^^^^^^^^^^^^^^^^^^^^
    )
    ^
  File "C:\Users\xihonglei\AppData\Local\Packages\PythonSoftwareFoundation.Python.3.13_qbz5n2kfra8p0\LocalCache\local-packages\Python313\site-packages\sqlalchemy\orm\session.py", line 2239, in _execute_internal
    conn = self._connection_for_bind(bind)
  File "C:\Users\xihonglei\AppData\Local\Packages\PythonSoftwareFoundation.Python.3.13_qbz5n2kfra8p0\LocalCache\local-packages\Python313\site-packages\sqlalchemy\orm\session.py", line 2108, in _connection_for_bind
    return trans._connection_for_bind(engine, execution_options)
           ~~~~~~~~~~~~~~~~~~~~~~~~~~^^^^^^^^^^^^^^^^^^^^^^^^^^^
  File "<string>", line 2, in _connection_for_bind
  File "C:\Users\xihonglei\AppData\Local\Packages\PythonSoftwareFoundation.Python.3.13_qbz5n2kfra8p0\LocalCache\local-packages\Python313\site-packages\sqlalchemy\orm\state_changes.py", line 137, in _go
    ret_value = fn(self, *arg, **kw)
  File "C:\Users\xihonglei\AppData\Local\Packages\PythonSoftwareFoundation.Python.3.13_qbz5n2kfra8p0\LocalCache\local-packages\Python313\site-packages\sqlalchemy\orm\session.py", line 1187, in _connection_for_bind
    conn = bind.connect()
  File "C:\Users\xihonglei\AppData\Local\Packages\PythonSoftwareFoundation.Python.3.13_qbz5n2kfra8p0\LocalCache\local-packages\Python313\site-packages\sqlalchemy\engine\base.py", line 3293, in connect
    return self._connection_cls(self)
           ~~~~~~~~~~~~~~~~~~~~^^^^^^
  File "C:\Users\xihonglei\AppData\Local\Packages\PythonSoftwareFoundation.Python.3.13_qbz5n2kfra8p0\LocalCache\local-packages\Python313\site-packages\sqlalchemy\engine\base.py", line 143, in __init__
    self._dbapi_connection = engine.raw_connection()
                             ~~~~~~~~~~~~~~~~~~~~~^^
  File "C:\Users\xihonglei\AppData\Local\Packages\PythonSoftwareFoundation.Python.3.13_qbz5n2kfra8p0\LocalCache\local-packages\Python313\site-packages\sqlalchemy\engine\base.py", line 3317, in raw_connection
    return self.pool.connect()
           ~~~~~~~~~~~~~~~~~^^
  File "C:\Users\xihonglei\AppData\Local\Packages\PythonSoftwareFoundation.Python.3.13_qbz5n2kfra8p0\LocalCache\local-packages\Python313\site-packages\sqlalchemy\pool\base.py", line 448, in connect
    return _ConnectionFairy._checkout(self)
           ~~~~~~~~~~~~~~~~~~~~~~~~~~^^^^^^
  File "C:\Users\xihonglei\AppData\Local\Packages\PythonSoftwareFoundation.Python.3.13_qbz5n2kfra8p0\LocalCache\local-packages\Python313\site-packages\sqlalchemy\pool\base.py", line 1272, in _checkout
    fairy = _ConnectionRecord.checkout(pool)
  File "C:\Users\xihonglei\AppData\Local\Packages\PythonSoftwareFoundation.Python.3.13_qbz5n2kfra8p0\LocalCache\local-packages\Python313\site-packages\sqlalchemy\pool\base.py", line 712, in checkout
    rec = pool._do_get()
  File "C:\Users\xihonglei\AppData\Local\Packages\PythonSoftwareFoundation.Python.3.13_qbz5n2kfra8p0\LocalCache\local-packages\Python313\site-packages\sqlalchemy\pool\impl.py", line 166, in _do_get
    raise exc.TimeoutError(
    ...<4 lines>...
    )
sqlalchemy.exc.TimeoutError: QueuePool limit of size 5 overflow 10 reached, connection timed out, timeout 30.00 (Background on this error at: https://sqlalche.me/e/20/3o7r)
2026-03-08 17:45:27,170 - app - ERROR - 获取通知列表失败: QueuePool limit of size 5 overflow 10 reached, connection timed out, timeout 30.00 (Background on this error at: https://sqlalche.me/e/20/3o7r)
Traceback (most recent call last):
  File "E:\Seizure_monitoring\seizure_monitoring_python\app.py", line 909, in get_notification_list
    notifications = db.query(Notification).all()
  File "C:\Users\xihonglei\AppData\Local\Packages\PythonSoftwareFoundation.Python.3.13_qbz5n2kfra8p0\LocalCache\local-packages\Python313\site-packages\sqlalchemy\orm\query.py", line 2704, in all
    return self._iter().all()  # type: ignore
           ~~~~~~~~~~^^
  File "C:\Users\xihonglei\AppData\Local\Packages\PythonSoftwareFoundation.Python.3.13_qbz5n2kfra8p0\LocalCache\local-packages\Python313\site-packages\sqlalchemy\orm\query.py", line 2857, in _iter
    result: Union[ScalarResult[_T], Result[_T]] = self.session.execute(
                                                  ~~~~~~~~~~~~~~~~~~~~^
        statement,
        ^^^^^^^^^^
        params,
        ^^^^^^^
        execution_options={"_sa_orm_load_options": self.load_options},
        ^^^^^^^^^^^^^^^^^^^^^^^^^^^^^^^^^^^^^^^^^^^^^^^^^^^^^^^^^^^^^^
    )
    ^
  File "C:\Users\xihonglei\AppData\Local\Packages\PythonSoftwareFoundation.Python.3.13_qbz5n2kfra8p0\LocalCache\local-packages\Python313\site-packages\sqlalchemy\orm\session.py", line 2351, in execute
    return self._execute_internal(
           ~~~~~~~~~~~~~~~~~~~~~~^
        statement,
        ^^^^^^^^^^
    ...<4 lines>...
        _add_event=_add_event,
        ^^^^^^^^^^^^^^^^^^^^^^
    )
    ^
  File "C:\Users\xihonglei\AppData\Local\Packages\PythonSoftwareFoundation.Python.3.13_qbz5n2kfra8p0\LocalCache\local-packages\Python313\site-packages\sqlalchemy\orm\session.py", line 2239, in _execute_internal
    conn = self._connection_for_bind(bind)
  File "C:\Users\xihonglei\AppData\Local\Packages\PythonSoftwareFoundation.Python.3.13_qbz5n2kfra8p0\LocalCache\local-packages\Python313\site-packages\sqlalchemy\orm\session.py", line 2108, in _connection_for_bind
    return trans._connection_for_bind(engine, execution_options)
           ~~~~~~~~~~~~~~~~~~~~~~~~~~^^^^^^^^^^^^^^^^^^^^^^^^^^^
  File "<string>", line 2, in _connection_for_bind
  File "C:\Users\xihonglei\AppData\Local\Packages\PythonSoftwareFoundation.Python.3.13_qbz5n2kfra8p0\LocalCache\local-packages\Python313\site-packages\sqlalchemy\orm\state_changes.py", line 137, in _go
    ret_value = fn(self, *arg, **kw)
  File "C:\Users\xihonglei\AppData\Local\Packages\PythonSoftwareFoundation.Python.3.13_qbz5n2kfra8p0\LocalCache\local-packages\Python313\site-packages\sqlalchemy\orm\session.py", line 1187, in _connection_for_bind
    conn = bind.connect()
  File "C:\Users\xihonglei\AppData\Local\Packages\PythonSoftwareFoundation.Python.3.13_qbz5n2kfra8p0\LocalCache\local-packages\Python313\site-packages\sqlalchemy\engine\base.py", line 3293, in connect
    return self._connection_cls(self)
           ~~~~~~~~~~~~~~~~~~~~^^^^^^
  File "C:\Users\xihonglei\AppData\Local\Packages\PythonSoftwareFoundation.Python.3.13_qbz5n2kfra8p0\LocalCache\local-packages\Python313\site-packages\sqlalchemy\engine\base.py", line 143, in __init__
    self._dbapi_connection = engine.raw_connection()
                             ~~~~~~~~~~~~~~~~~~~~~^^
  File "C:\Users\xihonglei\AppData\Local\Packages\PythonSoftwareFoundation.Python.3.13_qbz5n2kfra8p0\LocalCache\local-packages\Python313\site-packages\sqlalchemy\engine\base.py", line 3317, in raw_connection
    return self.pool.connect()
           ~~~~~~~~~~~~~~~~~^^
  File "C:\Users\xihonglei\AppData\Local\Packages\PythonSoftwareFoundation.Python.3.13_qbz5n2kfra8p0\LocalCache\local-packages\Python313\site-packages\sqlalchemy\pool\base.py", line 448, in connect
    return _ConnectionFairy._checkout(self)
           ~~~~~~~~~~~~~~~~~~~~~~~~~~^^^^^^
  File "C:\Users\xihonglei\AppData\Local\Packages\PythonSoftwareFoundation.Python.3.13_qbz5n2kfra8p0\LocalCache\local-packages\Python313\site-packages\sqlalchemy\pool\base.py", line 1272, in _checkout
    fairy = _ConnectionRecord.checkout(pool)
  File "C:\Users\xihonglei\AppData\Local\Packages\PythonSoftwareFoundation.Python.3.13_qbz5n2kfra8p0\LocalCache\local-packages\Python313\site-packages\sqlalchemy\pool\base.py", line 712, in checkout
    rec = pool._do_get()
  File "C:\Users\xihonglei\AppData\Local\Packages\PythonSoftwareFoundation.Python.3.13_qbz5n2kfra8p0\LocalCache\local-packages\Python313\site-packages\sqlalchemy\pool\impl.py", line 166, in _do_get
    raise exc.TimeoutError(
    ...<4 lines>...
    )
sqlalchemy.exc.TimeoutError: QueuePool limit of size 5 overflow 10 reached, connection timed out, timeout 30.00 (Background on this error at: https://sqlalche.me/e/20/3o7r)
2026-03-08 17:45:29,461 - app - ERROR - 分页查询病人失败: QueuePool limit of size 5 overflow 10 reached, connection timed out, timeout 30.00 (Background on this error at: https://sqlalche.me/e/20/3o7r)
Traceback (most recent call last):
  File "E:\Seizure_monitoring\seizure_monitoring_python\app.py", line 961, in get_patient_list
    total = query.count()
  File "C:\Users\xihonglei\AppData\Local\Packages\PythonSoftwareFoundation.Python.3.13_qbz5n2kfra8p0\LocalCache\local-packages\Python313\site-packages\sqlalchemy\orm\query.py", line 3146, in count
    self._legacy_from_self(col).enable_eagerloads(False).scalar()
    ~~~~~~~~~~~~~~~~~~~~~~~~~~~~~~~~~~~~~~~~~~~~~~~~~~~~~~~~~~~^^
  File "C:\Users\xihonglei\AppData\Local\Packages\PythonSoftwareFoundation.Python.3.13_qbz5n2kfra8p0\LocalCache\local-packages\Python313\site-packages\sqlalchemy\orm\query.py", line 2835, in scalar
    ret = self.one()
  File "C:\Users\xihonglei\AppData\Local\Packages\PythonSoftwareFoundation.Python.3.13_qbz5n2kfra8p0\LocalCache\local-packages\Python313\site-packages\sqlalchemy\orm\query.py", line 2808, in one
    return self._iter().one()  # type: ignore
           ~~~~~~~~~~^^
  File "C:\Users\xihonglei\AppData\Local\Packages\PythonSoftwareFoundation.Python.3.13_qbz5n2kfra8p0\LocalCache\local-packages\Python313\site-packages\sqlalchemy\orm\query.py", line 2857, in _iter
    result: Union[ScalarResult[_T], Result[_T]] = self.session.execute(
                                                  ~~~~~~~~~~~~~~~~~~~~^
        statement,
        ^^^^^^^^^^
        params,
        ^^^^^^^
        execution_options={"_sa_orm_load_options": self.load_options},
        ^^^^^^^^^^^^^^^^^^^^^^^^^^^^^^^^^^^^^^^^^^^^^^^^^^^^^^^^^^^^^^
    )
    ^
  File "C:\Users\xihonglei\AppData\Local\Packages\PythonSoftwareFoundation.Python.3.13_qbz5n2kfra8p0\LocalCache\local-packages\Python313\site-packages\sqlalchemy\orm\session.py", line 2351, in execute
    return self._execute_internal(
           ~~~~~~~~~~~~~~~~~~~~~~^
        statement,
        ^^^^^^^^^^
    ...<4 lines>...
        _add_event=_add_event,
        ^^^^^^^^^^^^^^^^^^^^^^
    )
    ^
  File "C:\Users\xihonglei\AppData\Local\Packages\PythonSoftwareFoundation.Python.3.13_qbz5n2kfra8p0\LocalCache\local-packages\Python313\site-packages\sqlalchemy\orm\session.py", line 2239, in _execute_internal
    conn = self._connection_for_bind(bind)
  File "C:\Users\xihonglei\AppData\Local\Packages\PythonSoftwareFoundation.Python.3.13_qbz5n2kfra8p0\LocalCache\local-packages\Python313\site-packages\sqlalchemy\orm\session.py", line 2108, in _connection_for_bind
    return trans._connection_for_bind(engine, execution_options)
           ~~~~~~~~~~~~~~~~~~~~~~~~~~^^^^^^^^^^^^^^^^^^^^^^^^^^^
  File "<string>", line 2, in _connection_for_bind
  File "C:\Users\xihonglei\AppData\Local\Packages\PythonSoftwareFoundation.Python.3.13_qbz5n2kfra8p0\LocalCache\local-packages\Python313\site-packages\sqlalchemy\orm\state_changes.py", line 137, in _go
    ret_value = fn(self, *arg, **kw)
  File "C:\Users\xihonglei\AppData\Local\Packages\PythonSoftwareFoundation.Python.3.13_qbz5n2kfra8p0\LocalCache\local-packages\Python313\site-packages\sqlalchemy\orm\session.py", line 1187, in _connection_for_bind
    conn = bind.connect()
  File "C:\Users\xihonglei\AppData\Local\Packages\PythonSoftwareFoundation.Python.3.13_qbz5n2kfra8p0\LocalCache\local-packages\Python313\site-packages\sqlalchemy\engine\base.py", line 3293, in connect
    return self._connection_cls(self)
           ~~~~~~~~~~~~~~~~~~~~^^^^^^
  File "C:\Users\xihonglei\AppData\Local\Packages\PythonSoftwareFoundation.Python.3.13_qbz5n2kfra8p0\LocalCache\local-packages\Python313\site-packages\sqlalchemy\engine\base.py", line 143, in __init__
    self._dbapi_connection = engine.raw_connection()
                             ~~~~~~~~~~~~~~~~~~~~~^^
  File "C:\Users\xihonglei\AppData\Local\Packages\PythonSoftwareFoundation.Python.3.13_qbz5n2kfra8p0\LocalCache\local-packages\Python313\site-packages\sqlalchemy\engine\base.py", line 3317, in raw_connection
    return self.pool.connect()
           ~~~~~~~~~~~~~~~~~^^
  File "C:\Users\xihonglei\AppData\Local\Packages\PythonSoftwareFoundation.Python.3.13_qbz5n2kfra8p0\LocalCache\local-packages\Python313\site-packages\sqlalchemy\pool\base.py", line 448, in connect
    return _ConnectionFairy._checkout(self)
           ~~~~~~~~~~~~~~~~~~~~~~~~~~^^^^^^
  File "C:\Users\xihonglei\AppData\Local\Packages\PythonSoftwareFoundation.Python.3.13_qbz5n2kfra8p0\LocalCache\local-packages\Python313\site-packages\sqlalchemy\pool\base.py", line 1272, in _checkout
    fairy = _ConnectionRecord.checkout(pool)
  File "C:\Users\xihonglei\AppData\Local\Packages\PythonSoftwareFoundation.Python.3.13_qbz5n2kfra8p0\LocalCache\local-packages\Python313\site-packages\sqlalchemy\pool\base.py", line 712, in checkout
    rec = pool._do_get()
  File "C:\Users\xihonglei\AppData\Local\Packages\PythonSoftwareFoundation.Python.3.13_qbz5n2kfra8p0\LocalCache\local-packages\Python313\site-packages\sqlalchemy\pool\impl.py", line 166, in _do_get
    raise exc.TimeoutError(
    ...<4 lines>...
    )
sqlalchemy.exc.TimeoutError: QueuePool limit of size 5 overflow 10 reached, connection timed out, timeout 30.00 (Background on this error at: https://sqlalche.me/e/20/3o7r)
2026-03-08 17:45:56,229 - app - ERROR - 分页查询病人失败: QueuePool limit of size 5 overflow 10 reached, connection timed out, timeout 30.00 (Background on this error at: https://sqlalche.me/e/20/3o7r)
Traceback (most recent call last):
  File "E:\Seizure_monitoring\seizure_monitoring_python\app.py", line 961, in get_patient_list
    total = query.count()
  File "C:\Users\xihonglei\AppData\Local\Packages\PythonSoftwareFoundation.Python.3.13_qbz5n2kfra8p0\LocalCache\local-packages\Python313\site-packages\sqlalchemy\orm\query.py", line 3146, in count
    self._legacy_from_self(col).enable_eagerloads(False).scalar()
    ~~~~~~~~~~~~~~~~~~~~~~~~~~~~~~~~~~~~~~~~~~~~~~~~~~~~~~~~~~~^^
  File "C:\Users\xihonglei\AppData\Local\Packages\PythonSoftwareFoundation.Python.3.13_qbz5n2kfra8p0\LocalCache\local-packages\Python313\site-packages\sqlalchemy\orm\query.py", line 2835, in scalar
    ret = self.one()
  File "C:\Users\xihonglei\AppData\Local\Packages\PythonSoftwareFoundation.Python.3.13_qbz5n2kfra8p0\LocalCache\local-packages\Python313\site-packages\sqlalchemy\orm\query.py", line 2808, in one
    return self._iter().one()  # type: ignore
           ~~~~~~~~~~^^
  File "C:\Users\xihonglei\AppData\Local\Packages\PythonSoftwareFoundation.Python.3.13_qbz5n2kfra8p0\LocalCache\local-packages\Python313\site-packages\sqlalchemy\orm\query.py", line 2857, in _iter
    result: Union[ScalarResult[_T], Result[_T]] = self.session.execute(
                                                  ~~~~~~~~~~~~~~~~~~~~^
        statement,
        ^^^^^^^^^^
        params,
        ^^^^^^^
        execution_options={"_sa_orm_load_options": self.load_options},
        ^^^^^^^^^^^^^^^^^^^^^^^^^^^^^^^^^^^^^^^^^^^^^^^^^^^^^^^^^^^^^^
    )
    ^
  File "C:\Users\xihonglei\AppData\Local\Packages\PythonSoftwareFoundation.Python.3.13_qbz5n2kfra8p0\LocalCache\local-packages\Python313\site-packages\sqlalchemy\orm\session.py", line 2351, in execute
    return self._execute_internal(
           ~~~~~~~~~~~~~~~~~~~~~~^
        statement,
        ^^^^^^^^^^
    ...<4 lines>...
        _add_event=_add_event,
        ^^^^^^^^^^^^^^^^^^^^^^
    )
    ^
  File "C:\Users\xihonglei\AppData\Local\Packages\PythonSoftwareFoundation.Python.3.13_qbz5n2kfra8p0\LocalCache\local-packages\Python313\site-packages\sqlalchemy\orm\session.py", line 2239, in _execute_internal
    conn = self._connection_for_bind(bind)
  File "C:\Users\xihonglei\AppData\Local\Packages\PythonSoftwareFoundation.Python.3.13_qbz5n2kfra8p0\LocalCache\local-packages\Python313\site-packages\sqlalchemy\orm\session.py", line 2108, in _connection_for_bind
    return trans._connection_for_bind(engine, execution_options)
           ~~~~~~~~~~~~~~~~~~~~~~~~~~^^^^^^^^^^^^^^^^^^^^^^^^^^^
  File "<string>", line 2, in _connection_for_bind
  File "C:\Users\xihonglei\AppData\Local\Packages\PythonSoftwareFoundation.Python.3.13_qbz5n2kfra8p0\LocalCache\local-packages\Python313\site-packages\sqlalchemy\orm\state_changes.py", line 137, in _go
    ret_value = fn(self, *arg, **kw)
  File "C:\Users\xihonglei\AppData\Local\Packages\PythonSoftwareFoundation.Python.3.13_qbz5n2kfra8p0\LocalCache\local-packages\Python313\site-packages\sqlalchemy\orm\session.py", line 1187, in _connection_for_bind
    conn = bind.connect()
  File "C:\Users\xihonglei\AppData\Local\Packages\PythonSoftwareFoundation.Python.3.13_qbz5n2kfra8p0\LocalCache\local-packages\Python313\site-packages\sqlalchemy\engine\base.py", line 3293, in connect
    return self._connection_cls(self)
           ~~~~~~~~~~~~~~~~~~~~^^^^^^
  File "C:\Users\xihonglei\AppData\Local\Packages\PythonSoftwareFoundation.Python.3.13_qbz5n2kfra8p0\LocalCache\local-packages\Python313\site-packages\sqlalchemy\engine\base.py", line 143, in __init__
    self._dbapi_connection = engine.raw_connection()
                             ~~~~~~~~~~~~~~~~~~~~~^^
  File "C:\Users\xihonglei\AppData\Local\Packages\PythonSoftwareFoundation.Python.3.13_qbz5n2kfra8p0\LocalCache\local-packages\Python313\site-packages\sqlalchemy\engine\base.py", line 3317, in raw_connection
    return self.pool.connect()
           ~~~~~~~~~~~~~~~~~^^
  File "C:\Users\xihonglei\AppData\Local\Packages\PythonSoftwareFoundation.Python.3.13_qbz5n2kfra8p0\LocalCache\local-packages\Python313\site-packages\sqlalchemy\pool\base.py", line 448, in connect
    return _ConnectionFairy._checkout(self)
           ~~~~~~~~~~~~~~~~~~~~~~~~~~^^^^^^
  File "C:\Users\xihonglei\AppData\Local\Packages\PythonSoftwareFoundation.Python.3.13_qbz5n2kfra8p0\LocalCache\local-packages\Python313\site-packages\sqlalchemy\pool\base.py", line 1272, in _checkout
    fairy = _ConnectionRecord.checkout(pool)
  File "C:\Users\xihonglei\AppData\Local\Packages\PythonSoftwareFoundation.Python.3.13_qbz5n2kfra8p0\LocalCache\local-packages\Python313\site-packages\sqlalchemy\pool\base.py", line 712, in checkout
    rec = pool._do_get()
  File "C:\Users\xihonglei\AppData\Local\Packages\PythonSoftwareFoundation.Python.3.13_qbz5n2kfra8p0\LocalCache\local-packages\Python313\site-packages\sqlalchemy\pool\impl.py", line 166, in _do_get
    raise exc.TimeoutError(
    ...<4 lines>...
    )
sqlalchemy.exc.TimeoutError: QueuePool limit of size 5 overflow 10 reached, connection timed out, timeout 30.00 (Background on this error at: https://sqlalche.me/e/20/3o7r)
2026-03-08 17:45:59,548 - app - ERROR - 获取生命体征数据失败: QueuePool limit of size 5 overflow 10 reached, connection timed out, timeout 30.00 (Background on this error at: https://sqlalche.me/e/20/3o7r)
Traceback (most recent call last):
  File "E:\Seizure_monitoring\seizure_monitoring_python\app.py", line 2391, in get_ward_vitals
    ward = db.query(Ward).filter(Ward.id == ward_id).first()
  File "C:\Users\xihonglei\AppData\Local\Packages\PythonSoftwareFoundation.Python.3.13_qbz5n2kfra8p0\LocalCache\local-packages\Python313\site-packages\sqlalchemy\orm\query.py", line 2759, in first
    return self.limit(1)._iter().first()  # type: ignore
           ~~~~~~~~~~~~~~~~~~~^^
  File "C:\Users\xihonglei\AppData\Local\Packages\PythonSoftwareFoundation.Python.3.13_qbz5n2kfra8p0\LocalCache\local-packages\Python313\site-packages\sqlalchemy\orm\query.py", line 2857, in _iter
    result: Union[ScalarResult[_T], Result[_T]] = self.session.execute(
                                                  ~~~~~~~~~~~~~~~~~~~~^
        statement,
        ^^^^^^^^^^
        params,
        ^^^^^^^
        execution_options={"_sa_orm_load_options": self.load_options},
        ^^^^^^^^^^^^^^^^^^^^^^^^^^^^^^^^^^^^^^^^^^^^^^^^^^^^^^^^^^^^^^
    )
    ^
  File "C:\Users\xihonglei\AppData\Local\Packages\PythonSoftwareFoundation.Python.3.13_qbz5n2kfra8p0\LocalCache\local-packages\Python313\site-packages\sqlalchemy\orm\session.py", line 2351, in execute
    return self._execute_internal(
           ~~~~~~~~~~~~~~~~~~~~~~^
        statement,
        ^^^^^^^^^^
    ...<4 lines>...
        _add_event=_add_event,
        ^^^^^^^^^^^^^^^^^^^^^^
    )
    ^
  File "C:\Users\xihonglei\AppData\Local\Packages\PythonSoftwareFoundation.Python.3.13_qbz5n2kfra8p0\LocalCache\local-packages\Python313\site-packages\sqlalchemy\orm\session.py", line 2239, in _execute_internal
    conn = self._connection_for_bind(bind)
  File "C:\Users\xihonglei\AppData\Local\Packages\PythonSoftwareFoundation.Python.3.13_qbz5n2kfra8p0\LocalCache\local-packages\Python313\site-packages\sqlalchemy\orm\session.py", line 2108, in _connection_for_bind
    return trans._connection_for_bind(engine, execution_options)
           ~~~~~~~~~~~~~~~~~~~~~~~~~~^^^^^^^^^^^^^^^^^^^^^^^^^^^
  File "<string>", line 2, in _connection_for_bind
  File "C:\Users\xihonglei\AppData\Local\Packages\PythonSoftwareFoundation.Python.3.13_qbz5n2kfra8p0\LocalCache\local-packages\Python313\site-packages\sqlalchemy\orm\state_changes.py", line 137, in _go
    ret_value = fn(self, *arg, **kw)
  File "C:\Users\xihonglei\AppData\Local\Packages\PythonSoftwareFoundation.Python.3.13_qbz5n2kfra8p0\LocalCache\local-packages\Python313\site-packages\sqlalchemy\orm\session.py", line 1187, in _connection_for_bind
    conn = bind.connect()
  File "C:\Users\xihonglei\AppData\Local\Packages\PythonSoftwareFoundation.Python.3.13_qbz5n2kfra8p0\LocalCache\local-packages\Python313\site-packages\sqlalchemy\engine\base.py", line 3293, in connect
    return self._connection_cls(self)
           ~~~~~~~~~~~~~~~~~~~~^^^^^^
  File "C:\Users\xihonglei\AppData\Local\Packages\PythonSoftwareFoundation.Python.3.13_qbz5n2kfra8p0\LocalCache\local-packages\Python313\site-packages\sqlalchemy\engine\base.py", line 143, in __init__
    self._dbapi_connection = engine.raw_connection()
                             ~~~~~~~~~~~~~~~~~~~~~^^
  File "C:\Users\xihonglei\AppData\Local\Packages\PythonSoftwareFoundation.Python.3.13_qbz5n2kfra8p0\LocalCache\local-packages\Python313\site-packages\sqlalchemy\engine\base.py", line 3317, in raw_connection
    return self.pool.connect()
           ~~~~~~~~~~~~~~~~~^^
  File "C:\Users\xihonglei\AppData\Local\Packages\PythonSoftwareFoundation.Python.3.13_qbz5n2kfra8p0\LocalCache\local-packages\Python313\site-packages\sqlalchemy\pool\base.py", line 448, in connect
    return _ConnectionFairy._checkout(self)
           ~~~~~~~~~~~~~~~~~~~~~~~~~~^^^^^^
  File "C:\Users\xihonglei\AppData\Local\Packages\PythonSoftwareFoundation.Python.3.13_qbz5n2kfra8p0\LocalCache\local-packages\Python313\site-packages\sqlalchemy\pool\base.py", line 1272, in _checkout
    fairy = _ConnectionRecord.checkout(pool)
  File "C:\Users\xihonglei\AppData\Local\Packages\PythonSoftwareFoundation.Python.3.13_qbz5n2kfra8p0\LocalCache\local-packages\Python313\site-packages\sqlalchemy\pool\base.py", line 712, in checkout
    rec = pool._do_get()
  File "C:\Users\xihonglei\AppData\Local\Packages\PythonSoftwareFoundation.Python.3.13_qbz5n2kfra8p0\LocalCache\local-packages\Python313\site-packages\sqlalchemy\pool\impl.py", line 166, in _do_get
    raise exc.TimeoutError(
    ...<4 lines>...
    )
sqlalchemy.exc.TimeoutError: QueuePool limit of size 5 overflow 10 reached, connection timed out, timeout 30.00 (Background on this error at: https://sqlalche.me/e/20/3o7r)
2026-03-08 17:56:06,820 - app - INFO - 上传目录已存在: E:\Seizure_monitoring\Seizure_monitoring_python\uploads
2026-03-08 17:56:06,830 - app - INFO - 服务启动在 http://127.0.0.1:5001
2026-03-08 17:56:06,830 - app - INFO - 上传目录: E:\Seizure_monitoring\Seizure_monitoring_python\uploads
2026-03-08 17:56:11,239 - app - ERROR - AI聊天失败: name 'Response' is not defined
Traceback (most recent call last):
  File "E:\Seizure_monitoring\Seizure_monitoring_python\app.py", line 2505, in chat_with_patient
    return Response(generate(), content_type="text/event-stream")
           ^^^^^^^^
NameError: name 'Response' is not defined
2026-03-08 17:56:37,043 - app - INFO - 上传目录已存在: E:\Seizure_monitoring\Seizure_monitoring_python\uploads
2026-03-08 17:56:37,050 - app - INFO - 服务启动在 http://127.0.0.1:5001
2026-03-08 17:56:37,050 - app - INFO - 上传目录: E:\Seizure_monitoring\Seizure_monitoring_python\uploads
